Time,Alameda,Cabello,República de Chile con San Joaquín,San Juan con Escrivá de Balaguer,
2017-03-21 00:00:00,,,,,
2017-03-22 00:00:00,,159,,,
2017-03-23 00:00:00,,203,,,
2017-03-24 00:00:00,,207,,,
2017-03-25 00:00:00,,132,,,
2017-03-26 00:00:00,,86,,,
2017-03-27 00:00:00,,236,,,
2017-03-28 00:00:00,,283,,,
2017-03-29 00:00:00,,221,,,
2017-03-30 00:00:00,,280,,,
2017-03-31 00:00:00,,222,,,
2017-04-01 00:00:00,,109,,,
2017-04-02 00:00:00,,83,,,
2017-04-03 00:00:00,,221,,,
2017-04-04 00:00:00,,256,,,
2017-04-05 00:00:00,,262,,,
2017-04-06 00:00:00,,243,,,
2017-04-07 00:00:00,,209,,,
2017-04-08 00:00:00,,115,,,
2017-04-09 00:00:00,,70,,,
2017-04-10 00:00:00,,258,,,
2017-04-11 00:00:00,,214,,,
2017-04-12 00:00:00,,214,,,
2017-04-13 00:00:00,,215,,,
2017-04-14 00:00:00,,99,,,
2017-04-15 00:00:00,,78,,,
2017-04-16 00:00:00,,91,,,
2017-04-17 00:00:00,,243,,,
2017-04-18 00:00:00,,220,,,
2017-04-19 00:00:00,,81,,,
2017-04-20 00:00:00,,146,,,
2017-04-21 00:00:00,,217,,,
2017-04-22 00:00:00,,105,,,
2017-04-23 00:00:00,,90,,,
2017-04-24 00:00:00,,237,,,
2017-04-25 00:00:00,,189,,,
2017-04-26 00:00:00,,198,,,
2017-04-27 00:00:00,,234,,,
2017-04-28 00:00:00,,202,,,
2017-04-29 00:00:00,,121,,,
2017-04-30 00:00:00,,109,,,
2017-05-01 00:00:00,,62,,,
2017-05-02 00:00:00,,249,,,
2017-05-03 00:00:00,,259,,,
2017-05-04 00:00:00,,244,,,
2017-05-05 00:00:00,,234,,,
2017-05-06 00:00:00,,167,,,
2017-05-07 00:00:00,,36,,,
2017-05-08 00:00:00,,211,,,
2017-05-09 00:00:00,,256,,,
2017-05-10 00:00:00,,302,,,
2017-05-11 00:00:00,,90,,,
2017-05-12 00:00:00,,281,,,
2017-05-13 00:00:00,,140,,,
2017-05-14 00:00:00,,49,,,
2017-05-15 00:00:00,,235,,,
2017-05-16 00:00:00,,251,,,
2017-05-17 00:00:00,,149,,,
2017-05-18 00:00:00,,219,,,
2017-05-19 00:00:00,,198,,,
2017-05-20 00:00:00,,148,,,
2017-05-21 00:00:00,,105,,,
2017-05-22 00:00:00,,250,,,
2017-05-23 00:00:00,,257,,,
2017-05-24 00:00:00,,247,,,
2017-05-25 00:00:00,344,233,,,
2017-05-26 00:00:00,289,235,,,
2017-05-27 00:00:00,221,184,,,
2017-05-28 00:00:00,203,105,,,
2017-05-29 00:00:00,308,245,,,
2017-05-30 00:00:00,272,279,,,
2017-05-31 00:00:00,299,217,,,
2017-06-01 00:00:00,278,227,,,
2017-06-02 00:00:00,250,266,,,
2017-06-03 00:00:00,182,176,,,
2017-06-04 00:00:00,138,108,,,
2017-06-05 00:00:00,329,280,,,
2017-06-06 00:00:00,283,267,,,
2017-06-07 00:00:00,191,109,,,
2017-06-08 00:00:00,173,276,,,
2017-06-09 00:00:00,277,277,,,
2017-06-10 00:00:00,220,196,,,
2017-06-11 00:00:00,144,108,,,
2017-06-12 00:00:00,320,272,,,
2017-06-13 00:00:00,268,240,,,
2017-06-14 00:00:00,234,247,,,
2017-06-15 00:00:00,297,229,,,
2017-06-16 00:00:00,77,71,,,
2017-06-17 00:00:00,118,121,,,
2017-06-18 00:00:00,100,80,,,
2017-06-19 00:00:00,251,225,,,
2017-06-20 00:00:00,247,235,,,
2017-06-21 00:00:00,293,240,,,
2017-06-22 00:00:00,90,53,,,
2017-06-23 00:00:00,238,195,,,
2017-06-24 00:00:00,200,133,,,
2017-06-25 00:00:00,117,17,,,
2017-06-26 00:00:00,89,81,,,
2017-06-27 00:00:00,247,230,,,
2017-06-28 00:00:00,269,204,,,
2017-06-29 00:00:00,278,231,,,
2017-06-30 00:00:00,310,215,,,
2017-07-01 00:00:00,238,188,,,
2017-07-02 00:00:00,147,105,,,
2017-07-03 00:00:00,226,280,,,
2017-07-04 00:00:00,150,98,,,
2017-07-05 00:00:00,266,234,,,
2017-07-06 00:00:00,246,254,,,
2017-07-07 00:00:00,233,261,,,
2017-07-08 00:00:00,197,121,,,
2017-07-09 00:00:00,144,79,,,
2017-07-10 00:00:00,266,264,,,
2017-07-11 00:00:00,267,193,,,
2017-07-12 00:00:00,309,213,,,
2017-07-13 00:00:00,148,136,,,
2017-07-14 00:00:00,263,222,,,
2017-07-15 00:00:00,82,85,,,
2017-07-16 00:00:00,131,89,,,
2017-07-17 00:00:00,253,221,,,
2017-07-18 00:00:00,296,196,,,
2017-07-19 00:00:00,281,212,,,
2017-07-20 00:00:00,272,247,,,
2017-07-21 00:00:00,295,191,,,
2017-07-22 00:00:00,190,118,,,
2017-07-23 00:00:00,166,46,,,
2017-07-24 00:00:00,300,242,,,
2017-07-25 00:00:00,325,252,,,
2017-07-26 00:00:00,344,233,,,
2017-07-27 00:00:00,313,240,,,
2017-07-28 00:00:00,332,213,,,
2017-07-29 00:00:00,223,142,,,
2017-07-30 00:00:00,173,116,,,
2017-07-31 00:00:00,296,237,,,
2017-08-01 00:00:00,291,272,,,
2017-08-02 00:00:00,340,252,,,
2017-08-03 00:00:00,311,227,,,
2017-08-04 00:00:00,252,243,,,
2017-08-05 00:00:00,187,148,,,
2017-08-06 00:00:00,168,104,,,
2017-08-07 00:00:00,282,229,,,
2017-08-08 00:00:00,328,261,,,
2017-08-09 00:00:00,265,124,,,
2017-08-10 00:00:00,94,188,,,
2017-08-11 00:00:00,77,152,,,
2017-08-12 00:00:00,197,199,,,
2017-08-13 00:00:00,92,57,,,
2017-08-14 00:00:00,235,222,,,
2017-08-15 00:00:00,195,122,,,
2017-08-16 00:00:00,345,319,,,
2017-08-17 00:00:00,355,251,,,
2017-08-18 00:00:00,234,155,,,
2017-08-19 00:00:00,188,175,,,
2017-08-20 00:00:00,177,138,,,
2017-08-21 00:00:00,367,326,,,
2017-08-22 00:00:00,344,184,,,
2017-08-23 00:00:00,229,210,,,
2017-08-24 00:00:00,312,268,,,
2017-08-25 00:00:00,292,214,,,
2017-08-26 00:00:00,208,189,,,
2017-08-27 00:00:00,176,147,,,
2017-08-28 00:00:00,256,117,,,
2017-08-29 00:00:00,303,322,,,
2017-08-30 00:00:00,353,275,,,
2017-08-31 00:00:00,312,277,,,
2017-09-01 00:00:00,290,223,,,
2017-09-02 00:00:00,238,161,,,
2017-09-03 00:00:00,189,130,,,
2017-09-04 00:00:00,341,297,,,
2017-09-05 00:00:00,348,274,,,
2017-09-06 00:00:00,342,298,,,
2017-09-07 00:00:00,364,260,,,
2017-09-08 00:00:00,338,295,,,
2017-09-09 00:00:00,227,166,,,
2017-09-10 00:00:00,126,91,,,
2017-09-11 00:00:00,332,277,,,
2017-09-12 00:00:00,330,256,,,
2017-09-13 00:00:00,316,300,,,
2017-09-14 00:00:00,278,264,,,
2017-09-15 00:00:00,340,291,,,
2017-09-16 00:00:00,207,203,,,
2017-09-17 00:00:00,159,116,,,
2017-09-18 00:00:00,79,101,,,
2017-09-19 00:00:00,118,77,,,
2017-09-20 00:00:00,369,310,,,
2017-09-21 00:00:00,397,332,,,
2017-09-22 00:00:00,423,327,,,
2017-09-23 00:00:00,327,208,,,
2017-09-24 00:00:00,391,134,,,
2017-09-25 00:00:00,361,302,,,
2017-09-26 00:00:00,421,293,,,
2017-09-27 00:00:00,456,316,,,
2017-09-28 00:00:00,392,236,,,
2017-09-29 00:00:00,378,249,,,
2017-09-30 00:00:00,66,118,,,
2017-10-01 00:00:00,196,124,,,
2017-10-02 00:00:00,401,272,,,
2017-10-03 00:00:00,394,284,,,
2017-10-04 00:00:00,231,169,,,
2017-10-05 00:00:00,319,263,,,
2017-10-06 00:00:00,348,347,,,
2017-10-07 00:00:00,249,153,,,
2017-10-08 00:00:00,249,169,,,
2017-10-09 00:00:00,310,178,,,
2017-10-10 00:00:00,393,352,,,
2017-10-11 00:00:00,436,293,,,
2017-10-12 00:00:00,442,307,,,
2017-10-13 00:00:00,448,332,,,
2017-10-14 00:00:00,321,205,,,
2017-10-15 00:00:00,279,127,,,
2017-10-16 00:00:00,468,302,,,
2017-10-17 00:00:00,415,302,,,
2017-10-18 00:00:00,456,341,,,
2017-10-19 00:00:00,463,346,,,
2017-10-20 00:00:00,426,270,,,
2017-10-21 00:00:00,545,209,,,
2017-10-22 00:00:00,298,159,,,
2017-10-23 00:00:00,489,394,,,
2017-10-24 00:00:00,486,341,,,
2017-10-25 00:00:00,485,371,,,
2017-10-26 00:00:00,482,310,,,
2017-10-27 00:00:00,364,178,,,
2017-10-28 00:00:00,329,154,,,
2017-10-29 00:00:00,271,129,,,
2017-10-30 00:00:00,482,305,,,
2017-10-31 00:00:00,461,272,,,
2017-11-01 00:00:00,224,130,,,
2017-11-02 00:00:00,227,287,,,
2017-11-03 00:00:00,406,303,,,
2017-11-04 00:00:00,309,153,,,
2017-11-05 00:00:00,293,160,,,
2017-11-06 00:00:00,455,309,,,
2017-11-07 00:00:00,491,314,,,
2017-11-08 00:00:00,510,350,,,
2017-11-09 00:00:00,492,292,,,
2017-11-10 00:00:00,485,297,,,
2017-11-11 00:00:00,387,227,,,
2017-11-12 00:00:00,257,145,,,
2017-11-13 00:00:00,492,296,,,
2017-11-14 00:00:00,530,354,,,
2017-11-15 00:00:00,482,325,,,
2017-11-16 00:00:00,482,327,,,
2017-11-17 00:00:00,449,355,,,
2017-11-18 00:00:00,377,257,,,
2017-11-19 00:00:00,375,239,,,
2017-11-20 00:00:00,502,300,,,
2017-11-21 00:00:00,498,325,,,
2017-11-22 00:00:00,510,373,,,
2017-11-23 00:00:00,510,308,,,
2017-11-24 00:00:00,535,314,,,
2017-11-25 00:00:00,366,233,,,
2017-11-26 00:00:00,302,130,,,
2017-11-27 00:00:00,543,292,,,
2017-11-28 00:00:00,566,305,,,
2017-11-29 00:00:00,575,310,,,
2017-11-30 00:00:00,524,284,,,
2017-12-01 00:00:00,452,364,,,
2017-12-02 00:00:00,332,200,,,
2017-12-03 00:00:00,280,144,,,
2017-12-04 00:00:00,520,329,,,
2017-12-05 00:00:00,537,334,,,
2017-12-06 00:00:00,545,339,,,
2017-12-07 00:00:00,471,331,,,
2017-12-08 00:00:00,298,144,,,
2017-12-09 00:00:00,339,249,,,
2017-12-10 00:00:00,270,132,,,
2017-12-11 00:00:00,515,369,,,
2017-12-12 00:00:00,523,314,,,
2017-12-13 00:00:00,585,359,,,
2017-12-14 00:00:00,556,309,,,
2017-12-15 00:00:00,473,348,,,
2017-12-16 00:00:00,350,201,,,
2017-12-17 00:00:00,343,194,,,
2017-12-18 00:00:00,544,309,,,
2017-12-19 00:00:00,557,384,,,
2017-12-20 00:00:00,518,405,,,
2017-12-21 00:00:00,506,313,,,
2017-12-22 00:00:00,462,307,,,
2017-12-23 00:00:00,345,257,,,
2017-12-24 00:00:00,248,151,,,
2017-12-25 00:00:00,227,124,,,
2017-12-26 00:00:00,621,378,,,
2017-12-27 00:00:00,567,425,,,
2017-12-28 00:00:00,584,344,,,
2017-12-29 00:00:00,467,341,,,
2017-12-30 00:00:00,404,226,,,
2017-12-31 00:00:00,254,160,,,
2018-01-01 00:00:00,165,107,,,
2018-01-02 00:00:00,612,352,,,
2018-01-03 00:00:00,617,419,,,
2018-01-04 00:00:00,592,356,,,
2018-01-05 00:00:00,530,355,,,
2018-01-06 00:00:00,411,205,,,
2018-01-07 00:00:00,310,178,,,
2018-01-08 00:00:00,568,380,,,
2018-01-09 00:00:00,581,272,,,
2018-01-10 00:00:00,589,390,,,
2018-01-11 00:00:00,560,337,,,
2018-01-12 00:00:00,539,326,,,
2018-01-13 00:00:00,449,227,,,
2018-01-14 00:00:00,394,159,,,
2018-01-15 00:00:00,567,350,,,
2018-01-16 00:00:00,593,377,,,
2018-01-17 00:00:00,571,378,,,
2018-01-18 00:00:00,609,326,,,
2018-01-19 00:00:00,560,331,,,
2018-01-20 00:00:00,433,230,,,
2018-01-21 00:00:00,380,135,,,
2018-01-22 00:00:00,604,391,,,
2018-01-23 00:00:00,640,382,,,
2018-01-24 00:00:00,646,451,,,
2018-01-25 00:00:00,639,355,,,
2018-01-26 00:00:00,556,350,,,
2018-01-27 00:00:00,486,272,,,
2018-01-28 00:00:00,377,196,,,
2018-01-29 00:00:00,642,343,,,
2018-01-30 00:00:00,667,412,,,
2018-01-31 00:00:00,669,381,,,
2018-02-01 00:00:00,585,353,,,
2018-02-02 00:00:00,537,380,,,
2018-02-03 00:00:00,436,253,,,
2018-02-04 00:00:00,362,147,,,
2018-02-05 00:00:00,573,402,,,
2018-02-06 00:00:00,600,367,,,
2018-02-07 00:00:00,575,466,,,
2018-02-08 00:00:00,595,353,,,
2018-02-09 00:00:00,549,342,,,
2018-02-10 00:00:00,452,235,,,
2018-02-11 00:00:00,325,168,,,
2018-02-12 00:00:00,615,346,,,
2018-02-13 00:00:00,620,358,,,
2018-02-14 00:00:00,568,349,,,
2018-02-15 00:00:00,540,267,,,
2018-02-16 00:00:00,514,324,,,
2018-02-17 00:00:00,395,185,,,
2018-02-18 00:00:00,339,167,,,
2018-02-19 00:00:00,579,359,,,
2018-02-20 00:00:00,537,334,,,
2018-02-21 00:00:00,573,331,,,
2018-02-22 00:00:00,579,354,,,
2018-02-23 00:00:00,562,304,,,
2018-02-24 00:00:00,436,281,,,
2018-02-25 00:00:00,343,126,,,
2018-02-26 00:00:00,658,326,,,
2018-02-27 00:00:00,633,294,,,
2018-02-28 00:00:00,619,390,,,
2018-03-01 00:00:00,670,329,,,
2018-03-02 00:00:00,572,371,,,
2018-03-03 00:00:00,433,331,,,
2018-03-04 00:00:00,339,132,,,
2018-03-05 00:00:00,645,359,,,
2018-03-06 00:00:00,634,334,,,
2018-03-07 00:00:00,688,404,,,
2018-03-08 00:00:00,707,353,,,
2018-03-09 00:00:00,654,379,,,
2018-03-10 00:00:00,494,273,,,
2018-03-11 00:00:00,378,148,,,
2018-03-12 00:00:00,711,400,,,
2018-03-13 00:00:00,638,335,,,
2018-03-14 00:00:00,658,370,,,
2018-03-15 00:00:00,692,341,,,
2018-03-16 00:00:00,666,345,,,
2018-03-17 00:00:00,422,146,,,
2018-03-18 00:00:00,324,120,,,
2018-03-19 00:00:00,687,370,,,
2018-03-20 00:00:00,732,352,,,
2018-03-21 00:00:00,684,387,,,
2018-03-22 00:00:00,749,313,,,
2018-03-23 00:00:00,661,377,,,
2018-03-24 00:00:00,490,257,,,
2018-03-25 00:00:00,423,136,,,
2018-03-26 00:00:00,721,375,,,
2018-03-27 00:00:00,769,322,,,
2018-03-28 00:00:00,757,339,,,
2018-03-29 00:00:00,705,374,,,
2018-03-30 00:00:00,438,216,,,
2018-03-31 00:00:00,383,290,,,
2018-04-01 00:00:00,417,157,,,
2018-04-02 00:00:00,801,393,,,
2018-04-03 00:00:00,810,378,,,
2018-04-04 00:00:00,771,355,,,
2018-04-05 00:00:00,705,311,,,
2018-04-06 00:00:00,626,356,,,
2018-04-07 00:00:00,457,263,,,
2018-04-08 00:00:00,417,167,,,
2018-04-09 00:00:00,788,332,,,
2018-04-10 00:00:00,772,282,,,
2018-04-11 00:00:00,663,258,,,
2018-04-12 00:00:00,745,309,,,
2018-04-13 00:00:00,664,286,,,
2018-04-14 00:00:00,614,238,,,
2018-04-15 00:00:00,396,182,,,
2018-04-16 00:00:00,745,325,,,
2018-04-17 00:00:00,693,289,,,
2018-04-18 00:00:00,728,305,,,
2018-04-19 00:00:00,711,318,,,
2018-04-20 00:00:00,710,311,,,
2018-04-21 00:00:00,530,251,,,
2018-04-22 00:00:00,432,151,,,
2018-04-23 00:00:00,733,368,,,
2018-04-24 00:00:00,711,289,,,
2018-04-25 00:00:00,775,356,,,
2018-04-26 00:00:00,743,324,,,
2018-04-27 00:00:00,722,335,,,
2018-04-28 00:00:00,510,221,,,
2018-04-29 00:00:00,359,102,,,
2018-04-30 00:00:00,578,282,,,
2018-05-01 00:00:00,372,125,,,
2018-05-02 00:00:00,691,344,,,
2018-05-03 00:00:00,705,324,,,
2018-05-04 00:00:00,695,372,,,
2018-05-05 00:00:00,577,236,,,
2018-05-06 00:00:00,469,144,,,
2018-05-07 00:00:00,797,329,,,
2018-05-08 00:00:00,870,343,,,
2018-05-09 00:00:00,755,324,,,
2018-05-10 00:00:00,744,305,,,
2018-05-11 00:00:00,709,341,,,
2018-05-12 00:00:00,537,260,,,
2018-05-13 00:00:00,383,134,,,
2018-05-14 00:00:00,691,305,,,
2018-05-15 00:00:00,689,302,,,
2018-05-16 00:00:00,650,300,,,
2018-05-17 00:00:00,750,303,,,
2018-05-18 00:00:00,704,349,,,
2018-05-19 00:00:00,498,257,,,
2018-05-20 00:00:00,406,172,,,
2018-05-21 00:00:00,424,166,,,
2018-05-22 00:00:00,710,268,,,
2018-05-23 00:00:00,768,304,,,
2018-05-24 00:00:00,722,291,,,
2018-05-25 00:00:00,723,293,,,
2018-05-26 00:00:00,375,213,,,
2018-05-27 00:00:00,371,113,,,
2018-05-28 00:00:00,525,216,,,
2018-05-29 00:00:00,178,101,,,
2018-05-30 00:00:00,518,270,,,
2018-05-31 00:00:00,546,258,,,
2018-06-01 00:00:00,548,267,,,
2018-06-02 00:00:00,398,199,,,
2018-06-03 00:00:00,368,110,,,
2018-06-04 00:00:00,514,255,,,
2018-06-05 00:00:00,440,239,,,
2018-06-06 00:00:00,514,292,,,
2018-06-07 00:00:00,595,266,,,
2018-06-08 00:00:00,633,261,,,
2018-06-09 00:00:00,292,113,,,
2018-06-10 00:00:00,160,52,,,
2018-06-11 00:00:00,193,77,,,
2018-06-12 00:00:00,467,295,,,
2018-06-13 00:00:00,560,283,,,
2018-06-14 00:00:00,539,258,,,
2018-06-15 00:00:00,534,282,,,
2018-06-16 00:00:00,409,202,,,
2018-06-17 00:00:00,357,105,,,
2018-06-18 00:00:00,616,288,,,
2018-06-19 00:00:00,667,230,,,
2018-06-20 00:00:00,628,327,,,
2018-06-21 00:00:00,563,288,,,
2018-06-22 00:00:00,594,247,,,
2018-06-23 00:00:00,446,226,,,
2018-06-24 00:00:00,147,113,,,
2018-06-25 00:00:00,625,245,,,
2018-06-26 00:00:00,569,263,,,
2018-06-27 00:00:00,625,293,,,
2018-06-28 00:00:00,540,223,,,
2018-06-29 00:00:00,599,278,,,
2018-06-30 00:00:00,412,151,,,
2018-07-01 00:00:00,174,46,,,
2018-07-02 00:00:00,310,115,,,
2018-07-03 00:00:00,555,282,,,
2018-07-04 00:00:00,270,92,,,
2018-07-05 00:00:00,145,103,,,
2018-07-06 00:00:00,154,169,,,
2018-07-07 00:00:00,400,198,,,
2018-07-08 00:00:00,367,122,,,
2018-07-09 00:00:00,618,276,,,
2018-07-10 00:00:00,527,207,,,
2018-07-11 00:00:00,584,249,,,
2018-07-12 00:00:00,660,263,,,
2018-07-13 00:00:00,579,280,,,
2018-07-14 00:00:00,408,200,,,
2018-07-15 00:00:00,276,100,,,
2018-07-16 00:00:00,362,112,,,
2018-07-17 00:00:00,578,250,,,
2018-07-18 00:00:00,533,276,,,
2018-07-19 00:00:00,551,227,,,
2018-07-20 00:00:00,558,238,,,
2018-07-21 00:00:00,404,138,,,
2018-07-22 00:00:00,313,84,,,
2018-07-23 00:00:00,554,265,,,
2018-07-24 00:00:00,635,248,,,
2018-07-25 00:00:00,637,257,,,
2018-07-26 00:00:00,616,225,,,
2018-07-27 00:00:00,361,213,,,
2018-07-28 00:00:00,482,192,,,
2018-07-29 00:00:00,301,96,,,
2018-07-30 00:00:00,626,280,,,
2018-07-31 00:00:00,564,191,,,
2018-08-01 00:00:00,642,255,,,
2018-08-02 00:00:00,572,220,,,
2018-08-03 00:00:00,611,248,,,
2018-08-04 00:00:00,404,166,,,
2018-08-05 00:00:00,296,118,,,
2018-08-06 00:00:00,542,261,,,
2018-08-07 00:00:00,486,316,,,
2018-08-08 00:00:00,697,287,,,
2018-08-09 00:00:00,714,267,,,
2018-08-10 00:00:00,702,288,,,
2018-08-11 00:00:00,506,240,,,
2018-08-12 00:00:00,395,137,,,
2018-08-13 00:00:00,695,270,,,
2018-08-14 00:00:00,744,326,,,
2018-08-15 00:00:00,473,196,,,
2018-08-16 00:00:00,769,341,,,
2018-08-17 00:00:00,696,298,,,
2018-08-18 00:00:00,464,218,,,
2018-08-19 00:00:00,392,169,,,
2018-08-20 00:00:00,758,341,,,
2018-08-21 00:00:00,822,268,,,
2018-08-22 00:00:00,612,276,,,
2018-08-23 00:00:00,194,164,,,
2018-08-24 00:00:00,621,261,,,
2018-08-25 00:00:00,463,202,,,
2018-08-26 00:00:00,443,178,,,
2018-08-27 00:00:00,731,327,,,
2018-08-28 00:00:00,741,281,,,
2018-08-29 00:00:00,729,330,,,
2018-08-30 00:00:00,637,314,,,
2018-08-31 00:00:00,570,303,,,
2018-09-01 00:00:00,412,209,,,
2018-09-02 00:00:00,393,156,,,
2018-09-03 00:00:00,784,355,,,
2018-09-04 00:00:00,832,340,,,
2018-09-05 00:00:00,732,337,,,
2018-09-06 00:00:00,726,313,,,
2018-09-07 00:00:00,739,347,,,
2018-09-08 00:00:00,560,250,,,
2018-09-09 00:00:00,425,134,,,
2018-09-10 00:00:00,791,320,,,
2018-09-11 00:00:00,800,344,,,
2018-09-12 00:00:00,807,338,,,
2018-09-13 00:00:00,727,297,,,
2018-09-14 00:00:00,691,322,,,
2018-09-15 00:00:00,332,204,,,
2018-09-16 00:00:00,317,135,,,
2018-09-17 00:00:00,246,67,,,
2018-09-18 00:00:00,148,71,,,
2018-09-19 00:00:00,256,127,,,
2018-09-20 00:00:00,560,301,,,
2018-09-21 00:00:00,730,340,,,
2018-09-22 00:00:00,604,198,,,
2018-09-23 00:00:00,410,154,,,
2018-09-24 00:00:00,819,354,,,
2018-09-25 00:00:00,817,322,,,
2018-09-26 00:00:00,868,370,,,
2018-09-27 00:00:00,677,267,,,
2018-09-28 00:00:00,667,163,,,
2018-09-29 00:00:00,307,238,,,
2018-09-30 00:00:00,332,171,,,
2018-10-01 00:00:00,851,401,,,
2018-10-02 00:00:00,880,383,,,
2018-10-03 00:00:00,923,357,,,
2018-10-04 00:00:00,858,397,,,
2018-10-05 00:00:00,794,374,,,
2018-10-06 00:00:00,639,237,,,
2018-10-07 00:00:00,370,128,,,
2018-10-08 00:00:00,743,266,,,
2018-10-09 00:00:00,825,391,,,
2018-10-10 00:00:00,858,358,,,
2018-10-11 00:00:00,804,372,,,
2018-10-12 00:00:00,743,341,,,
2018-10-13 00:00:00,545,256,,,
2018-10-14 00:00:00,425,134,,,
2018-10-15 00:00:00,585,167,,,
2018-10-16 00:00:00,802,405,,,
2018-10-17 00:00:00,890,364,,,
2018-10-18 00:00:00,884,382,,,
2018-10-19 00:00:00,917,421,,,
2018-10-20 00:00:00,693,264,,,
2018-10-21 00:00:00,548,172,,,
2018-10-22 00:00:00,920,378,,,
2018-10-23 00:00:00,937,375,,,
2018-10-24 00:00:00,992,390,,,
2018-10-25 00:00:00,966,395,,,
2018-10-26 00:00:00,990,377,,,
2018-10-27 00:00:00,731,287,,,
2018-10-28 00:00:00,528,130,,,
2018-10-29 00:00:00,672,196,,,
2018-10-30 00:00:00,712,344,,,
2018-10-31 00:00:00,935,425,,,
2018-11-01 00:00:00,500,182,,,
2018-11-02 00:00:00,515,142,,,
2018-11-03 00:00:00,636,281,,,
2018-11-04 00:00:00,571,178,,,
2018-11-05 00:00:00,1038,414,,,
2018-11-06 00:00:00,990,404,,,
2018-11-07 00:00:00,1062,400,,,
2018-11-08 00:00:00,1028,396,,,
2018-11-09 00:00:00,1027,413,,,
2018-11-10 00:00:00,730,266,,,
2018-11-11 00:00:00,496,153,,,
2018-11-12 00:00:00,941,378,,,
2018-11-13 00:00:00,799,390,,,
2018-11-14 00:00:00,1030,410,,,
2018-11-15 00:00:00,1013,333,,,
2018-11-16 00:00:00,960,377,,,
2018-11-17 00:00:00,684,246,,,
2018-11-18 00:00:00,640,159,,,
2018-11-19 00:00:00,968,355,,,
2018-11-20 00:00:00,1088,373,,,
2018-11-21 00:00:00,1151,423,,,
2018-11-22 00:00:00,1034,373,,,
2018-11-23 00:00:00,994,372,,,
2018-11-24 00:00:00,736,276,,,
2018-11-25 00:00:00,533,208,,,
2018-11-26 00:00:00,1089,356,,,
2018-11-27 00:00:00,1150,366,,,
2018-11-28 00:00:00,1160,396,,,
2018-11-29 00:00:00,1123,356,,,
2018-11-30 00:00:00,1013,355,,,
2018-12-01 00:00:00,736,278,,,
2018-12-02 00:00:00,578,195,,,
2018-12-03 00:00:00,1064,348,,,
2018-12-04 00:00:00,848,395,,,
2018-12-05 00:00:00,1007,409,,,
2018-12-06 00:00:00,1065,360,,,
2018-12-07 00:00:00,982,347,,,
2018-12-08 00:00:00,522,176,,,
2018-12-09 00:00:00,504,125,,,
2018-12-10 00:00:00,1074,366,,,
2018-12-11 00:00:00,1062,368,,,
2018-12-12 00:00:00,1075,397,,,
2018-12-13 00:00:00,1074,367,,,
2018-12-14 00:00:00,927,363,,,
2018-12-15 00:00:00,705,268,,,
2018-12-16 00:00:00,531,166,,,
2018-12-17 00:00:00,1079,381,,,
2018-12-18 00:00:00,1038,363,,,
2018-12-19 00:00:00,1003,401,,,
2018-12-20 00:00:00,981,413,,,
2018-12-21 00:00:00,923,315,,,
2018-12-22 00:00:00,760,259,,,
2018-12-23 00:00:00,528,179,,,
2018-12-24 00:00:00,779,259,,,
2018-12-25 00:00:00,379,173,,,
2018-12-26 00:00:00,1053,369,,,
2018-12-27 00:00:00,1090,349,,,
2018-12-28 00:00:00,1018,362,,,
2018-12-29 00:00:00,710,268,,,
2018-12-30 00:00:00,525,181,,,
2018-12-31 00:00:00,672,252,,,
2019-01-01 00:00:00,312,100,,,
2019-01-02 00:00:00,1057,330,,,
2019-01-03 00:00:00,1107,369,,,
2019-01-04 00:00:00,1101,361,,,
2019-01-05 00:00:00,705,277,,,
2019-01-06 00:00:00,561,149,,,
2019-01-07 00:00:00,994,412,,,
2019-01-08 00:00:00,1078,364,,,
2019-01-09 00:00:00,1087,448,,,
2019-01-10 00:00:00,1141,366,,,
2019-01-11 00:00:00,1085,380,,,
2019-01-12 00:00:00,746,307,,,
2019-01-13 00:00:00,593,168,,,
2019-01-14 00:00:00,1103,450,,,
2019-01-15 00:00:00,1129,374,,,
2019-01-16 00:00:00,1170,372,,,
2019-01-17 00:00:00,1139,369,,,
2019-01-18 00:00:00,1058,369,,,
2019-01-19 00:00:00,687,265,,,
2019-01-20 00:00:00,488,164,,,
2019-01-21 00:00:00,1094,364,,,
2019-01-22 00:00:00,1116,364,,,
2019-01-23 00:00:00,1142,421,,,
2019-01-24 00:00:00,1167,374,,,
2019-01-25 00:00:00,1019,345,,,
2019-01-26 00:00:00,737,196,,,
2019-01-27 00:00:00,610,153,,,
2019-01-28 00:00:00,1064,326,,,
2019-01-29 00:00:00,1111,366,,,
2019-01-30 00:00:00,1249,362,,,
2019-01-31 00:00:00,1074,301,,,
2019-02-01 00:00:00,1045,315,,,
2019-02-02 00:00:00,690,301,,,
2019-02-03 00:00:00,481,151,,,
2019-02-04 00:00:00,1053,360,,,
2019-02-05 00:00:00,1121,337,,,
2019-02-06 00:00:00,1089,381,,,
2019-02-07 00:00:00,1093,323,,,
2019-02-08 00:00:00,1029,365,,,
2019-02-09 00:00:00,757,273,,,
2019-02-10 00:00:00,531,132,,,
2019-02-11 00:00:00,999,376,,,
2019-02-12 00:00:00,1073,352,,,
2019-02-13 00:00:00,1102,415,,,
2019-02-14 00:00:00,1023,384,,,
2019-02-15 00:00:00,1052,336,,,
2019-02-16 00:00:00,739,277,,,
2019-02-17 00:00:00,490,179,,,
2019-02-18 00:00:00,1050,359,,,
2019-02-19 00:00:00,1106,330,,,
2019-02-20 00:00:00,1062,388,,,
2019-02-21 00:00:00,1001,314,,,
2019-02-22 00:00:00,916,383,,,
2019-02-23 00:00:00,733,271,,,
2019-02-24 00:00:00,519,162,,,
2019-02-25 00:00:00,1112,399,,,
2019-02-26 00:00:00,1033,385,,,
2019-02-27 00:00:00,1038,401,,,
2019-02-28 00:00:00,981,346,,,
2019-03-01 00:00:00,937,330,,,
2019-03-02 00:00:00,689,256,,,
2019-03-03 00:00:00,532,166,,,
2019-03-04 00:00:00,1084,343,,,
2019-03-05 00:00:00,1087,340,,,
2019-03-06 00:00:00,1095,359,,,
2019-03-07 00:00:00,1088,381,,,
2019-03-08 00:00:00,955,390,,,
2019-03-09 00:00:00,734,345,,,
2019-03-10 00:00:00,624,169,,,
2019-03-11 00:00:00,1147,375,,,
2019-03-12 00:00:00,1185,338,,,
2019-03-13 00:00:00,1067,411,,,
2019-03-14 00:00:00,1118,393,,,
2019-03-15 00:00:00,1043,318,,,
2019-03-16 00:00:00,761,259,,,
2019-03-17 00:00:00,570,128,,,
2019-03-18 00:00:00,1124,430,,,
2019-03-19 00:00:00,1172,372,,,
2019-03-20 00:00:00,1099,378,,,
2019-03-21 00:00:00,1183,340,,,
2019-03-22 00:00:00,1075,366,,,
2019-03-23 00:00:00,711,257,,,
2019-03-24 00:00:00,505,175,,,
2019-03-25 00:00:00,1070,374,,,
2019-03-26 00:00:00,1159,332,,,
2019-03-27 00:00:00,1163,338,,,
2019-03-28 00:00:00,1128,302,,,
2019-03-29 00:00:00,1049,327,,,
2019-03-30 00:00:00,656,242,,,
2019-03-31 00:00:00,457,154,,,
2019-04-01 00:00:00,1068,371,,,
2019-04-02 00:00:00,1049,330,,,
2019-04-03 00:00:00,1114,349,,,
2019-04-04 00:00:00,1080,344,,,
2019-04-05 00:00:00,1046,365,,,
2019-04-06 00:00:00,730,217,,,
2019-04-07 00:00:00,496,142,,,
2019-04-08 00:00:00,1158,298,,,
2019-04-09 00:00:00,1066,293,,,
2019-04-10 00:00:00,1113,318,,,
2019-04-11 00:00:00,1293,323,,,
2019-04-12 00:00:00,1236,305,,,
2019-04-13 00:00:00,626,220,,,
2019-04-14 00:00:00,451,153,,,
2019-04-15 00:00:00,1024,366,,,
2019-04-16 00:00:00,1062,299,,,
2019-04-17 00:00:00,1106,335,,,
2019-04-18 00:00:00,1047,347,,,
2019-04-19 00:00:00,527,159,,,
2019-04-20 00:00:00,507,208,,,
2019-04-21 00:00:00,463,172,,,
2019-04-22 00:00:00,1051,338,,,
2019-04-23 00:00:00,1064,286,,,
2019-04-24 00:00:00,648,215,,,
2019-04-25 00:00:00,978,274,,,
2019-04-26 00:00:00,943,326,,,
2019-04-27 00:00:00,728,261,,,
2019-04-28 00:00:00,475,138,,,
2019-04-29 00:00:00,1026,301,,,
2019-04-30 00:00:00,945,268,,,
2019-05-01 00:00:00,505,149,,,
2019-05-02 00:00:00,996,317,,,
2019-05-03 00:00:00,849,238,,,
2019-05-04 00:00:00,614,128,,,
2019-05-05 00:00:00,513,147,,,
2019-05-06 00:00:00,1017,343,,,
2019-05-07 00:00:00,1007,299,,,
2019-05-08 00:00:00,921,305,,,
2019-05-09 00:00:00,930,286,,,
2019-05-10 00:00:00,989,261,,,
2019-05-11 00:00:00,647,232,,,
2019-05-12 00:00:00,425,117,,,
2019-05-13 00:00:00,1076,316,,,
2019-05-14 00:00:00,1083,318,,,
2019-05-15 00:00:00,1098,287,,,
2019-05-16 00:00:00,928,269,,,
2019-05-17 00:00:00,911,259,,,
2019-05-18 00:00:00,564,199,,,
2019-05-19 00:00:00,401,104,,,
2019-05-20 00:00:00,639,264,,,
2019-05-21 00:00:00,489,138,,,
2019-05-22 00:00:00,926,269,,,
2019-05-23 00:00:00,997,281,,,
2019-05-24 00:00:00,921,279,,,
2019-05-25 00:00:00,674,188,,,
2019-05-26 00:00:00,455,132,,,
2019-05-27 00:00:00,1054,283,,,
2019-05-28 00:00:00,987,275,,,
2019-05-29 00:00:00,488,143,,,
2019-05-30 00:00:00,590,137,,,
2019-05-31 00:00:00,723,176,,,
2019-06-01 00:00:00,513,148,,,
2019-06-02 00:00:00,453,136,,,
2019-06-03 00:00:00,922,264,,,
2019-06-04 00:00:00,938,218,,,
2019-06-05 00:00:00,941,236,,,
2019-06-06 00:00:00,801,227,,,
2019-06-07 00:00:00,859,286,,,
2019-06-08 00:00:00,624,163,,,
2019-06-09 00:00:00,388,139,,,
2019-06-10 00:00:00,927,291,,,
2019-06-11 00:00:00,861,190,,,
2019-06-12 00:00:00,839,144,,,
2019-06-13 00:00:00,670,190,,,
2019-06-14 00:00:00,512,185,,,
2019-06-15 00:00:00,547,203,,,
2019-06-16 00:00:00,393,91,,,
2019-06-17 00:00:00,835,234,,,
2019-06-18 00:00:00,802,278,,,
2019-06-19 00:00:00,900,267,,,
2019-06-20 00:00:00,864,221,,,
2019-06-21 00:00:00,828,253,,,
2019-06-22 00:00:00,610,185,,,
2019-06-23 00:00:00,420,97,,,
2019-06-24 00:00:00,628,149,,,
2019-06-25 00:00:00,768,265,,,
2019-06-26 00:00:00,860,241,,,
2019-06-27 00:00:00,763,186,,,
2019-06-28 00:00:00,713,219,,,
2019-06-29 00:00:00,122,77,,,
2019-06-30 00:00:00,337,110,,,
2019-07-01 00:00:00,821,252,,,
2019-07-02 00:00:00,785,235,,,
2019-07-03 00:00:00,769,246,,,
2019-07-04 00:00:00,820,220,,,
2019-07-05 00:00:00,801,226,,,
2019-07-06 00:00:00,612,171,,,
2019-07-07 00:00:00,345,114,,,
2019-07-08 00:00:00,827,318,,,
2019-07-09 00:00:00,865,238,,,
2019-07-10 00:00:00,880,205,,,
2019-07-11 00:00:00,850,230,,,
2019-07-12 00:00:00,813,235,,,
2019-07-13 00:00:00,576,168,,,
2019-07-14 00:00:00,394,88,,,
2019-07-15 00:00:00,720,286,,,
2019-07-16 00:00:00,476,155,,,
2019-07-17 00:00:00,860,312,,,
2019-07-18 00:00:00,850,253,,,
2019-07-19 00:00:00,859,276,,,
2019-07-20 00:00:00,653,152,,,
2019-07-21 00:00:00,117,87,,,
2019-07-22 00:00:00,825,282,,,
2019-07-23 00:00:00,843,268,,,
2019-07-24 00:00:00,805,283,,,
2019-07-25 00:00:00,931,260,,,
2019-07-26 00:00:00,858,281,,,
2019-07-27 00:00:00,648,193,,,
2019-07-28 00:00:00,387,84,,,
2019-07-29 00:00:00,781,269,,,
2019-07-30 00:00:00,1041,251,,,
2019-07-31 00:00:00,830,267,,,
2019-08-01 00:00:00,906,226,,,
2019-08-02 00:00:00,779,265,,,
2019-08-03 00:00:00,629,200,,,
2019-08-04 00:00:00,573,115,,,
2019-08-05 00:00:00,976,280,,,
2019-08-06 00:00:00,955,241,,,
2019-08-07 00:00:00,900,284,,,
2019-08-08 00:00:00,898,240,,,
2019-08-09 00:00:00,923,245,,,
2019-08-10 00:00:00,700,143,,,
2019-08-11 00:00:00,382,99,,,
2019-08-12 00:00:00,912,264,,,
2019-08-13 00:00:00,987,278,,,
2019-08-14 00:00:00,989,249,,,
2019-08-15 00:00:00,458,123,,,
2019-08-16 00:00:00,831,263,,,
2019-08-17 00:00:00,623,173,,,
2019-08-18 00:00:00,418,119,,,
2019-08-19 00:00:00,978,294,,,
2019-08-20 00:00:00,1006,297,,,
2019-08-21 00:00:00,922,281,,,
2019-08-22 00:00:00,1027,273,,,
2019-08-23 00:00:00,1034,346,,,
2019-08-24 00:00:00,765,217,,,
2019-08-25 00:00:00,512,114,,,
2019-08-26 00:00:00,1068,288,,,
2019-08-27 00:00:00,1114,307,,,
2019-08-28 00:00:00,1139,285,,,
2019-08-29 00:00:00,1106,259,,,
2019-08-30 00:00:00,1017,280,,,
2019-08-31 00:00:00,700,198,,,
2019-09-01 00:00:00,518,108,,,
2019-09-02 00:00:00,1091,278,,,
2019-09-03 00:00:00,1116,320,,,
2019-09-04 00:00:00,1083,280,,,
2019-09-05 00:00:00,971,283,,,
2019-09-06 00:00:00,951,273,,,
2019-09-07 00:00:00,624,84,,,
2019-09-08 00:00:00,508,117,,,
2019-09-09 00:00:00,673,207,,,
2019-09-10 00:00:00,990,303,,,
2019-09-11 00:00:00,1025,301,,,
2019-09-12 00:00:00,1013,308,,,
2019-09-13 00:00:00,1063,343,,,
2019-09-14 00:00:00,612,196,,,
2019-09-15 00:00:00,444,135,,,
2019-09-16 00:00:00,875,328,,,
2019-09-17 00:00:00,750,249,,,
2019-09-18 00:00:00,384,87,,,
2019-09-19 00:00:00,323,101,,,
2019-09-20 00:00:00,381,122,,,
2019-09-21 00:00:00,552,159,,,
2019-09-22 00:00:00,525,123,,,
2019-09-23 00:00:00,1087,312,,,
2019-09-24 00:00:00,1158,286,,,
2019-09-25 00:00:00,1153,328,,,
2019-09-26 00:00:00,1133,280,,,
2019-09-27 00:00:00,976,299,,,
2019-09-28 00:00:00,893,186,,,
2019-09-29 00:00:00,618,124,,,
2019-09-30 00:00:00,894,179,,,
2019-10-01 00:00:00,842,276,,,
2019-10-02 00:00:00,1064,247,,,
2019-10-03 00:00:00,1083,265,,,
2019-10-04 00:00:00,1012,301,,,
2019-10-05 00:00:00,798,209,,,
2019-10-06 00:00:00,594,132,,,
2019-10-07 00:00:00,1139,329,,,
2019-10-08 00:00:00,1249,350,,,
2019-10-09 00:00:00,1265,385,,,
2019-10-10 00:00:00,1247,322,,,
2019-10-11 00:00:00,1121,313,,,
2019-10-12 00:00:00,596,157,,,
2019-10-13 00:00:00,570,108,,,
2019-10-14 00:00:00,966,253,,,
2019-10-15 00:00:00,1216,323,,,
2019-10-16 00:00:00,1248,308,,,
2019-10-17 00:00:00,1143,321,,,
2019-10-18 00:00:00,1175,359,,,
2019-10-19 00:00:00,770,189,,,
2019-10-20 00:00:00,575,136,,,
2019-10-21 00:00:00,1145,358,,,
2019-10-22 00:00:00,1079,348,,,
2019-10-23 00:00:00,1115,359,,,
2019-10-24 00:00:00,1191,379,,,
2019-10-25 00:00:00,1280,363,,,
2019-10-26 00:00:00,952,330,,,
2019-10-27 00:00:00,594,150,,,
2019-10-28 00:00:00,1340,344,,,
2019-10-29 00:00:00,1269,352,,,
2019-10-30 00:00:00,1181,338,,,
2019-10-31 00:00:00,780,219,,,
2019-11-01 00:00:00,675,164,,,
2019-11-02 00:00:00,808,267,,,
2019-11-03 00:00:00,722,159,,,
2019-11-04 00:00:00,1132,361,,,
2019-11-05 00:00:00,1286,381,,,
2019-11-06 00:00:00,1360,392,,,
2019-11-07 00:00:00,1361,384,,,
2019-11-08 00:00:00,1327,387,,,
2019-11-09 00:00:00,920,281,,,
2019-11-10 00:00:00,614,159,,,
2019-11-11 00:00:00,1327,385,,,
2019-11-12 00:00:00,1400,343,,,
2019-11-13 00:00:00,1389,406,,,
2019-11-14 00:00:00,1420,314,,,
2019-11-15 00:00:00,1270,378,,,
2019-11-16 00:00:00,987,252,,,
2019-11-17 00:00:00,679,179,,,
2019-11-18 00:00:00,1360,407,,,
2019-11-19 00:00:00,1410,385,,,
2019-11-20 00:00:00,1596,407,,,
2019-11-21 00:00:00,1398,343,,,
2019-11-22 00:00:00,1262,338,,,
2019-11-23 00:00:00,923,266,,,
2019-11-24 00:00:00,740,152,,,
2019-11-25 00:00:00,1218,381,,,
2019-11-26 00:00:00,1326,367,,,
2019-11-27 00:00:00,1272,437,,,
2019-11-28 00:00:00,1357,359,,,
2019-11-29 00:00:00,1198,337,,,
2019-11-30 00:00:00,894,278,,,
2019-12-01 00:00:00,622,179,,,
2019-12-02 00:00:00,1282,399,,,
2019-12-03 00:00:00,1432,366,,,
2019-12-04 00:00:00,1402,411,,,
2019-12-05 00:00:00,1262,393,,,
2019-12-06 00:00:00,1245,374,,,
2019-12-07 00:00:00,923,248,,,
2019-12-08 00:00:00,687,128,,,
2019-12-09 00:00:00,1250,355,,,
2019-12-10 00:00:00,1360,352,,,
2019-12-11 00:00:00,1347,358,,,
2019-12-12 00:00:00,1218,312,,,
2019-12-13 00:00:00,1103,363,,,
2019-12-14 00:00:00,783,231,,,
2019-12-15 00:00:00,678,155,,,
2019-12-16 00:00:00,1293,379,,,
2019-12-17 00:00:00,1379,374,,,
2019-12-18 00:00:00,1332,356,,,
2019-12-19 00:00:00,1268,327,,,
2019-12-20 00:00:00,1200,299,,,
2019-12-21 00:00:00,919,235,,,
2019-12-22 00:00:00,631,152,,,
2019-12-23 00:00:00,1247,294,,,
2019-12-24 00:00:00,1063,283,,,
2019-12-25 00:00:00,528,127,,,
2019-12-26 00:00:00,1181,361,,,
2019-12-27 00:00:00,1265,325,,,
2019-12-28 00:00:00,993,283,,,
2019-12-29 00:00:00,815,196,,,
2019-12-30 00:00:00,1206,301,,,
2019-12-31 00:00:00,854,249,,,
2020-01-01 00:00:00,385,101,,,
2020-01-02 00:00:00,1180,294,,,
2020-01-03 00:00:00,1237,332,,,
2020-01-04 00:00:00,869,190,,,
2020-01-05 00:00:00,817,162,,,
2020-01-06 00:00:00,1195,297,,,
2020-01-07 00:00:00,1279,323,,,
2020-01-08 00:00:00,1351,389,,,
2020-01-09 00:00:00,1264,328,,,
2020-01-10 00:00:00,1142,342,,,
2020-01-11 00:00:00,904,216,,,
2020-01-12 00:00:00,651,161,,,
2020-01-13 00:00:00,1352,325,,,
2020-01-14 00:00:00,1317,397,,,
2020-01-15 00:00:00,1354,391,,,
2020-01-16 00:00:00,1330,136,,,
2020-01-17 00:00:00,1258,,,,
2020-01-18 00:00:00,883,,,,
2020-01-19 00:00:00,657,,,,
2020-01-20 00:00:00,1224,,,,
2020-01-21 00:00:00,1344,386,,,
2020-01-22 00:00:00,1360,354,,,
2020-01-23 00:00:00,1370,385,,,
2020-01-24 00:00:00,1314,363,,,
2020-01-25 00:00:00,990,271,,,
2020-01-26 00:00:00,716,152,,,
2020-01-27 00:00:00,1350,373,,,
2020-01-28 00:00:00,1348,324,,,
2020-01-29 00:00:00,1336,341,,,
2020-01-30 00:00:00,1364,341,,,
2020-01-31 00:00:00,1166,315,,,
2020-02-01 00:00:00,894,219,,,
2020-02-02 00:00:00,627,219,,,
2020-02-03 00:00:00,1258,372,,,
2020-02-04 00:00:00,1316,362,,,
2020-02-05 00:00:00,1305,402,,,
2020-02-06 00:00:00,1274,353,,,
2020-02-07 00:00:00,1183,335,,,
2020-02-08 00:00:00,857,269,,,
2020-02-09 00:00:00,593,164,,,
2020-02-10 00:00:00,1212,383,,,
2020-02-11 00:00:00,1286,342,,,
2020-02-12 00:00:00,1342,414,,,
2020-02-13 00:00:00,1234,350,,,
2020-02-14 00:00:00,1104,402,,,
2020-02-15 00:00:00,851,219,,,
2020-02-16 00:00:00,643,135,,,
2020-02-17 00:00:00,1280,413,,,
2020-02-18 00:00:00,1302,395,,,
2020-02-19 00:00:00,1191,405,,,
2020-02-20 00:00:00,1221,376,,,
2020-02-21 00:00:00,1097,327,,,
2020-02-22 00:00:00,859,255,,,
2020-02-23 00:00:00,651,168,,,
2020-02-24 00:00:00,1138,348,,,
2020-02-25 00:00:00,1233,364,,,
2020-02-26 00:00:00,1206,354,,,
2020-02-27 00:00:00,1200,317,,,
2020-02-28 00:00:00,1129,300,,,
2020-02-29 00:00:00,835,246,,,
2020-03-01 00:00:00,634,128,,,
2020-03-02 00:00:00,1232,386,,,
2020-03-03 00:00:00,1278,376,,,
2020-03-04 00:00:00,1256,363,,,
2020-03-05 00:00:00,1176,344,,,
2020-03-06 00:00:00,1204,341,,,
2020-03-07 00:00:00,877,238,,,
2020-03-08 00:00:00,723,130,,,
2020-03-09 00:00:00,1302,375,,,
2020-03-10 00:00:00,1314,379,,,
2020-03-11 00:00:00,1392,382,,,
2020-03-12 00:00:00,1279,373,,,
2020-03-13 00:00:00,1162,386,,,
2020-03-14 00:00:00,864,261,,,
2020-03-15 00:00:00,728,176,,,
2020-03-16 00:00:00,1213,412,,,
2020-03-17 00:00:00,1239,354,,,
2020-03-18 00:00:00,1161,388,,,
2020-03-19 00:00:00,1044,288,,,
2020-03-20 00:00:00,1002,310,,,
2020-03-21 00:00:00,626,166,,,
2020-03-22 00:00:00,476,85,,,
2020-03-23 00:00:00,899,261,,,
2020-03-24 00:00:00,927,207,,,
2020-03-25 00:00:00,882,259,,,
2020-03-26 00:00:00,848,244,,,
2020-03-27 00:00:00,898,229,,,
2020-03-28 00:00:00,668,212,,,
2020-03-29 00:00:00,496,121,,,
2020-03-30 00:00:00,929,280,,,
2020-03-31 00:00:00,954,214,,,
2020-04-01 00:00:00,978,227,,,
2020-04-02 00:00:00,960,254,,,
2020-04-03 00:00:00,917,259,,,
2020-04-04 00:00:00,835,174,,,
2020-04-05 00:00:00,549,123,,,
2020-04-06 00:00:00,983,275,,,
2020-04-07 00:00:00,980,234,,,
2020-04-08 00:00:00,924,238,,,
2020-04-09 00:00:00,902,261,,,
2020-04-10 00:00:00,614,112,,,
2020-04-11 00:00:00,653,151,,,
2020-04-12 00:00:00,473,111,,,
2020-04-13 00:00:00,988,320,,,
2020-04-14 00:00:00,973,261,,,
2020-04-15 00:00:00,1049,291,,,
2020-04-16 00:00:00,955,244,,,
2020-04-17 00:00:00,1011,275,,,
2020-04-18 00:00:00,748,188,,,
2020-04-19 00:00:00,607,156,,,
2020-04-20 00:00:00,1099,308,,,
2020-04-21 00:00:00,1006,267,,,
2020-04-22 00:00:00,988,315,,,
2020-04-23 00:00:00,919,211,,,
2020-04-24 00:00:00,926,135,,,
2020-04-25 00:00:00,754,173,,,
2020-04-26 00:00:00,613,97,,,
2020-04-27 00:00:00,1046,243,,,
2020-04-28 00:00:00,956,192,,,
2020-04-29 00:00:00,984,226,16,,
2020-04-30 00:00:00,1073,255,12,899,
2020-05-01 00:00:00,705,122,7,1097,
2020-05-02 00:00:00,755,153,5,951,
2020-05-03 00:00:00,594,101,9,950,
2020-05-04 00:00:00,1033,279,6,1169,
2020-05-05 00:00:00,991,221,10,1215,
2020-05-06 00:00:00,1033,267,2,1282,
2020-05-07 00:00:00,1018,233,4,1233,
2020-05-08 00:00:00,1003,204,9,1308,
2020-05-09 00:00:00,840,273,5,1114,
2020-05-10 00:00:00,603,160,8,828,
2020-05-11 00:00:00,976,250,2,1128,
2020-05-12 00:00:00,900,243,6,1058,
2020-05-13 00:00:00,952,265,5,1151,
2020-05-14 00:00:00,970,256,7,1083,
2020-05-15 00:00:00,1012,279,8,1078,
2020-05-16 00:00:00,869,188,4,1147,
2020-05-17 00:00:00,630,146,4,1074,
2020-05-18 00:00:00,964,245,7,1014,
2020-05-19 00:00:00,784,193,9,842,
2020-05-20 00:00:00,485,137,3,396,
2020-05-21 00:00:00,615,128,3,797,
2020-05-22 00:00:00,886,268,7,951,
2020-05-23 00:00:00,741,175,5,950,
2020-05-24 00:00:00,522,158,3,963,
2020-05-25 00:00:00,928,263,18,1014,
2020-05-26 00:00:00,1027,235,8,1078,
2020-05-27 00:00:00,831,221,21,854,
2020-05-28 00:00:00,752,191,2,778,
2020-05-29 00:00:00,729,164,4,709,
2020-05-30 00:00:00,645,183,4,839,
2020-05-31 00:00:00,502,137,13,734,
2020-06-01 00:00:00,935,198,14,998,
2020-06-02 00:00:00,756,212,14,704,
2020-06-03 00:00:00,727,207,10,642,
2020-06-04 00:00:00,841,201,2,960,
2020-06-05 00:00:00,875,223,10,984,
2020-06-06 00:00:00,700,171,5,930,
2020-06-07 00:00:00,503,132,5,854,
2020-06-08 00:00:00,796,229,12,835,
2020-06-09 00:00:00,769,214,4,887,
2020-06-10 00:00:00,806,224,3,986,
2020-06-11 00:00:00,727,142,13,741,
2020-06-12 00:00:00,427,130,3,375,
2020-06-13 00:00:00,758,184,1,785,
2020-06-14 00:00:00,532,133,5,859,
2020-06-15 00:00:00,834,173,4,745,
2020-06-16 00:00:00,792,151,7,829,
2020-06-17 00:00:00,258,61,6,108,
2020-06-18 00:00:00,718,201,5,564,
2020-06-19 00:00:00,260,81,1,88,
2020-06-20 00:00:00,279,113,2,137,
2020-06-21 00:00:00,236,100,1,162,
2020-06-22 00:00:00,165,58,1,92,
2020-06-23 00:00:00,310,106,16,105,
2020-06-24 00:00:00,287,61,1,83,
2020-06-25 00:00:00,373,185,4,172,
2020-06-26 00:00:00,462,173,1,228,
2020-06-27 00:00:00,394,155,5,256,
2020-06-28 00:00:00,209,71,3,189,
2020-06-29 00:00:00,120,16,5,60,
2020-06-30 00:00:00,467,168,2,217,
2020-07-01 00:00:00,339,196,4,105,
2020-07-02 00:00:00,474,199,2,260,
2020-07-03 00:00:00,501,137,4,282,
2020-07-04 00:00:00,132,56,3,70,
2020-07-05 00:00:00,272,114,8,170,
2020-07-06 00:00:00,508,236,4,282,
2020-07-07 00:00:00,489,209,6,380,
2020-07-08 00:00:00,272,164,2,123,
2020-07-09 00:00:00,496,185,3,359,
2020-07-10 00:00:00,498,242,9,402,
2020-07-11 00:00:00,411,183,4,354,
2020-07-12 00:00:00,250,161,4,274,
2020-07-13 00:00:00,586,210,1,564,
2020-07-14 00:00:00,567,225,12,573,
2020-07-15 00:00:00,621,233,10,418,
2020-07-16 00:00:00,360,119,6,337,
2020-07-17 00:00:00,514,164,5,423,
2020-07-18 00:00:00,417,111,0,305,
2020-07-19 00:00:00,303,154,4,377,
2020-07-20 00:00:00,554,225,3,495,
2020-07-21 00:00:00,163,73,1,95,
2020-07-22 00:00:00,480,235,4,450,
2020-07-23 00:00:00,512,232,4,498,
2020-07-24 00:00:00,628,228,10,568,
2020-07-25 00:00:00,406,175,2,450,
2020-07-26 00:00:00,239,158,1,353,
2020-07-27 00:00:00,499,232,19,523,
2020-07-28 00:00:00,603,204,60,598,
2020-07-29 00:00:00,601,246,22,608,
2020-07-30 00:00:00,596,221,4,625,
2020-07-31 00:00:00,569,204,6,636,
2020-08-01 00:00:00,425,196,7,460,
2020-08-02 00:00:00,354,146,7,500,
2020-08-03 00:00:00,581,233,19,607,
2020-08-04 00:00:00,605,225,17,690,
2020-08-05 00:00:00,405,184,6,364,
2020-08-06 00:00:00,588,266,17,641,
2020-08-07 00:00:00,588,251,21,635,
2020-08-08 00:00:00,530,203,6,610,
2020-08-09 00:00:00,333,178,27,430,
2020-08-10 00:00:00,832,219,14,1079,
2020-08-11 00:00:00,789,183,7,1055,
2020-08-12 00:00:00,769,214,44,1114,
2020-08-13 00:00:00,790,215,17,1166,
2020-08-14 00:00:00,779,215,19,1035,
2020-08-15 00:00:00,448,185,4,460,
2020-08-16 00:00:00,328,139,2,461,
2020-08-17 00:00:00,871,227,16,1146,
2020-08-18 00:00:00,829,200,11,1013,
2020-08-19 00:00:00,800,231,14,1219,
2020-08-20 00:00:00,899,218,50,1209,
2020-08-21 00:00:00,933,234,14,1275,
2020-08-22 00:00:00,524,209,7,555,
2020-08-23 00:00:00,373,171,16,474,
2020-08-24 00:00:00,830,186,3,1282,
2020-08-25 00:00:00,635,54,9,694,
2020-08-26 00:00:00,791,217,10,1171,
2020-08-27 00:00:00,926,268,2,1393,
2020-08-28 00:00:00,864,191,9,1099,
2020-08-29 00:00:00,518,227,4,574,
2020-08-30 00:00:00,378,193,5,521,
2020-08-31 00:00:00,884,320,7,1290,
2020-09-01 00:00:00,837,337,6,960,
2020-09-02 00:00:00,933,93,13,1327,
2020-09-03 00:00:00,1027,116,14,1362,
2020-09-04 00:00:00,961,124,8,1249,
2020-09-05 00:00:00,519,80,7,686,
2020-09-06 00:00:00,420,44,18,662,
2020-09-07 00:00:00,1068,114,9,1535,
2020-09-08 00:00:00,832,119,5,974,
2020-09-09 00:00:00,981,173,7,1530,
2020-09-10 00:00:00,985,170,60,1486,
2020-09-11 00:00:00,1054,165,9,1662,
2020-09-12 00:00:00,599,118,3,756,
2020-09-13 00:00:00,402,72,15,719,
2020-09-14 00:00:00,1082,145,10,1667,
2020-09-15 00:00:00,947,151,25,1464,
2020-09-16 00:00:00,1008,204,24,1331,
2020-09-17 00:00:00,985,164,7,1447,
2020-09-18 00:00:00,295,105,5,518,
2020-09-19 00:00:00,284,84,3,582,
2020-09-20 00:00:00,378,75,2,734,
2020-09-21 00:00:00,1118,159,13,1704,
2020-09-22 00:00:00,1098,174,41,1774,
2020-09-23 00:00:00,1089,170,24,1818,
2020-09-24 00:00:00,1130,156,18,1753,
2020-09-25 00:00:00,872,155,26,1248,
2020-09-26 00:00:00,583,150,2,949,
2020-09-27 00:00:00,536,97,16,1041,
2020-09-28 00:00:00,1112,216,11,1839,
2020-09-29 00:00:00,1038,184,7,1694,
2020-09-30 00:00:00,1010,201,15,1455,
2020-10-01 00:00:00,1115,194,4,1598,
2020-10-02 00:00:00,1089,173,9,1584,
2020-10-03 00:00:00,630,139,0,882,
2020-10-04 00:00:00,505,113,1,984,
2020-10-05 00:00:00,1208,303,1,1881,
2020-10-06 00:00:00,1223,291,1,1836,
2020-10-07 00:00:00,1132,292,3,1857,
2020-10-08 00:00:00,1089,238,8,1536,
2020-10-09 00:00:00,1252,273,8,1858,
2020-10-10 00:00:00,662,170,8,1086,
2020-10-11 00:00:00,481,97,1,1156,
2020-10-12 00:00:00,646,102,0,1503,
2020-10-13 00:00:00,1185,303,15,1778,
2020-10-14 00:00:00,1220,266,3,1892,
2020-10-15 00:00:00,1185,307,0,1951,
2020-10-16 00:00:00,1207,267,7,2024,
2020-10-17 00:00:00,708,163,2,1236,
2020-10-18 00:00:00,676,113,4,1426,
2020-10-19 00:00:00,1267,298,5,1946,
2020-10-20 00:00:00,1245,297,8,2146,
2020-10-21 00:00:00,1295,343,206,2105,
2020-10-22 00:00:00,1241,329,21,2265,
2020-10-23 00:00:00,1193,297,142,2172,
2020-10-24 00:00:00,786,249,50,937,
2020-10-25 00:00:00,956,354,47,1344,
2020-10-26 00:00:00,1308,250,52,2171,
2020-10-27 00:00:00,1138,254,57,1814,
2020-10-28 00:00:00,1271,275,43,2196,
2020-10-29 00:00:00,1268,270,62,2184,
2020-10-30 00:00:00,1195,269,45,1993,
2020-10-31 00:00:00,702,167,59,1250,
2020-11-01 00:00:00,550,165,52,1339,
2020-11-02 00:00:00,1230,327,101,2086,
2020-11-03 00:00:00,1264,337,106,2179,
2020-11-04 00:00:00,1249,287,177,2279,
2020-11-05 00:00:00,1271,330,920,2378,
2020-11-06 00:00:00,1188,290,896,2071,
2020-11-07 00:00:00,977,260,979,1833,
2020-11-08 00:00:00,689,192,979,2074,
2020-11-09 00:00:00,1223,319,887,2289,
2020-11-10 00:00:00,1259,332,888,2311,
2020-11-11 00:00:00,1273,333,915,2214,
2020-11-12 00:00:00,1134,290,868,2169,
2020-11-13 00:00:00,1102,286,651,1694,
2020-11-14 00:00:00,846,246,738,1832,
2020-11-15 00:00:00,637,197,745,1919,
2020-11-16 00:00:00,1192,340,925,2192,
2020-11-17 00:00:00,1150,277,686,1821,
2020-11-18 00:00:00,1118,329,878,2270,
2020-11-19 00:00:00,1106,335,780,1996,
2020-11-20 00:00:00,1028,268,809,1842,
2020-11-21 00:00:00,809,287,692,1818,
2020-11-22 00:00:00,666,164,664,1907,
2020-11-23 00:00:00,1156,305,768,2191,
2020-11-24 00:00:00,1214,302,889,2167,
2020-11-25 00:00:00,1257,356,762,2068,
2020-11-26 00:00:00,1093,357,747,2109,
2020-11-27 00:00:00,985,258,707,1923,
2020-11-28 00:00:00,857,268,625,1634,
2020-11-29 00:00:00,680,232,694,1897,
2020-11-30 00:00:00,1130,318,747,2021,
2020-12-01 00:00:00,1100,315,741,2038,
2020-12-02 00:00:00,1252,336,673,1955,
2020-12-03 00:00:00,1076,301,654,1770,
2020-12-04 00:00:00,1026,317,526,1714,
2020-12-05 00:00:00,746,224,488,1522,
2020-12-06 00:00:00,555,142,508,1619,
2020-12-07 00:00:00,1052,306,647,1760,
2020-12-08 00:00:00,818,170,592,1847,
2020-12-09 00:00:00,1125,288,655,1794,
2020-12-10 00:00:00,1065,329,624,1943,
2020-12-11 00:00:00,1086,297,675,1726,
2020-12-12 00:00:00,726,239,614,1655,
2020-12-13 00:00:00,606,174,597,1686,
2020-12-14 00:00:00,996,319,634,1758,
2020-12-15 00:00:00,1053,311,746,1929,
2020-12-16 00:00:00,1099,320,665,1770,
2020-12-17 00:00:00,939,270,616,1756,
2020-12-18 00:00:00,991,275,549,1651,
2020-12-19 00:00:00,764,247,505,1457,
2020-12-20 00:00:00,579,176,525,1488,
2020-12-21 00:00:00,985,298,590,1673,
2020-12-22 00:00:00,1012,313,605,1699,
2020-12-23 00:00:00,1027,332,572,1643,
2020-12-24 00:00:00,839,233,457,1216,
2020-12-25 00:00:00,388,105,456,1194,
2020-12-26 00:00:00,694,226,587,1551,
2020-12-27 00:00:00,577,189,661,1783,
2020-12-28 00:00:00,1107,324,687,1917,
2020-12-29 00:00:00,1106,297,646,1822,
2020-12-30 00:00:00,1111,335,631,1635,
2020-12-31 00:00:00,785,244,476,1178,
2021-01-01 00:00:00,389,122,379,1053,
2021-01-02 00:00:00,628,219,655,1651,
2021-01-03 00:00:00,544,175,578,1653,
2021-01-04 00:00:00,1113,323,726,1886,
2021-01-05 00:00:00,1099,321,751,1967,
2021-01-06 00:00:00,1074,350,656,1884,
2021-01-07 00:00:00,1026,322,708,1946,
2021-01-08 00:00:00,1051,269,766,1948,
2021-01-09 00:00:00,784,217,691,1613,
2021-01-10 00:00:00,581,172,623,1612,
2021-01-11 00:00:00,1085,281,837,2010,
2021-01-12 00:00:00,1182,286,802,2053,
2021-01-13 00:00:00,1120,341,781,2039,
2021-01-14 00:00:00,1117,295,754,1885,
2021-01-15 00:00:00,1044,317,692,1812,
2021-01-16 00:00:00,797,121,684,1727,
2021-01-17 00:00:00,607,102,724,1692,
2021-01-18 00:00:00,1121,325,792,1966,
2021-01-19 00:00:00,1155,275,816,2135,
2021-01-20 00:00:00,1125,315,789,2010,
2021-01-21 00:00:00,1086,271,756,1930,
2021-01-22 00:00:00,1011,332,825,1932,
2021-01-23 00:00:00,777,130,618,1564,
2021-01-24 00:00:00,656,89,710,1674,
2021-01-25 00:00:00,1044,340,721,1971,
2021-01-26 00:00:00,1099,298,931,2207,
2021-01-27 00:00:00,1074,325,806,2000,
2021-01-28 00:00:00,1073,347,887,1986,
2021-01-29 00:00:00,510,140,312,673,
2021-01-30 00:00:00,348,76,269,549,
2021-01-31 00:00:00,275,85,347,663,
2021-02-01 00:00:00,1025,298,823,2241,
2021-02-02 00:00:00,1054,289,903,2129,
2021-02-03 00:00:00,1145,319,835,1985,
2021-02-04 00:00:00,1112,300,862,1950,
2021-02-05 00:00:00,981,329,797,1810,
2021-02-06 00:00:00,462,155,386,911,
2021-02-07 00:00:00,414,84,455,1021,
2021-02-08 00:00:00,1135,367,775,2121,
2021-02-09 00:00:00,993,283,880,2135,
2021-02-10 00:00:00,1101,323,809,1920,
2021-02-11 00:00:00,976,285,776,1749,
2021-02-12 00:00:00,983,319,805,1850,
2021-02-13 00:00:00,497,144,656,1441,
2021-02-14 00:00:00,475,113,542,1289,
2021-02-15 00:00:00,1027,370,767,1966,
2021-02-16 00:00:00,916,350,741,1814,
2021-02-17 00:00:00,1018,386,681,1779,
2021-02-18 00:00:00,993,294,765,1768,
2021-02-19 00:00:00,962,253,708,1779,
2021-02-20 00:00:00,791,,659,1618,
2021-02-21 00:00:00,565,,721,1743,
2021-02-22 00:00:00,980,,768,1972,
2021-02-23 00:00:00,1148,,888,2183,
2021-02-24 00:00:00,999,,830,1998,
2021-02-25 00:00:00,1070,0,861,1916,
2021-02-26 00:00:00,928,0,648,1755,
2021-02-27 00:00:00,786,0,610,1502,
2021-02-28 00:00:00,610,,581,1661,
2021-03-01 00:00:00,1104,,752,1922,
2021-03-02 00:00:00,1133,0,711,2085,
2021-03-03 00:00:00,1096,0,829,2127,
2021-03-04 00:00:00,1091,,840,2223,
2021-03-05 00:00:00,1060,0,717,1959,
2021-03-06 00:00:00,478,,416,962,
2021-03-07 00:00:00,421,,466,1099,
2021-03-08 00:00:00,1190,,811,2182,
2021-03-09 00:00:00,1187,,896,2242,
2021-03-10 00:00:00,1112,,772,2252,
2021-03-11 00:00:00,1088,0,846,2021,
2021-03-12 00:00:00,1146,,816,1967,
2021-03-13 00:00:00,554,,499,996,
2021-03-14 00:00:00,475,,513,1064,
2021-03-15 00:00:00,783,,629,1486,
2021-03-16 00:00:00,984,,758,1886,
2021-03-17 00:00:00,1035,,776,2022,
2021-03-18 00:00:00,937,,700,1774,
2021-03-19 00:00:00,989,,604,1532,
2021-03-20 00:00:00,514,,516,1130,
2021-03-21 00:00:00,369,,459,1033,
2021-03-22 00:00:00,1144,,729,2070,
2021-03-23 00:00:00,1173,,789,2119,
2021-03-24 00:00:00,1185,,796,2063,
2021-03-25 00:00:00,724,,516,1386,
2021-03-26 00:00:00,768,,539,1582,
2021-03-27 00:00:00,425,,293,713,
2021-03-28 00:00:00,360,,449,813,
2021-03-29 00:00:00,833,,705,1860,
2021-03-30 00:00:00,773,,701,1795,
2021-03-31 00:00:00,897,,731,1724,
2021-04-01 00:00:00,844,,718,1698,
2021-04-02 00:00:00,521,,517,1192,
2021-04-03 00:00:00,583,,556,1302,
2021-04-04 00:00:00,466,,648,1387,
2021-04-05 00:00:00,852,,710,1785,
2021-04-06 00:00:00,873,,763,1788,
2021-04-07 00:00:00,937,,799,1970,
2021-04-08 00:00:00,813,,743,1889,
2021-04-09 00:00:00,903,,778,2043,
2021-04-10 00:00:00,624,,706,1530,
2021-04-11 00:00:00,545,,606,1320,
2021-04-12 00:00:00,931,,834,1976,
2021-04-13 00:00:00,937,,872,2009,
2021-04-14 00:00:00,917,,819,1998,
2021-04-15 00:00:00,954,,836,1930,
2021-04-16 00:00:00,923,,778,2036,
2021-04-17 00:00:00,692,,686,1624,
2021-04-18 00:00:00,569,,685,1467,
2021-04-19 00:00:00,862,,717,1944,
2021-04-20 00:00:00,879,,793,1829,
2021-04-21 00:00:00,824,,684,1748,
2021-04-22 00:00:00,987,,780,1856,
2021-04-23 00:00:00,929,,758,1712,
2021-04-24 00:00:00,741,,832,1910,
2021-04-25 00:00:00,676,,858,1852,
2021-04-26 00:00:00,934,,796,1788,
2021-04-27 00:00:00,968,,828,1879,
2021-04-28 00:00:00,897,,828,1955,
2021-04-29 00:00:00,887,,832,1899,
2021-04-30 00:00:00,774,,700,1645,
2021-05-01 00:00:00,540,,666,1469,
2021-05-02 00:00:00,521,0,639,1372,
2021-05-03 00:00:00,875,0,722,1691,
2021-05-04 00:00:00,851,,758,1660,
2021-05-05 00:00:00,917,0,749,1838,
2021-05-06 00:00:00,956,,778,1730,
2021-05-07 00:00:00,851,,687,1640,
2021-05-08 00:00:00,719,0,659,1580,
2021-05-09 00:00:00,515,0,502,1302,
2021-05-10 00:00:00,787,,788,1739,
2021-05-11 00:00:00,920,,718,1772,
2021-05-12 00:00:00,823,,764,1795,
2021-05-13 00:00:00,846,,688,1541,
2021-05-14 00:00:00,860,,661,1601,
2021-05-15 00:00:00,640,,665,1430,
2021-05-16 00:00:00,639,,618,1421,
2021-05-17 00:00:00,895,,716,1754,
2021-05-18 00:00:00,951,,638,1400,
2021-05-19 00:00:00,620,1,492,1008,
2021-05-20 00:00:00,655,,353,700,
2021-05-21 00:00:00,495,,527,929,
2021-05-22 00:00:00,589,,623,1235,
2021-05-23 00:00:00,455,,597,1345,
2021-05-24 00:00:00,866,,612,1557,
2021-05-25 00:00:00,864,,696,1523,
2021-05-26 00:00:00,946,,664,1496,
2021-05-27 00:00:00,895,,596,1478,
2021-05-28 00:00:00,799,,644,1453,
2021-05-29 00:00:00,581,,513,1253,
2021-05-30 00:00:00,470,,571,1353,
2021-05-31 00:00:00,837,,536,1418,
2021-06-01 00:00:00,541,,298,731,
2021-06-02 00:00:00,857,,595,1523,
2021-06-03 00:00:00,756,,637,1356,
2021-06-04 00:00:00,780,,558,1325,
2021-06-05 00:00:00,569,,654,1361,
2021-06-06 00:00:00,495,,488,1260,
2021-06-07 00:00:00,761,,665,1411,
2021-06-08 00:00:00,838,,647,1445,
2021-06-09 00:00:00,756,,643,1463,
2021-06-10 00:00:00,882,,596,1154,
2021-06-11 00:00:00,817,,613,1299,
2021-06-12 00:00:00,665,,630,1552,
2021-06-13 00:00:00,588,,624,1497,
2021-06-14 00:00:00,803,,479,1083,
2021-06-15 00:00:00,685,,465,1040,
2021-06-16 00:00:00,777,,553,1196,
2021-06-17 00:00:00,751,,571,1349,
2021-06-18 00:00:00,764,,479,1115,
2021-06-19 00:00:00,650,,568,1262,
2021-06-20 00:00:00,341,,390,977,
2021-06-21 00:00:00,575,,673,1426,
2021-06-22 00:00:00,717,,529,1142,
2021-06-23 00:00:00,460,,278,501,
2021-06-24 00:00:00,655,,382,789,
2021-06-25 00:00:00,155,,140,111,
2021-06-26 00:00:00,439,,362,502,
2021-06-27 00:00:00,377,,487,927,
2021-06-28 00:00:00,547,,578,1281,
2021-06-29 00:00:00,772,,531,1155,
2021-06-30 00:00:00,756,,381,918,
2021-07-01 00:00:00,711,,499,1293,
2021-07-02 00:00:00,740,,465,1144,
2021-07-03 00:00:00,628,,542,1245,
2021-07-04 00:00:00,453,,668,1484,
2021-07-05 00:00:00,811,,543,1231,
2021-07-06 00:00:00,794,,474,1070,
2021-07-07 00:00:00,761,,500,1160,
2021-07-08 00:00:00,762,,607,1383,
2021-07-09 00:00:00,757,,464,1163,
2021-07-10 00:00:00,652,,630,1338,
2021-07-11 00:00:00,412,,506,1176,
2021-07-12 00:00:00,758,,474,1107,
2021-07-13 00:00:00,828,,520,1174,
2021-07-14 00:00:00,838,,538,1183,
2021-07-15 00:00:00,661,,452,1080,
2021-07-16 00:00:00,542,,420,1028,
2021-07-17 00:00:00,560,,507,1038,
2021-07-18 00:00:00,593,,517,1263,
2021-07-19 00:00:00,751,,546,1295,
2021-07-20 00:00:00,867,,651,1414,
2021-07-21 00:00:00,834,,530,1379,
2021-07-22 00:00:00,751,,569,1426,
2021-07-23 00:00:00,838,,568,1307,
2021-07-24 00:00:00,482,,313,796,
2021-07-25 00:00:00,368,,517,1031,
2021-07-26 00:00:00,804,,458,954,
2021-07-27 00:00:00,804,,537,1208,
2021-07-28 00:00:00,852,,604,1357,
2021-07-29 00:00:00,860,,570,1466,
2021-07-30 00:00:00,928,,582,1393,
2021-07-31 00:00:00,667,,553,1314,
2021-08-01 00:00:00,503,,574,1422,
2021-08-02 00:00:00,863,,576,1461,
2021-08-03 00:00:00,917,,579,1561,
2021-08-04 00:00:00,882,,562,1506,
2021-08-05 00:00:00,730,,475,1100,
2021-08-06 00:00:00,739,,505,1136,
2021-08-07 00:00:00,624,,433,990,
2021-08-08 00:00:00,382,,331,838,
2021-08-09 00:00:00,872,,518,1352,
2021-08-10 00:00:00,862,,542,1387,
2021-08-11 00:00:00,883,,560,1512,
2021-08-12 00:00:00,769,,486,1224,
2021-08-13 00:00:00,677,,444,1091,
2021-08-14 00:00:00,585,,458,1065,
2021-08-15 00:00:00,333,,316,756,
2021-08-16 00:00:00,525,,350,802,
2021-08-17 00:00:00,691,,449,998,
2021-08-18 00:00:00,236,,181,159,
2021-08-19 00:00:00,405,,259,330,
2021-08-20 00:00:00,656,,400,665,
2021-08-21 00:00:00,328,,205,288,
2021-08-22 00:00:00,491,,582,1043,
2021-08-23 00:00:00,674,,363,701,
2021-08-24 00:00:00,739,,491,646,
2021-08-25 00:00:00,756,,501,980,
2021-08-26 00:00:00,797,,531,1205,
2021-08-27 00:00:00,745,,437,1018,
2021-08-28 00:00:00,619,,516,1234,
2021-08-29 00:00:00,523,,603,1560,
2021-08-30 00:00:00,741,,428,1115,
2021-08-31 00:00:00,868,,566,1443,
2021-09-01 00:00:00,930,,644,1489,
2021-09-02 00:00:00,901,,541,1410,
2021-09-03 00:00:00,731,,481,1007,
2021-09-04 00:00:00,676,,525,1368,
2021-09-05 00:00:00,464,,469,1327,
2021-09-06 00:00:00,743,,536,1228,
2021-09-07 00:00:00,775,,538,1271,
2021-09-08 00:00:00,850,,577,1403,
2021-09-09 00:00:00,890,,591,1342,
2021-09-10 00:00:00,879,,580,1339,
2021-09-11 00:00:00,493,,362,853,
2021-09-12 00:00:00,198,,168,253,
2021-09-13 00:00:00,436,,379,549,
2021-09-14 00:00:00,833,,605,1343,
2021-09-15 00:00:00,818,,573,1406,
2021-09-16 00:00:00,874,,546,1317,
2021-09-17 00:00:00,514,,461,1008,
2021-09-18 00:00:00,345,,333,859,
2021-09-19 00:00:00,367,,326,822,
2021-09-20 00:00:00,887,,518,1424,
2021-09-21 00:00:00,565,,568,1517,
2021-09-22 00:00:00,828,,602,1475,
2021-09-23 00:00:00,1029,,643,1572,
2021-09-24 00:00:00,946,,624,1453,
2021-09-25 00:00:00,608,,543,1258,
2021-09-26 00:00:00,600,,602,1431,
2021-09-27 00:00:00,982,,648,1603,
2021-09-28 00:00:00,1075,,679,1681,
2021-09-29 00:00:00,1021,0,611,1432,
2021-09-30 00:00:00,1020,0,646,1555,
2021-10-01 00:00:00,960,0,614,1494,
2021-10-02 00:00:00,729,0,571,1402,
2021-10-03 00:00:00,505,0,561,1362,
2021-10-04 00:00:00,977,0,642,1548,
2021-10-05 00:00:00,1009,0,687,1699,
2021-10-06 00:00:00,1005,0,627,1647,
2021-10-07 00:00:00,1005,256,628,1439,
2021-10-08 00:00:00,863,0,528,1298,
2021-10-09 00:00:00,727,0,539,1318,
2021-10-10 00:00:00,472,0,474,1200,
2021-10-11 00:00:00,654,0,636,1581,
2021-10-12 00:00:00,1017,0,550,1435,
2021-10-13 00:00:00,1102,,619,1478,
2021-10-14 00:00:00,658,,404,787,
2021-10-15 00:00:00,919,,646,1466,
2021-10-16 00:00:00,761,,552,1350,
2021-10-17 00:00:00,662,,576,1506,
2021-10-18 00:00:00,1068,,624,1692,
2021-10-19 00:00:00,1111,,622,1626,
2021-10-20 00:00:00,1044,,582,1400,
2021-10-21 00:00:00,1001,,629,1538,
2021-10-22 00:00:00,1038,,561,1388,
2021-10-23 00:00:00,701,,538,1412,
2021-10-24 00:00:00,574,,571,1448,
2021-10-25 00:00:00,1090,,632,1676,
2021-10-26 00:00:00,1198,,772,1752,
2021-10-27 00:00:00,1114,,768,1828,
2021-10-28 00:00:00,1103,,677,1700,
2021-10-29 00:00:00,1020,,601,1484,
2021-10-30 00:00:00,735,,497,1256,
2021-10-31 00:00:00,511,,458,1081,
2021-11-01 00:00:00,650,,581,1387,
2021-11-02 00:00:00,1081,,668,1852,
2021-11-03 00:00:00,1123,,647,1698,
2021-11-04 00:00:00,1127,,688,1599,
2021-11-05 00:00:00,1023,,621,1551,
2021-11-06 00:00:00,762,,539,1358,
2021-11-07 00:00:00,558,,568,1489,
2021-11-08 00:00:00,1078,,652,1810,
2021-11-09 00:00:00,1138,,674,1850,
2021-11-10 00:00:00,1213,,593,1715,
2021-11-11 00:00:00,1076,,569,1541,
2021-11-12 00:00:00,1052,,582,1497,
2021-11-13 00:00:00,759,,516,1399,
2021-11-14 00:00:00,518,,485,1342,
2021-11-15 00:00:00,1039,,538,1640,
2021-11-16 00:00:00,1080,,664,1705,
2021-11-17 00:00:00,1148,,636,1743,
2021-11-18 00:00:00,1023,,640,1719,
2021-11-19 00:00:00,972,,597,1626,
2021-11-20 00:00:00,735,,495,1274,
2021-11-21 00:00:00,731,,440,1231,
2021-11-22 00:00:00,1103,,614,1800,
2021-11-23 00:00:00,1061,,676,1811,
2021-11-24 00:00:00,1024,,716,1750,
2021-11-25 00:00:00,1045,,673,1911,
2021-11-26 00:00:00,960,,716,1579,
2021-11-27 00:00:00,653,,536,1294,
2021-11-28 00:00:00,553,,581,1277,
2021-11-29 00:00:00,1052,,703,1714,
2021-11-30 00:00:00,1090,,645,1762,
2021-12-01 00:00:00,1032,,628,1600,
2021-12-02 00:00:00,1074,,611,1566,
2021-12-03 00:00:00,988,,598,1399,
2021-12-04 00:00:00,683,,484,1220,
2021-12-05 00:00:00,531,,483,1103,
2021-12-06 00:00:00,1167,,536,1551,
2021-12-07 00:00:00,786,,717,1787,
2021-12-08 00:00:00,650,,618,1470,
2021-12-09 00:00:00,990,,569,1515,
2021-12-10 00:00:00,964,,564,1412,
2021-12-11 00:00:00,565,,412,934,
2021-12-12 00:00:00,501,,384,1080,
2021-12-13 00:00:00,1112,,632,1587,
2021-12-14 00:00:00,1144,,627,1670,
2021-12-15 00:00:00,1039,,622,1537,
2021-12-16 00:00:00,987,,553,1397,
2021-12-17 00:00:00,973,,574,1443,
2021-12-18 00:00:00,675,,436,1115,
2021-12-19 00:00:00,722,,406,1245,
2021-12-20 00:00:00,934,,538,1468,
2021-12-21 00:00:00,963,0,623,1579,
2021-12-22 00:00:00,1111,0,581,1420,
2021-12-23 00:00:00,1032,0,614,1452,
2021-12-24 00:00:00,768,0,436,1074,
2021-12-25 00:00:00,369,0,415,922,
2021-12-26 00:00:00,522,0,521,1161,
2021-12-27 00:00:00,998,0,655,1697,
2021-12-28 00:00:00,1044,0,588,1595,
2021-12-29 00:00:00,1017,0,600,1442,
2021-12-30 00:00:00,1113,0,612,1444,
2021-12-31 00:00:00,745,0,454,961,
2022-01-01 00:00:00,333,0,289,818,
2022-01-02 00:00:00,490,0,400,1254,
2022-01-03 00:00:00,1045,0,644,1690,
2022-01-04 00:00:00,1068,0,719,1793,
2022-01-05 00:00:00,1080,0,742,1781,
2022-01-06 00:00:00,1051,0,689,1675,
2022-01-07 00:00:00,1122,0,637,1510,
2022-01-08 00:00:00,765,0,480,1230,
2022-01-09 00:00:00,562,0,524,1376,
2022-01-10 00:00:00,1043,0,654,1657,
2022-01-11 00:00:00,1181,0,738,1804,
2022-01-12 00:00:00,1228,0,729,1687,
2022-01-13 00:00:00,1121,0,701,1725,
2022-01-14 00:00:00,1029,0,657,1517,
2022-01-15 00:00:00,730,0,534,1198,
2022-01-16 00:00:00,491,0,503,1262,
2022-01-17 00:00:00,1095,0,688,1611,
2022-01-18 00:00:00,1160,,764,1720,
2022-01-19 00:00:00,1287,,710,1681,
2022-01-20 00:00:00,1076,,657,1640,
2022-01-21 00:00:00,1026,,649,1478,
2022-01-22 00:00:00,640,,497,1188,
2022-01-23 00:00:00,473,,462,1231,
2022-01-24 00:00:00,1022,,642,1652,
2022-01-25 00:00:00,1109,,683,1621,
2022-01-26 00:00:00,1112,,706,1778,
2022-01-27 00:00:00,1016,,637,1532,
2022-01-28 00:00:00,984,,667,1498,
2022-01-29 00:00:00,771,,522,1237,
2022-01-30 00:00:00,486,,470,1224,
2022-01-31 00:00:00,1055,,615,1703,
2022-02-01 00:00:00,1118,,622,1529,
2022-02-02 00:00:00,1108,,589,1586,
2022-02-03 00:00:00,1076,,603,1594,
2022-02-04 00:00:00,959,,591,1451,
2022-02-05 00:00:00,702,,474,1214,
2022-02-06 00:00:00,502,,358,1126,
2022-02-07 00:00:00,1034,,637,1612,
2022-02-08 00:00:00,1030,,642,1602,
2022-02-09 00:00:00,1065,,669,1580,
2022-02-10 00:00:00,1067,,642,1563,
2022-02-11 00:00:00,976,,623,1518,
2022-02-12 00:00:00,701,,523,1297,
2022-02-13 00:00:00,509,,491,1155,
2022-02-14 00:00:00,1050,,598,1419,
2022-02-15 00:00:00,1077,,636,1629,
2022-02-16 00:00:00,1147,,663,1619,
2022-02-17 00:00:00,1042,,686,1523,
2022-02-18 00:00:00,940,,571,1421,
2022-02-19 00:00:00,663,,463,1164,
2022-02-20 00:00:00,560,,395,1244,
2022-02-21 00:00:00,1062,,610,1642,
2022-02-22 00:00:00,989,,661,1625,
2022-02-23 00:00:00,952,,619,1450,
2022-02-24 00:00:00,978,,554,1462,
2022-02-25 00:00:00,978,,510,1294,
2022-02-26 00:00:00,717,,423,1106,
2022-02-27 00:00:00,557,,465,1213,
2022-02-28 00:00:00,983,,578,1525,
2022-03-01 00:00:00,1126,,614,1619,
2022-03-02 00:00:00,1177,,614,1705,
2022-03-03 00:00:00,1171,,634,1702,
2022-03-04 00:00:00,1142,,567,1675,
2022-03-05 00:00:00,743,,442,1178,
2022-03-06 00:00:00,574,,440,1076,
2022-03-07 00:00:00,1211,,615,1792,
2022-03-08 00:00:00,1212,,643,1837,
2022-03-09 00:00:00,1259,,673,1853,
2022-03-10 00:00:00,1186,,693,1790,
2022-03-11 00:00:00,1209,,584,1693,
2022-03-12 00:00:00,814,,508,1163,
2022-03-13 00:00:00,506,,446,1209,
2022-03-14 00:00:00,1252,,633,1839,
2022-03-15 00:00:00,1297,,733,1958,
2022-03-16 00:00:00,1352,,649,1896,
2022-03-17 00:00:00,1286,,631,1767,
2022-03-18 00:00:00,1307,,648,1732,
2022-03-19 00:00:00,834,,470,1175,
2022-03-20 00:00:00,558,,429,1198,
2022-03-21 00:00:00,1301,,662,1781,
2022-03-22 00:00:00,1312,,719,1831,
2022-03-23 00:00:00,1263,,729,1834,
2022-03-24 00:00:00,1205,,653,1632,
2022-03-25 00:00:00,1152,,616,1657,
2022-03-26 00:00:00,743,,525,1206,
2022-03-27 00:00:00,536,,480,1232,
2022-03-28 00:00:00,1334,,619,1747,
2022-03-29 00:00:00,1226,,636,1717,
2022-03-30 00:00:00,1275,,651,1779,
2022-03-31 00:00:00,1157,,649,1598,
2022-04-01 00:00:00,1186,,582,1480,
2022-04-02 00:00:00,786,,462,1205,
2022-04-03 00:00:00,547,,425,1096,
2022-04-04 00:00:00,1314,,578,1737,
2022-04-05 00:00:00,1383,,663,1800,
2022-04-06 00:00:00,1343,,638,1704,
2022-04-07 00:00:00,1337,,655,1715,
2022-04-08 00:00:00,1324,,583,1653,
2022-04-09 00:00:00,730,,473,1111,
2022-04-10 00:00:00,482,,416,1065,
2022-04-11 00:00:00,1294,,592,1663,
2022-04-12 00:00:00,1270,,577,1542,
2022-04-13 00:00:00,1374,,645,1649,
2022-04-14 00:00:00,1224,,645,1491,
2022-04-15 00:00:00,479,,,995,
2022-04-16 00:00:00,506,,,1225,
2022-04-17 00:00:00,495,,,1089,
2022-04-18 00:00:00,1229,,,1573,
2022-04-19 00:00:00,1224,,,1544,
2022-04-20 00:00:00,1335,,,1584,
2022-04-21 00:00:00,1175,,,1564,
2022-04-22 00:00:00,859,,,931,
2022-04-23 00:00:00,667,,,953,
2022-04-24 00:00:00,506,,,1072,
2022-04-25 00:00:00,1271,,,1467,
2022-04-26 00:00:00,798,,,760,
2022-04-27 00:00:00,604,,,482,
2022-04-28 00:00:00,1125,,,1229,
2022-04-29 00:00:00,1170,,,1292,
2022-04-30 00:00:00,625,,,1061,
2022-05-01 00:00:00,465,,,976,
2022-05-02 00:00:00,1239,,,1417,
2022-05-03 00:00:00,1209,,,1427,
2022-05-04 00:00:00,1195,,,1563,
2022-05-05 00:00:00,1027,,,1170,
2022-05-06 00:00:00,1056,,,1310,
2022-05-07 00:00:00,712,,,911,
2022-05-08 00:00:00,394,,,580,
2022-05-09 00:00:00,1113,,,1333,
2022-05-10 00:00:00,1192,8,,1451,
2022-05-11 00:00:00,1172,0,,1440,
2022-05-12 00:00:00,1080,0,,1225,
2022-05-13 00:00:00,1077,0,,1343,
2022-05-14 00:00:00,672,0,,885,
2022-05-15 00:00:00,477,0,,1038,
2022-05-16 00:00:00,1171,0,,1349,
2022-05-17 00:00:00,1211,0,,1444,
2022-05-18 00:00:00,1073,0,,1245,
2022-05-19 00:00:00,1049,0,,1215,
2022-05-20 00:00:00,820,0,,872,
2022-05-21 00:00:00,569,0,,883,
2022-05-22 00:00:00,400,0,,635,
2022-05-23 00:00:00,718,0,,800,
2022-05-24 00:00:00,919,,,1000,
2022-05-25 00:00:00,1099,,,1233,
2022-05-26 00:00:00,983,,,1050,
2022-05-27 00:00:00,884,,,1009,
2022-05-28 00:00:00,501,,,713,
2022-05-29 00:00:00,360,,,640,
2022-05-30 00:00:00,930,,,984,
2022-05-31 00:00:00,1007,,,1019,
2022-06-01 00:00:00,983,,,956,
2022-06-02 00:00:00,843,,,863,
2022-06-03 00:00:00,358,,,337,
2022-06-04 00:00:00,390,,,392,
2022-06-05 00:00:00,361,,,686,
2022-06-06 00:00:00,978,,,1117,
2022-06-07 00:00:00,1030,,,1142,
2022-06-08 00:00:00,1036,,320,1137,
2022-06-09 00:00:00,980,,501,1117,
2022-06-10 00:00:00,1003,,517,1131,
2022-06-11 00:00:00,661,,481,1071,
2022-06-12 00:00:00,388,,376,741,
2022-06-13 00:00:00,983,,449,973,
2022-06-14 00:00:00,928,,497,1048,
2022-06-15 00:00:00,1026,,468,1048,
2022-06-16 00:00:00,913,,555,1084,
2022-06-17 00:00:00,855,,490,1063,
2022-06-18 00:00:00,564,,359,745,
2022-06-19 00:00:00,361,,219,522,
2022-06-20 00:00:00,708,,439,874,
2022-06-21 00:00:00,438,,400,861,
2022-06-22 00:00:00,835,,437,866,
2022-06-23 00:00:00,356,,206,280,
2022-06-24 00:00:00,888,,449,848,
2022-06-25 00:00:00,637,,432,785,
2022-06-26 00:00:00,427,,381,694,
2022-06-27 00:00:00,434,,388,848,
2022-06-28 00:00:00,964,,473,897,
2022-06-29 00:00:00,991,,498,930,
2022-06-30 00:00:00,1020,,501,989,
2022-07-01 00:00:00,302,,162,163,
2022-07-02 00:00:00,531,,336,599,
2022-07-03 00:00:00,318,,214,461,
2022-07-04 00:00:00,949,,522,937,
2022-07-05 00:00:00,972,,566,936,
2022-07-06 00:00:00,424,,273,297,
2022-07-07 00:00:00,796,,453,696,
2022-07-08 00:00:00,849,,507,820,
2022-07-09 00:00:00,263,,175,280,
2022-07-10 00:00:00,88,,57,24,
2022-07-11 00:00:00,492,,274,338,
2022-07-12 00:00:00,843,,515,764,
2022-07-13 00:00:00,659,,400,550,
2022-07-14 00:00:00,341,,237,178,
2022-07-15 00:00:00,346,,234,239,
2022-07-16 00:00:00,361,,248,430,
2022-07-17 00:00:00,308,,184,342,
2022-07-18 00:00:00,872,,490,909,
2022-07-19 00:00:00,858,,524,1059,
2022-07-20 00:00:00,839,,574,1028,
2022-07-21 00:00:00,884,,521,933,
2022-07-22 00:00:00,876,,532,1005,
2022-07-23 00:00:00,648,,497,991,
2022-07-24 00:00:00,395,,305,668,
2022-07-25 00:00:00,907,,523,1129,
2022-07-26 00:00:00,908,,556,1201,
2022-07-27 00:00:00,868,,524,1104,
2022-07-28 00:00:00,960,,515,1225,
2022-07-29 00:00:00,939,,481,1173,
2022-07-30 00:00:00,580,,299,701,
2022-07-31 00:00:00,482,,390,908,
2022-08-01 00:00:00,990,,452,1103,
2022-08-02 00:00:00,1053,,572,1266,
2022-08-03 00:00:00,948,,569,1173,
2022-08-04 00:00:00,1015,,532,1183,
2022-08-05 00:00:00,920,,542,1159,
2022-08-06 00:00:00,277,,126,156,
2022-08-07 00:00:00,305,,286,397,
2022-08-08 00:00:00,1016,,551,1159,
2022-08-09 00:00:00,1034,,570,1258,
2022-08-10 00:00:00,1019,,612,1297,
2022-08-11 00:00:00,1046,,572,1187,
2022-08-12 00:00:00,915,,563,1213,
2022-08-13 00:00:00,651,,448,965,
2022-08-14 00:00:00,241,,177,364,
2022-08-15 00:00:00,424,,393,672,
2022-08-16 00:00:00,547,,340,497,
2022-08-17 00:00:00,801,,477,713,
2022-08-18 00:00:00,974,,589,994,
2022-08-19 00:00:00,981,,613,1080,
2022-08-20 00:00:00,708,,500,1081,
2022-08-21 00:00:00,527,,456,1193,
2022-08-22 00:00:00,981,,492,1102,
2022-08-23 00:00:00,1078,,592,1226,
2022-08-24 00:00:00,1047,,550,1158,
2022-08-25 00:00:00,1121,,622,1327,
2022-08-26 00:00:00,1052,,570,1153,
2022-08-27 00:00:00,722,,529,922,
2022-08-28 00:00:00,555,,545,1227,
2022-08-29 00:00:00,1208,,584,1396,
2022-08-30 00:00:00,1139,,574,1195,
2022-08-31 00:00:00,1141,,518,1121,
2022-09-01 00:00:00,1040,,566,1238,
2022-09-02 00:00:00,1099,,647,1298,
2022-09-03 00:00:00,999,,513,1279,
2022-09-04 00:00:00,750,,463,1183,
2022-09-05 00:00:00,1199,,699,1517,
2022-09-06 00:00:00,1271,,594,1497,
2022-09-07 00:00:00,977,,530,1084,
2022-09-08 00:00:00,515,,292,305,
2022-09-09 00:00:00,1071,,566,1108,
2022-09-10 00:00:00,730,,505,1041,
2022-09-11 00:00:00,424,,280,656,
2022-09-12 00:00:00,1116,,639,1395,
2022-09-13 00:00:00,1084,,593,1290,
2022-09-14 00:00:00,1114,,619,1293,
2022-09-15 00:00:00,967,,577,1137,
2022-09-16 00:00:00,469,,353,736,
2022-09-17 00:00:00,348,,247,557,
2022-09-18 00:00:00,214,,208,398,
2022-09-19 00:00:00,274,,279,657,
2022-09-20 00:00:00,961,,458,767,
2022-09-21 00:00:00,1075,,608,1047,
2022-09-22 00:00:00,1023,,660,1284,
2022-09-23 00:00:00,989,,575,1159,
2022-09-24 00:00:00,473,,275,449,
2022-09-25 00:00:00,461,,409,1011,
2022-09-26 00:00:00,1098,,622,1337,
2022-09-27 00:00:00,1226,,744,1537,
2022-09-28 00:00:00,1254,,655,1437,
2022-09-29 00:00:00,1207,,632,1310,
2022-09-30 00:00:00,1159,,621,1427,
2022-10-01 00:00:00,751,,477,1292,
2022-10-02 00:00:00,573,,517,1185,
2022-10-03 00:00:00,1077,,567,1154,
2022-10-04 00:00:00,1044,,601,1196,
2022-10-05 00:00:00,1093,,646,1247,
2022-10-06 00:00:00,1122,,692,1406,
2022-10-07 00:00:00,1179,,708,1336,
2022-10-08 00:00:00,772,,550,1198,
2022-10-09 00:00:00,507,,515,1129,
2022-10-10 00:00:00,632,,561,1389,
2022-10-11 00:00:00,1238,,728,1518,
2022-10-12 00:00:00,1207,,733,1685,
2022-10-13 00:00:00,1213,,702,1541,
2022-10-14 00:00:00,1176,,736,1514,
2022-10-15 00:00:00,814,,592,1338,
2022-10-16 00:00:00,534,,537,1206,
2022-10-17 00:00:00,1278,,662,1503,
2022-10-18 00:00:00,1170,,775,1643,
2022-10-19 00:00:00,1284,,745,1714,
2022-10-20 00:00:00,1289,,735,1741,
2022-10-21 00:00:00,1215,,674,1476,
2022-10-22 00:00:00,792,,624,1277,
2022-10-23 00:00:00,614,,533,1311,
2022-10-24 00:00:00,1341,,715,1672,
2022-10-25 00:00:00,1314,,734,1672,
2022-10-26 00:00:00,1291,,729,1734,
2022-10-27 00:00:00,1370,,772,1633,
2022-10-28 00:00:00,1247,,637,1506,
2022-10-29 00:00:00,710,,483,1093,
2022-10-30 00:00:00,512,,380,881,
2022-10-31 00:00:00,546,,478,1046,
2022-11-01 00:00:00,581,,519,1123,
2022-11-02 00:00:00,1265,,696,1630,
2022-11-03 00:00:00,1353,,711,1655,
2022-11-04 00:00:00,1234,,768,1705,
2022-11-05 00:00:00,808,,566,1293,
2022-11-06 00:00:00,534,,459,1234,
2022-11-07 00:00:00,1291,,692,1722,
2022-11-08 00:00:00,1291,,773,1666,
2022-11-09 00:00:00,1069,,698,1525,
2022-11-10 00:00:00,1136,,746,1589,
2022-11-11 00:00:00,1139,,678,1440,
2022-11-12 00:00:00,593,,385,770,
2022-11-13 00:00:00,542,,451,1047,
2022-11-14 00:00:00,1382,,788,1733,
2022-11-15 00:00:00,1286,,792,1839,
2022-11-16 00:00:00,1356,,763,1800,
2022-11-17 00:00:00,1254,99,764,1702,
2022-11-18 00:00:00,1216,281,710,1594,
2022-11-19 00:00:00,731,203,476,1120,
2022-11-20 00:00:00,533,110,448,1147,
2022-11-21 00:00:00,1280,337,706,1744,
2022-11-22 00:00:00,1297,314,763,1731,
2022-11-23 00:00:00,1398,315,754,1767,
2022-11-24 00:00:00,1334,329,779,1759,
2022-11-25 00:00:00,1229,300,691,1585,
2022-11-26 00:00:00,695,198,542,1109,
2022-11-27 00:00:00,525,116,443,1110,
2022-11-28 00:00:00,1227,332,753,1760,
2022-11-29 00:00:00,1294,330,742,1780,
2022-11-30 00:00:00,1266,327,709,1710,
2022-12-01 00:00:00,1288,290,674,1662,
2022-12-02 00:00:00,1182,294,671,1649,
2022-12-03 00:00:00,730,201,442,1163,
2022-12-04 00:00:00,531,120,439,1063,
2022-12-05 00:00:00,1203,334,682,1687,
2022-12-06 00:00:00,1222,305,707,1734,
2022-12-07 00:00:00,1261,365,701,1616,
2022-12-08 00:00:00,638,144,571,1291,
2022-12-09 00:00:00,1039,242,632,1410,
2022-12-10 00:00:00,747,220,437,1124,
2022-12-11 00:00:00,522,130,394,1111,
2022-12-12 00:00:00,1185,318,716,1716,
2022-12-13 00:00:00,1227,308,742,1680,
2022-12-14 00:00:00,1184,355,750,1639,
2022-12-15 00:00:00,1166,350,737,1578,
2022-12-16 00:00:00,1174,266,625,1375,
2022-12-17 00:00:00,778,184,452,1155,
2022-12-18 00:00:00,515,158,377,1015,
2022-12-19 00:00:00,1161,311,635,1661,
2022-12-20 00:00:00,1185,308,733,1799,
2022-12-21 00:00:00,1179,345,642,1580,
2022-12-22 00:00:00,1182,261,691,1494,
2022-12-23 00:00:00,1039,328,655,1429,
2022-12-24 00:00:00,681,224,383,842,
2022-12-25 00:00:00,411,122,314,940,
2022-12-26 00:00:00,1175,362,708,1723,
2022-12-27 00:00:00,1194,333,762,1801,
2022-12-28 00:00:00,1207,293,756,1607,
2022-12-29 00:00:00,1157,277,731,1568,
2022-12-30 00:00:00,1017,288,742,1539,
2022-12-31 00:00:00,428,176,319,607,
2023-01-01 00:00:00,293,122,277,828,
2023-01-02 00:00:00,566,140,415,1222,
2023-01-03 00:00:00,1298,324,722,1756,
2023-01-04 00:00:00,1326,316,772,1718,
2023-01-05 00:00:00,1169,330,836,1753,
2023-01-06 00:00:00,1136,326,734,1535,
2023-01-07 00:00:00,751,201,530,1328,
2023-01-08 00:00:00,532,127,431,1071,
2023-01-09 00:00:00,1205,354,718,1547,
2023-01-10 00:00:00,1296,328,863,1955,
2023-01-11 00:00:00,1310,327,800,1770,
2023-01-12 00:00:00,1251,280,849,1770,
2023-01-13 00:00:00,1166,281,782,1596,
2023-01-14 00:00:00,708,209,512,1305,
2023-01-15 00:00:00,552,119,458,1051,
2023-01-16 00:00:00,1212,302,763,1727,
2023-01-17 00:00:00,1210,328,973,1946,
2023-01-18 00:00:00,1207,351,832,1699,
2023-01-19 00:00:00,1202,330,905,1820,
2023-01-20 00:00:00,1129,299,818,1502,
2023-01-21 00:00:00,711,213,664,1297,
2023-01-22 00:00:00,558,125,498,1237,
2023-01-23 00:00:00,1174,360,819,1714,
2023-01-24 00:00:00,1301,325,868,1768,
2023-01-25 00:00:00,1199,348,855,1847,
2023-01-26 00:00:00,1293,316,921,1748,
2023-01-27 00:00:00,1094,272,758,1515,
2023-01-28 00:00:00,739,204,525,1115,
2023-01-29 00:00:00,511,126,463,1150,
2023-01-30 00:00:00,1234,373,770,1672,
2023-01-31 00:00:00,1198,317,785,1655,
2023-02-01 00:00:00,1341,377,818,1670,
2023-02-02 00:00:00,1115,290,782,1476,
2023-02-03 00:00:00,1031,294,679,1329,
2023-02-04 00:00:00,682,214,516,1111,
2023-02-05 00:00:00,466,98,364,978,
2023-02-06 00:00:00,1035,267,725,1466,
2023-02-07 00:00:00,1071,335,758,1507,
2023-02-08 00:00:00,1128,316,708,1408,
2023-02-09 00:00:00,1079,302,704,1459,
2023-02-10 00:00:00,999,279,711,1357,
2023-02-11 00:00:00,684,216,499,1035,
2023-02-12 00:00:00,505,129,422,967,
2023-02-13 00:00:00,1099,325,708,1516,
2023-02-14 00:00:00,1116,321,720,1525,
2023-02-15 00:00:00,1145,320,787,1604,
2023-02-16 00:00:00,1093,285,787,1528,
2023-02-17 00:00:00,973,321,699,1359,
2023-02-18 00:00:00,685,182,531,1158,
2023-02-19 00:00:00,524,106,442,1095,
2023-02-20 00:00:00,1049,294,677,1500,
2023-02-21 00:00:00,1084,245,716,1528,
2023-02-22 00:00:00,1085,327,776,1578,
2023-02-23 00:00:00,1075,278,768,1522,
2023-02-24 00:00:00,966,300,714,1347,
2023-02-25 00:00:00,665,213,556,1313,
2023-02-26 00:00:00,527,106,441,1132,
2023-02-27 00:00:00,1080,286,737,1537,
2023-02-28 00:00:00,1090,308,742,1651,
2023-03-01 00:00:00,1191,336,791,1724,
2023-03-02 00:00:00,1085,362,758,1720,
2023-03-03 00:00:00,1090,310,805,1668,
2023-03-04 00:00:00,738,262,462,1053,
2023-03-05 00:00:00,530,102,390,1126,
2023-03-06 00:00:00,1145,358,744,1752,
2023-03-07 00:00:00,1324,352,878,1926,
2023-03-08 00:00:00,1317,371,863,1832,
2023-03-09 00:00:00,1218,360,811,1831,
2023-03-10 00:00:00,1166,327,795,1749,
2023-03-11 00:00:00,673,228,540,1259,
2023-03-12 00:00:00,522,134,489,1150,
2023-03-13 00:00:00,1399,351,792,1872,
2023-03-14 00:00:00,1451,328,804,1902,
2023-03-15 00:00:00,1335,359,836,1937,
2023-03-16 00:00:00,1389,304,809,1884,
2023-03-17 00:00:00,1297,396,801,1714,
2023-03-18 00:00:00,703,274,496,1164,
2023-03-19 00:00:00,542,144,435,1065,
2023-03-20 00:00:00,1365,353,807,1942,
2023-03-21 00:00:00,1363,346,803,1881,
2023-03-22 00:00:00,1449,346,733,1810,
2023-03-23 00:00:00,1393,360,781,1785,
2023-03-24 00:00:00,1224,368,754,1730,
2023-03-25 00:00:00,762,274,553,1180,
2023-03-26 00:00:00,528,159,460,1181,
2023-03-27 00:00:00,1319,326,776,1870,
2023-03-28 00:00:00,1355,305,771,1906,
2023-03-29 00:00:00,1309,372,851,1840,
2023-03-30 00:00:00,1303,354,780,1763,
2023-03-31 00:00:00,1208,305,642,1625,
2023-04-01 00:00:00,728,246,445,1178,
2023-04-02 00:00:00,536,119,471,1099,
2023-04-03 00:00:00,1313,355,688,1732,
2023-04-04 00:00:00,1369,351,735,1739,
2023-04-05 00:00:00,1357,365,707,1724,
2023-04-06 00:00:00,1185,319,644,1626,
2023-04-07 00:00:00,604,126,414,1101,
2023-04-08 00:00:00,579,138,514,1257,
2023-04-09 00:00:00,470,141,477,1103,
2023-04-10 00:00:00,1371,361,785,1898,
2023-04-11 00:00:00,1402,339,773,1898,
2023-04-12 00:00:00,1412,303,734,1738,
2023-04-13 00:00:00,1315,332,708,1702,
2023-04-14 00:00:00,1215,270,675,1592,
2023-04-15 00:00:00,754,230,456,1169,
2023-04-16 00:00:00,508,97,409,946,
2023-04-17 00:00:00,1302,293,657,1669,
2023-04-18 00:00:00,1268,290,724,1620,
2023-04-19 00:00:00,1326,306,727,1631,
2023-04-20 00:00:00,1287,315,674,1571,
2023-04-21 00:00:00,1079,313,643,1385,
2023-04-22 00:00:00,727,209,471,1022,
2023-04-23 00:00:00,488,85,441,980,
2023-04-24 00:00:00,1248,258,631,1507,
2023-04-25 00:00:00,1257,269,716,1626,
2023-04-26 00:00:00,1253,302,697,1550,
2023-04-27 00:00:00,1176,254,694,1468,
2023-04-28 00:00:00,1040,221,554,1200,
2023-04-29 00:00:00,295,114,89,140,
2023-04-30 00:00:00,280,78,197,254,
2023-05-01 00:00:00,431,92,438,808,
2023-05-02 00:00:00,1050,296,630,1201,
2023-05-03 00:00:00,1119,300,614,1342,
2023-05-04 00:00:00,1085,278,690,1351,
2023-05-05 00:00:00,1028,251,588,1259,
2023-05-06 00:00:00,566,146,372,741,
2023-05-07 00:00:00,624,300,343,837,
2023-05-08 00:00:00,1063,296,636,1373,
2023-05-09 00:00:00,1147,281,640,1488,
2023-05-10 00:00:00,1159,318,658,1437,
2023-05-11 00:00:00,1162,316,652,1333,
2023-05-12 00:00:00,1129,285,621,1339,
2023-05-13 00:00:00,677,188,466,980,
2023-05-14 00:00:00,460,102,331,715,
2023-05-15 00:00:00,1090,278,604,1334,
2023-05-16 00:00:00,1112,265,641,1403,
2023-05-17 00:00:00,1020,375,638,1255,
2023-05-18 00:00:00,1107,297,674,1342,
2023-05-19 00:00:00,1025,261,610,1241,
2023-05-20 00:00:00,618,161,437,942,
2023-05-21 00:00:00,292,25,207,450,
2023-05-22 00:00:00,808,170,469,518,
2023-05-23 00:00:00,980,165,594,908,
2023-05-24 00:00:00,1054,250,615,1088,
2023-05-25 00:00:00,1016,249,544,1020,
2023-05-26 00:00:00,916,255,567,1166,
2023-05-27 00:00:00,616,189,508,976,
2023-05-28 00:00:00,392,55,303,672,
2023-05-29 00:00:00,1029,298,630,1227,
2023-05-30 00:00:00,1049,276,603,1227,
2023-05-31 00:00:00,1018,278,653,1391,
2023-06-01 00:00:00,993,262,672,1311,
2023-06-02 00:00:00,787,101,455,659,
2023-06-03 00:00:00,566,154,352,370,
2023-06-04 00:00:00,412,87,344,564,
2023-06-05 00:00:00,1035,291,602,1172,
2023-06-06 00:00:00,1048,284,627,1221,
2023-06-07 00:00:00,1074,274,632,1297,
2023-06-08 00:00:00,968,181,572,1146,
2023-06-09 00:00:00,425,214,322,242,
2023-06-10 00:00:00,482,151,311,338,
2023-06-11 00:00:00,351,72,281,398,
2023-06-12 00:00:00,887,222,556,877,
2023-06-13 00:00:00,868,220,587,928,
2023-06-14 00:00:00,843,254,499,989,
2023-06-15 00:00:00,889,243,594,1183,
2023-06-16 00:00:00,876,239,589,1093,
2023-06-17 00:00:00,524,147,431,921,
2023-06-18 00:00:00,333,55,257,502,
2023-06-19 00:00:00,962,222,529,1131,
2023-06-20 00:00:00,960,224,585,1124,
2023-06-21 00:00:00,489,98,406,778,
2023-06-22 00:00:00,206,60,183,113,
2023-06-23 00:00:00,208,56,174,114,
2023-06-24 00:00:00,264,85,194,147,
2023-06-25 00:00:00,316,46,289,235,
2023-06-26 00:00:00,315,102,204,149,
2023-06-27 00:00:00,618,256,551,456,
2023-06-28 00:00:00,812,261,582,572,
2023-06-29 00:00:00,800,234,559,654,
2023-06-30 00:00:00,833,216,555,948,
2023-07-01 00:00:00,515,193,412,742,
2023-07-02 00:00:00,291,80,244,494,
2023-07-03 00:00:00,799,262,637,995,
2023-07-04 00:00:00,929,216,620,1150,
2023-07-05 00:00:00,936,246,597,1092,
2023-07-06 00:00:00,840,251,590,980,
2023-07-07 00:00:00,726,202,552,897,
2023-07-08 00:00:00,416,55,295,512,
2023-07-09 00:00:00,349,84,276,617,
2023-07-10 00:00:00,813,248,533,866,
2023-07-11 00:00:00,655,67,445,653,
2023-07-12 00:00:00,391,218,288,226,
2023-07-13 00:00:00,801,200,599,486,
2023-07-14 00:00:00,735,183,528,530,
2023-07-15 00:00:00,457,140,314,447,
2023-07-16 00:00:00,364,55,332,522,
2023-07-17 00:00:00,888,233,549,951,
2023-07-18 00:00:00,876,188,573,1042,
2023-07-19 00:00:00,905,227,611,1138,
2023-07-20 00:00:00,959,241,628,1284,
2023-07-21 00:00:00,487,66,392,496,
2023-07-22 00:00:00,209,89,126,76,
2023-07-23 00:00:00,324,57,276,228,
2023-07-24 00:00:00,885,235,587,677,
2023-07-25 00:00:00,891,221,620,792,
2023-07-26 00:00:00,829,249,616,959,
2023-07-27 00:00:00,950,223,649,1125,
2023-07-28 00:00:00,867,208,555,1007,
2023-07-29 00:00:00,587,192,426,1038,
2023-07-30 00:00:00,393,73,340,787,
2023-07-31 00:00:00,999,214,570,1275,
2023-08-01 00:00:00,965,238,620,1199,
2023-08-02 00:00:00,946,260,694,1251,
2023-08-03 00:00:00,897,219,648,1257,
2023-08-04 00:00:00,984,267,603,1213,
2023-08-05 00:00:00,576,136,383,720,
2023-08-06 00:00:00,381,78,363,774,
2023-08-07 00:00:00,921,218,617,1164,
2023-08-08 00:00:00,971,247,728,1354,
2023-08-09 00:00:00,843,246,644,1189,
2023-08-10 00:00:00,513,84,412,248,
2023-08-11 00:00:00,777,249,563,957,
2023-08-12 00:00:00,530,179,451,864,
2023-08-13 00:00:00,411,95,462,931,
2023-08-14 00:00:00,918,257,619,1292,
2023-08-15 00:00:00,431,88,402,831,
2023-08-16 00:00:00,899,235,588,1027,
2023-08-17 00:00:00,446,198,331,271,
2023-08-18 00:00:00,792,275,550,518,
2023-08-19 00:00:00,103,48,55,31,
2023-08-20 00:00:00,236,18,184,133,
2023-08-21 00:00:00,370,54,290,155,
2023-08-22 00:00:00,177,36,172,65,
2023-08-23 00:00:00,579,137,413,192,
2023-08-24 00:00:00,807,240,602,655,
2023-08-25 00:00:00,904,251,661,1073,
2023-08-26 00:00:00,623,160,502,986,
2023-08-27 00:00:00,450,121,453,1068,
2023-08-28 00:00:00,920,247,559,987,
2023-08-29 00:00:00,1062,243,637,1214,
2023-08-30 00:00:00,932,258,660,1240,
2023-08-31 00:00:00,1011,191,627,1179,
2023-09-01 00:00:00,864,232,608,951,
2023-09-02 00:00:00,262,102,172,99,
2023-09-03 00:00:00,278,72,303,256,
2023-09-04 00:00:00,500,146,334,194,
2023-09-05 00:00:00,730,203,490,563,
2023-09-06 00:00:00,241,90,168,62,
2023-09-07 00:00:00,738,255,519,580,
2023-09-08 00:00:00,773,241,496,790,
2023-09-09 00:00:00,456,107,346,521,
2023-09-10 00:00:00,287,23,170,243,
2023-09-11 00:00:00,667,236,532,744,
2023-09-12 00:00:00,916,266,601,982,
2023-09-13 00:00:00,896,251,609,1157,
2023-09-14 00:00:00,913,274,621,1115,
2023-09-15 00:00:00,818,253,538,1012,
2023-09-16 00:00:00,565,125,360,759,
2023-09-17 00:00:00,270,91,205,362,
2023-09-18 00:00:00,258,50,204,436,
2023-09-19 00:00:00,244,55,228,455,
2023-09-20 00:00:00,782,181,533,997,
2023-09-21 00:00:00,825,255,632,1130,
2023-09-22 00:00:00,793,234,627,972,
2023-09-23 00:00:00,583,170,505,949,
2023-09-24 00:00:00,477,119,507,986,
2023-09-25 00:00:00,1260,280,625,1231,
2023-09-26 00:00:00,1089,260,658,1324,
2023-09-27 00:00:00,1062,269,623,1325,
2023-09-28 00:00:00,1012,242,635,1209,
2023-09-29 00:00:00,1000,272,647,1252,
2023-09-30 00:00:00,694,178,480,1136,
2023-10-01 00:00:00,375,105,301,677,
2023-10-02 00:00:00,920,241,560,1082,
2023-10-03 00:00:00,869,282,539,1056,
2023-10-04 00:00:00,1050,297,655,1252,
2023-10-05 00:00:00,998,257,648,1283,
2023-10-06 00:00:00,931,242,631,1213,
2023-10-07 00:00:00,592,169,479,1019,
2023-10-08 00:00:00,466,108,423,975,
2023-10-09 00:00:00,579,116,519,1283,
2023-10-10 00:00:00,1065,280,622,1311,
2023-10-11 00:00:00,1177,295,735,1402,
2023-10-12 00:00:00,1166,277,728,1512,
2023-10-13 00:00:00,1112,275,671,1389,
2023-10-14 00:00:00,738,208,529,1174,
2023-10-15 00:00:00,501,104,480,1123,
2023-10-16 00:00:00,1129,282,689,1512,
2023-10-17 00:00:00,1151,274,698,1571,
2023-10-18 00:00:00,1044,314,693,1372,
2023-10-19 00:00:00,1133,267,730,1569,
2023-10-20 00:00:00,1069,307,662,1392,
2023-10-21 00:00:00,603,196,536,950,
2023-10-22 00:00:00,472,97,463,1116,
2023-10-23 00:00:00,1060,263,646,1393,
2023-10-24 00:00:00,1129,342,745,1656,
2023-10-25 00:00:00,1190,298,682,1500,
2023-10-26 00:00:00,1093,267,730,1437,
2023-10-27 00:00:00,545,111,425,920,
2023-10-28 00:00:00,540,126,351,746,
2023-10-29 00:00:00,176,24,155,99,
2023-10-30 00:00:00,893,263,561,806,
2023-10-31 00:00:00,958,234,607,1104,
2023-11-01 00:00:00,374,103,314,597,
2023-11-02 00:00:00,886,288,546,628,
2023-11-03 00:00:00,1046,293,675,1246,
2023-11-04 00:00:00,707,259,486,1001,
2023-11-05 00:00:00,529,95,464,1026,
2023-11-06 00:00:00,1158,325,587,1377,
2023-11-07 00:00:00,1210,287,661,1509,
2023-11-08 00:00:00,1089,299,683,1518,
2023-11-09 00:00:00,1079,291,712,1588,
2023-11-10 00:00:00,339,78,188,149,
2023-11-11 00:00:00,471,130,371,620,
2023-11-12 00:00:00,376,103,338,803,
2023-11-13 00:00:00,1042,304,695,1495,
2023-11-14 00:00:00,1152,318,713,1619,
2023-11-15 00:00:00,1117,298,695,1468,
2023-11-16 00:00:00,1149,302,756,1470,
2023-11-17 00:00:00,786,88,474,837,
2023-11-18 00:00:00,663,187,417,889,
2023-11-19 00:00:00,526,134,453,1166,
2023-11-20 00:00:00,1069,306,656,1433,
2023-11-21 00:00:00,1165,348,723,1456,
2023-11-22 00:00:00,1129,332,703,1553,
2023-11-23 00:00:00,1156,303,729,1543,
2023-11-24 00:00:00,1000,306,664,1293,
2023-11-25 00:00:00,691,205,488,1045,
2023-11-26 00:00:00,524,110,462,1087,
2023-11-27 00:00:00,1100,225,663,1416,
2023-11-28 00:00:00,1139,294,755,1483,
2023-11-29 00:00:00,1161,318,748,1578,
2023-11-30 00:00:00,1094,282,669,1474,
2023-12-01 00:00:00,969,245,608,1260,
2023-12-02 00:00:00,638,172,521,1057,
2023-12-03 00:00:00,492,109,397,969,
2023-12-04 00:00:00,1103,294,672,1557,
2023-12-05 00:00:00,1047,287,707,1520,
2023-12-06 00:00:00,1034,319,693,1498,
2023-12-07 00:00:00,1013,313,660,1355,
2023-12-08 00:00:00,563,144,534,1101,
2023-12-09 00:00:00,597,205,463,974,
2023-12-10 00:00:00,464,75,364,872,
2023-12-11 00:00:00,1092,325,621,1485,
2023-12-12 00:00:00,1089,303,672,1418,
2023-12-13 00:00:00,1077,345,645,1437,
2023-12-14 00:00:00,1109,321,636,1397,
2023-12-15 00:00:00,1023,282,644,1333,
2023-12-16 00:00:00,638,208,502,1186,
2023-12-17 00:00:00,716,402,468,1187,
2023-12-18 00:00:00,1039,296,579,1409,
2023-12-19 00:00:00,1034,295,631,1512,
2023-12-20 00:00:00,1003,313,650,1420,
2023-12-21 00:00:00,1039,273,594,1374,
2023-12-22 00:00:00,917,245,541,1314,
2023-12-23 00:00:00,656,184,455,1118,
2023-12-24 00:00:00,454,83,325,754,
2023-12-25 00:00:00,340,171,403,732,
2023-12-26 00:00:00,976,342,653,1489,
2023-12-27 00:00:00,1032,330,725,1592,
2023-12-28 00:00:00,1005,351,659,1501,
2023-12-29 00:00:00,895,316,665,1319,
2023-12-30 00:00:00,617,244,482,1209,
2023-12-31 00:00:00,443,127,340,751,
2024-01-01 00:00:00,282,68,318,763,
2024-01-02 00:00:00,935,327,587,1492,
2024-01-03 00:00:00,1013,286,696,1472,
2024-01-04 00:00:00,1051,284,688,1622,
2024-01-05 00:00:00,956,271,646,1412,
2024-01-06 00:00:00,725,209,541,924,
2024-01-07 00:00:00,469,142,493,1123,
2024-01-08 00:00:00,1057,314,752,1611,
2024-01-09 00:00:00,1105,317,711,1024,
2024-01-10 00:00:00,1087,305,706,1574,
2024-01-11 00:00:00,1087,266,698,1656,
2024-01-12 00:00:00,1011,314,693,1520,
2024-01-13 00:00:00,668,190,541,1214,
2024-01-14 00:00:00,498,92,447,1119,
2024-01-15 00:00:00,1143,327,739,1696,
2024-01-16 00:00:00,1162,314,783,1754,
2024-01-17 00:00:00,1202,296,688,1571,
2024-01-18 00:00:00,1071,304,742,1537,
2024-01-19 00:00:00,996,295,604,1355,
2024-01-20 00:00:00,636,191,509,1205,
2024-01-21 00:00:00,432,131,405,1071,
2024-01-22 00:00:00,962,316,634,1494,
2024-01-23 00:00:00,1058,297,705,1600,
2024-01-24 00:00:00,1074,295,730,1589,
2024-01-25 00:00:00,1075,305,738,1530,
2024-01-26 00:00:00,999,289,629,1474,
2024-01-27 00:00:00,641,199,531,1167,
2024-01-28 00:00:00,462,102,480,1076,
2024-01-29 00:00:00,976,352,685,1451,
2024-01-30 00:00:00,1033,321,637,1556,
2024-01-31 00:00:00,1077,286,692,1484,
2024-02-01 00:00:00,1040,277,630,1338,
2024-02-02 00:00:00,903,248,558,1256,
2024-02-03 00:00:00,614,162,456,956,
2024-02-04 00:00:00,428,113,442,1011,
2024-02-05 00:00:00,1002,303,635,1021,
2024-02-06 00:00:00,1044,290,638,1370,
2024-02-07 00:00:00,1031,293,674,1388,
2024-02-08 00:00:00,1009,264,628,1329,
2024-02-09 00:00:00,884,244,629,1144,
2024-02-10 00:00:00,636,187,523,1150,
2024-02-11 00:00:00,429,100,514,1034,
2024-02-12 00:00:00,976,301,589,1377,
2024-02-13 00:00:00,1013,311,589,1425,
2024-02-14 00:00:00,960,277,635,1334,
2024-02-15 00:00:00,958,290,596,1352,
2024-02-16 00:00:00,892,254,604,1286,
2024-02-17 00:00:00,661,185,506,1021,
2024-02-18 00:00:00,463,105,439,974,
2024-02-19 00:00:00,980,282,588,850,
2024-02-20 00:00:00,1094,298,655,1424,
2024-02-21 00:00:00,1036,317,661,1501,
2024-02-22 00:00:00,688,218,448,791,
2024-02-23 00:00:00,829,270,588,973,
2024-02-24 00:00:00,748,160,495,1035,
2024-02-25 00:00:00,437,94,384,931,
2024-02-26 00:00:00,1052,321,602,1435,
2024-02-27 00:00:00,1062,286,631,1596,
2024-02-28 00:00:00,1100,297,622,1530,
2024-02-29 00:00:00,1040,288,604,1506,
2024-03-01 00:00:00,989,287,607,1470,
2024-03-02 00:00:00,628,171,443,1037,
2024-03-03 00:00:00,463,124,405,1017,
2024-03-04 00:00:00,1113,301,615,1590,
2024-03-05 00:00:00,1336,354,684,1673,
2024-03-06 00:00:00,1115,337,663,1638,
2024-03-07 00:00:00,1091,346,647,1686,
2024-03-08 00:00:00,1080,276,669,1454,
2024-03-09 00:00:00,604,204,439,1088,
2024-03-10 00:00:00,481,109,407,1040,
2024-03-11 00:00:00,1109,296,591,1564,
2024-03-12 00:00:00,1135,313,699,1664,
2024-03-13 00:00:00,1152,317,689,1646,
2024-03-14 00:00:00,1131,346,684,1692,
2024-03-15 00:00:00,1125,317,617,1584,
2024-03-16 00:00:00,660,209,469,1129,
2024-03-17 00:00:00,551,104,447,1103,
2024-03-18 00:00:00,1191,332,646,1591,
2024-03-19 00:00:00,1078,305,694,1666,
2024-03-20 00:00:00,1068,311,611,1544,
2024-03-21 00:00:00,1059,323,652,1604,
2024-03-22 00:00:00,1084,314,662,1556,
2024-03-23 00:00:00,672,202,492,1132,
2024-03-24 00:00:00,483,109,427,1067,
2024-03-25 00:00:00,1175,327,641,1590,
2024-03-26 00:00:00,1168,333,653,1582,
2024-03-27 00:00:00,1149,314,668,1615,
2024-03-28 00:00:00,1109,319,618,1458,
2024-03-29 00:00:00,495,128,465,969,
2024-03-30 00:00:00,570,159,448,1090,
2024-03-31 00:00:00,448,140,437,974,
2024-04-01 00:00:00,1092,346,627,1496,
2024-04-02 00:00:00,1065,286,614,1462,
2024-04-03 00:00:00,1006,280,490,1249,
2024-04-04 00:00:00,1088,323,584,1454,
2024-04-05 00:00:00,1099,392,618,1481,
2024-04-06 00:00:00,665,257,439,1207,
2024-04-07 00:00:00,,,9,,
