Time,Alameda
2017-03-21,
2017-03-22,
2017-03-23,
2017-03-24,
2017-03-25,
2017-03-26,
2017-03-27,
2017-03-28,
2017-03-29,
2017-03-30,
2017-03-31,
2017-04-01,
2017-04-02,
2017-04-03,
2017-04-04,
2017-04-05,
2017-04-06,
2017-04-07,
2017-04-08,
2017-04-09,
2017-04-10,
2017-04-11,
2017-04-12,
2017-04-13,
2017-04-14,
2017-04-15,
2017-04-16,
2017-04-17,
2017-04-18,
2017-04-19,
2017-04-20,
2017-04-21,
2017-04-22,
2017-04-23,
2017-04-24,
2017-04-25,
2017-04-26,
2017-04-27,
2017-04-28,
2017-04-29,
2017-04-30,
2017-05-01,
2017-05-02,
2017-05-03,
2017-05-04,
2017-05-05,
2017-05-06,
2017-05-07,
2017-05-08,
2017-05-09,
2017-05-10,
2017-05-11,
2017-05-12,
2017-05-13,
2017-05-14,
2017-05-15,
2017-05-16,
2017-05-17,
2017-05-18,
2017-05-19,
2017-05-20,
2017-05-21,
2017-05-22,
2017-05-23,
2017-05-24,
2017-05-25,344.0
2017-05-26,289.0
2017-05-27,221.0
2017-05-28,203.0
2017-05-29,308.0
2017-05-30,272.0
2017-05-31,299.0
2017-06-01,278.0
2017-06-02,250.0
2017-06-03,182.0
2017-06-04,138.0
2017-06-05,329.0
2017-06-06,283.0
2017-06-07,191.0
2017-06-08,173.0
2017-06-09,277.0
2017-06-10,220.0
2017-06-11,144.0
2017-06-12,320.0
2017-06-13,268.0
2017-06-14,234.0
2017-06-15,297.0
2017-06-16,77.0
2017-06-17,118.0
2017-06-18,100.0
2017-06-19,251.0
2017-06-20,247.0
2017-06-21,293.0
2017-06-22,90.0
2017-06-23,238.0
2017-06-24,200.0
2017-06-25,117.0
2017-06-26,89.0
2017-06-27,247.0
2017-06-28,269.0
2017-06-29,278.0
2017-06-30,310.0
2017-07-01,238.0
2017-07-02,147.0
2017-07-03,226.0
2017-07-04,150.0
2017-07-05,266.0
2017-07-06,246.0
2017-07-07,233.0
2017-07-08,197.0
2017-07-09,144.0
2017-07-10,266.0
2017-07-11,267.0
2017-07-12,309.0
2017-07-13,148.0
2017-07-14,263.0
2017-07-15,82.0
2017-07-16,131.0
2017-07-17,253.0
2017-07-18,296.0
2017-07-19,281.0
2017-07-20,272.0
2017-07-21,295.0
2017-07-22,190.0
2017-07-23,166.0
2017-07-24,300.0
2017-07-25,325.0
2017-07-26,344.0
2017-07-27,313.0
2017-07-28,332.0
2017-07-29,223.0
2017-07-30,173.0
2017-07-31,296.0
2017-08-01,291.0
2017-08-02,340.0
2017-08-03,311.0
2017-08-04,252.0
2017-08-05,187.0
2017-08-06,168.0
2017-08-07,282.0
2017-08-08,328.0
2017-08-09,265.0
2017-08-10,94.0
2017-08-11,77.0
2017-08-12,197.0
2017-08-13,92.0
2017-08-14,235.0
2017-08-15,195.0
2017-08-16,345.0
2017-08-17,355.0
2017-08-18,234.0
2017-08-19,188.0
2017-08-20,177.0
2017-08-21,367.0
2017-08-22,344.0
2017-08-23,229.0
2017-08-24,312.0
2017-08-25,292.0
2017-08-26,208.0
2017-08-27,176.0
2017-08-28,256.0
2017-08-29,303.0
2017-08-30,353.0
2017-08-31,312.0
2017-09-01,290.0
2017-09-02,238.0
2017-09-03,189.0
2017-09-04,341.0
2017-09-05,348.0
2017-09-06,342.0
2017-09-07,364.0
2017-09-08,338.0
2017-09-09,227.0
2017-09-10,126.0
2017-09-11,332.0
2017-09-12,330.0
2017-09-13,316.0
2017-09-14,278.0
2017-09-15,340.0
2017-09-16,207.0
2017-09-17,159.0
2017-09-18,79.0
2017-09-19,118.0
2017-09-20,369.0
2017-09-21,397.0
2017-09-22,423.0
2017-09-23,327.0
2017-09-24,391.0
2017-09-25,361.0
2017-09-26,421.0
2017-09-27,456.0
2017-09-28,392.0
2017-09-29,378.0
2017-09-30,66.0
2017-10-01,196.0
2017-10-02,401.0
2017-10-03,394.0
2017-10-04,231.0
2017-10-05,319.0
2017-10-06,348.0
2017-10-07,249.0
2017-10-08,249.0
2017-10-09,310.0
2017-10-10,393.0
2017-10-11,436.0
2017-10-12,442.0
2017-10-13,448.0
2017-10-14,321.0
2017-10-15,279.0
2017-10-16,468.0
2017-10-17,415.0
2017-10-18,456.0
2017-10-19,463.0
2017-10-20,426.0
2017-10-21,545.0
2017-10-22,298.0
2017-10-23,489.0
2017-10-24,486.0
2017-10-25,485.0
2017-10-26,482.0
2017-10-27,364.0
2017-10-28,329.0
2017-10-29,271.0
2017-10-30,482.0
2017-10-31,461.0
2017-11-01,224.0
2017-11-02,227.0
2017-11-03,406.0
2017-11-04,309.0
2017-11-05,293.0
2017-11-06,455.0
2017-11-07,491.0
2017-11-08,510.0
2017-11-09,492.0
2017-11-10,485.0
2017-11-11,387.0
2017-11-12,257.0
2017-11-13,492.0
2017-11-14,530.0
2017-11-15,482.0
2017-11-16,482.0
2017-11-17,449.0
2017-11-18,377.0
2017-11-19,375.0
2017-11-20,502.0
2017-11-21,498.0
2017-11-22,510.0
2017-11-23,510.0
2017-11-24,535.0
2017-11-25,366.0
2017-11-26,302.0
2017-11-27,543.0
2017-11-28,566.0
2017-11-29,575.0
2017-11-30,524.0
2017-12-01,452.0
2017-12-02,332.0
2017-12-03,280.0
2017-12-04,520.0
2017-12-05,537.0
2017-12-06,545.0
2017-12-07,471.0
2017-12-08,298.0
2017-12-09,339.0
2017-12-10,270.0
2017-12-11,515.0
2017-12-12,523.0
2017-12-13,585.0
2017-12-14,556.0
2017-12-15,473.0
2017-12-16,350.0
2017-12-17,343.0
2017-12-18,544.0
2017-12-19,557.0
2017-12-20,518.0
2017-12-21,506.0
2017-12-22,462.0
2017-12-23,345.0
2017-12-24,248.0
2017-12-25,227.0
2017-12-26,621.0
2017-12-27,567.0
2017-12-28,584.0
2017-12-29,467.0
2017-12-30,404.0
2017-12-31,254.0
2018-01-01,165.0
2018-01-02,612.0
2018-01-03,617.0
2018-01-04,592.0
2018-01-05,530.0
2018-01-06,411.0
2018-01-07,310.0
2018-01-08,568.0
2018-01-09,581.0
2018-01-10,589.0
2018-01-11,560.0
2018-01-12,539.0
2018-01-13,449.0
2018-01-14,394.0
2018-01-15,567.0
2018-01-16,593.0
2018-01-17,571.0
2018-01-18,609.0
2018-01-19,560.0
2018-01-20,433.0
2018-01-21,380.0
2018-01-22,604.0
2018-01-23,640.0
2018-01-24,646.0
2018-01-25,639.0
2018-01-26,556.0
2018-01-27,486.0
2018-01-28,377.0
2018-01-29,642.0
2018-01-30,667.0
2018-01-31,669.0
2018-02-01,585.0
2018-02-02,537.0
2018-02-03,436.0
2018-02-04,362.0
2018-02-05,573.0
2018-02-06,600.0
2018-02-07,575.0
2018-02-08,595.0
2018-02-09,549.0
2018-02-10,452.0
2018-02-11,325.0
2018-02-12,615.0
2018-02-13,620.0
2018-02-14,568.0
2018-02-15,540.0
2018-02-16,514.0
2018-02-17,395.0
2018-02-18,339.0
2018-02-19,579.0
2018-02-20,537.0
2018-02-21,573.0
2018-02-22,579.0
2018-02-23,562.0
2018-02-24,436.0
2018-02-25,343.0
2018-02-26,658.0
2018-02-27,633.0
2018-02-28,619.0
2018-03-01,670.0
2018-03-02,572.0
2018-03-03,433.0
2018-03-04,339.0
2018-03-05,645.0
2018-03-06,634.0
2018-03-07,688.0
2018-03-08,707.0
2018-03-09,654.0
2018-03-10,494.0
2018-03-11,378.0
2018-03-12,711.0
2018-03-13,638.0
2018-03-14,658.0
2018-03-15,692.0
2018-03-16,666.0
2018-03-17,422.0
2018-03-18,324.0
2018-03-19,687.0
2018-03-20,732.0
2018-03-21,684.0
2018-03-22,749.0
2018-03-23,661.0
2018-03-24,490.0
2018-03-25,423.0
2018-03-26,721.0
2018-03-27,769.0
2018-03-28,757.0
2018-03-29,705.0
2018-03-30,438.0
2018-03-31,383.0
2018-04-01,417.0
2018-04-02,801.0
2018-04-03,810.0
2018-04-04,771.0
2018-04-05,705.0
2018-04-06,626.0
2018-04-07,457.0
2018-04-08,417.0
2018-04-09,788.0
2018-04-10,772.0
2018-04-11,663.0
2018-04-12,745.0
2018-04-13,664.0
2018-04-14,614.0
2018-04-15,396.0
2018-04-16,745.0
2018-04-17,693.0
2018-04-18,728.0
2018-04-19,711.0
2018-04-20,710.0
2018-04-21,530.0
2018-04-22,432.0
2018-04-23,733.0
2018-04-24,711.0
2018-04-25,775.0
2018-04-26,743.0
2018-04-27,722.0
2018-04-28,510.0
2018-04-29,359.0
2018-04-30,578.0
2018-05-01,372.0
2018-05-02,691.0
2018-05-03,705.0
2018-05-04,695.0
2018-05-05,577.0
2018-05-06,469.0
2018-05-07,797.0
2018-05-08,870.0
2018-05-09,755.0
2018-05-10,744.0
2018-05-11,709.0
2018-05-12,537.0
2018-05-13,383.0
2018-05-14,691.0
2018-05-15,689.0
2018-05-16,650.0
2018-05-17,750.0
2018-05-18,704.0
2018-05-19,498.0
2018-05-20,406.0
2018-05-21,424.0
2018-05-22,710.0
2018-05-23,768.0
2018-05-24,722.0
2018-05-25,723.0
2018-05-26,375.0
2018-05-27,371.0
2018-05-28,525.0
2018-05-29,178.0
2018-05-30,518.0
2018-05-31,546.0
2018-06-01,548.0
2018-06-02,398.0
2018-06-03,368.0
2018-06-04,514.0
2018-06-05,440.0
2018-06-06,514.0
2018-06-07,595.0
2018-06-08,633.0
2018-06-09,292.0
2018-06-10,160.0
2018-06-11,193.0
2018-06-12,467.0
2018-06-13,560.0
2018-06-14,539.0
2018-06-15,534.0
2018-06-16,409.0
2018-06-17,357.0
2018-06-18,616.0
2018-06-19,667.0
2018-06-20,628.0
2018-06-21,563.0
2018-06-22,594.0
2018-06-23,446.0
2018-06-24,147.0
2018-06-25,625.0
2018-06-26,569.0
2018-06-27,625.0
2018-06-28,540.0
2018-06-29,599.0
2018-06-30,412.0
2018-07-01,174.0
2018-07-02,310.0
2018-07-03,555.0
2018-07-04,270.0
2018-07-05,145.0
2018-07-06,154.0
2018-07-07,400.0
2018-07-08,367.0
2018-07-09,618.0
2018-07-10,527.0
2018-07-11,584.0
2018-07-12,660.0
2018-07-13,579.0
2018-07-14,408.0
2018-07-15,276.0
2018-07-16,362.0
2018-07-17,578.0
2018-07-18,533.0
2018-07-19,551.0
2018-07-20,558.0
2018-07-21,404.0
2018-07-22,313.0
2018-07-23,554.0
2018-07-24,635.0
2018-07-25,637.0
2018-07-26,616.0
2018-07-27,361.0
2018-07-28,482.0
2018-07-29,301.0
2018-07-30,626.0
2018-07-31,564.0
2018-08-01,642.0
2018-08-02,572.0
2018-08-03,611.0
2018-08-04,404.0
2018-08-05,296.0
2018-08-06,542.0
2018-08-07,486.0
2018-08-08,697.0
2018-08-09,714.0
2018-08-10,702.0
2018-08-11,506.0
2018-08-12,395.0
2018-08-13,695.0
2018-08-14,744.0
2018-08-15,473.0
2018-08-16,769.0
2018-08-17,696.0
2018-08-18,464.0
2018-08-19,392.0
2018-08-20,758.0
2018-08-21,822.0
2018-08-22,612.0
2018-08-23,194.0
2018-08-24,621.0
2018-08-25,463.0
2018-08-26,443.0
2018-08-27,731.0
2018-08-28,741.0
2018-08-29,729.0
2018-08-30,637.0
2018-08-31,570.0
2018-09-01,412.0
2018-09-02,393.0
2018-09-03,784.0
2018-09-04,832.0
2018-09-05,732.0
2018-09-06,726.0
2018-09-07,739.0
2018-09-08,560.0
2018-09-09,425.0
2018-09-10,791.0
2018-09-11,800.0
2018-09-12,807.0
2018-09-13,727.0
2018-09-14,691.0
2018-09-15,332.0
2018-09-16,317.0
2018-09-17,246.0
2018-09-18,148.0
2018-09-19,256.0
2018-09-20,560.0
2018-09-21,730.0
2018-09-22,604.0
2018-09-23,410.0
2018-09-24,819.0
2018-09-25,817.0
2018-09-26,868.0
2018-09-27,677.0
2018-09-28,667.0
2018-09-29,307.0
2018-09-30,332.0
2018-10-01,851.0
2018-10-02,880.0
2018-10-03,923.0
2018-10-04,858.0
2018-10-05,794.0
2018-10-06,639.0
2018-10-07,370.0
2018-10-08,743.0
2018-10-09,825.0
2018-10-10,858.0
2018-10-11,804.0
2018-10-12,743.0
2018-10-13,545.0
2018-10-14,425.0
2018-10-15,585.0
2018-10-16,802.0
2018-10-17,890.0
2018-10-18,884.0
2018-10-19,917.0
2018-10-20,693.0
2018-10-21,548.0
2018-10-22,920.0
2018-10-23,937.0
2018-10-24,992.0
2018-10-25,966.0
2018-10-26,990.0
2018-10-27,731.0
2018-10-28,528.0
2018-10-29,672.0
2018-10-30,712.0
2018-10-31,935.0
2018-11-01,500.0
2018-11-02,515.0
2018-11-03,636.0
2018-11-04,571.0
2018-11-05,1038.0
2018-11-06,990.0
2018-11-07,1062.0
2018-11-08,1028.0
2018-11-09,1027.0
2018-11-10,730.0
2018-11-11,496.0
2018-11-12,941.0
2018-11-13,799.0
2018-11-14,1030.0
2018-11-15,1013.0
2018-11-16,960.0
2018-11-17,684.0
2018-11-18,640.0
2018-11-19,968.0
2018-11-20,1088.0
2018-11-21,1151.0
2018-11-22,1034.0
2018-11-23,994.0
2018-11-24,736.0
2018-11-25,533.0
2018-11-26,1089.0
2018-11-27,1150.0
2018-11-28,1160.0
2018-11-29,1123.0
2018-11-30,1013.0
2018-12-01,736.0
2018-12-02,578.0
2018-12-03,1064.0
2018-12-04,848.0
2018-12-05,1007.0
2018-12-06,1065.0
2018-12-07,982.0
2018-12-08,522.0
2018-12-09,504.0
2018-12-10,1074.0
2018-12-11,1062.0
2018-12-12,1075.0
2018-12-13,1074.0
2018-12-14,927.0
2018-12-15,705.0
2018-12-16,531.0
2018-12-17,1079.0
2018-12-18,1038.0
2018-12-19,1003.0
2018-12-20,981.0
2018-12-21,923.0
2018-12-22,760.0
2018-12-23,528.0
2018-12-24,779.0
2018-12-25,379.0
2018-12-26,1053.0
2018-12-27,1090.0
2018-12-28,1018.0
2018-12-29,710.0
2018-12-30,525.0
2018-12-31,672.0
2019-01-01,312.0
2019-01-02,1057.0
2019-01-03,1107.0
2019-01-04,1101.0
2019-01-05,705.0
2019-01-06,561.0
2019-01-07,994.0
2019-01-08,1078.0
2019-01-09,1087.0
2019-01-10,1141.0
2019-01-11,1085.0
2019-01-12,746.0
2019-01-13,593.0
2019-01-14,1103.0
2019-01-15,1129.0
2019-01-16,1170.0
2019-01-17,1139.0
2019-01-18,1058.0
2019-01-19,687.0
2019-01-20,488.0
2019-01-21,1094.0
2019-01-22,1116.0
2019-01-23,1142.0
2019-01-24,1167.0
2019-01-25,1019.0
2019-01-26,737.0
2019-01-27,610.0
2019-01-28,1064.0
2019-01-29,1111.0
2019-01-30,1249.0
2019-01-31,1074.0
2019-02-01,1045.0
2019-02-02,690.0
2019-02-03,481.0
2019-02-04,1053.0
2019-02-05,1121.0
2019-02-06,1089.0
2019-02-07,1093.0
2019-02-08,1029.0
2019-02-09,757.0
2019-02-10,531.0
2019-02-11,999.0
2019-02-12,1073.0
2019-02-13,1102.0
2019-02-14,1023.0
2019-02-15,1052.0
2019-02-16,739.0
2019-02-17,490.0
2019-02-18,1050.0
2019-02-19,1106.0
2019-02-20,1062.0
2019-02-21,1001.0
2019-02-22,916.0
2019-02-23,733.0
2019-02-24,519.0
2019-02-25,1112.0
2019-02-26,1033.0
2019-02-27,1038.0
2019-02-28,981.0
2019-03-01,937.0
2019-03-02,689.0
2019-03-03,532.0
2019-03-04,1084.0
2019-03-05,1087.0
2019-03-06,1095.0
2019-03-07,1088.0
2019-03-08,955.0
2019-03-09,734.0
2019-03-10,624.0
2019-03-11,1147.0
2019-03-12,1185.0
2019-03-13,1067.0
2019-03-14,1118.0
2019-03-15,1043.0
2019-03-16,761.0
2019-03-17,570.0
2019-03-18,1124.0
2019-03-19,1172.0
2019-03-20,1099.0
2019-03-21,1183.0
2019-03-22,1075.0
2019-03-23,711.0
2019-03-24,505.0
2019-03-25,1070.0
2019-03-26,1159.0
2019-03-27,1163.0
2019-03-28,1128.0
2019-03-29,1049.0
2019-03-30,656.0
2019-03-31,457.0
2019-04-01,1068.0
2019-04-02,1049.0
2019-04-03,1114.0
2019-04-04,1080.0
2019-04-05,1046.0
2019-04-06,730.0
2019-04-07,496.0
2019-04-08,1158.0
2019-04-09,1066.0
2019-04-10,1113.0
2019-04-11,1293.0
2019-04-12,1236.0
2019-04-13,626.0
2019-04-14,451.0
2019-04-15,1024.0
2019-04-16,1062.0
2019-04-17,1106.0
2019-04-18,1047.0
2019-04-19,527.0
2019-04-20,507.0
2019-04-21,463.0
2019-04-22,1051.0
2019-04-23,1064.0
2019-04-24,648.0
2019-04-25,978.0
2019-04-26,943.0
2019-04-27,728.0
2019-04-28,475.0
2019-04-29,1026.0
2019-04-30,945.0
2019-05-01,505.0
2019-05-02,996.0
2019-05-03,849.0
2019-05-04,614.0
2019-05-05,513.0
2019-05-06,1017.0
2019-05-07,1007.0
2019-05-08,921.0
2019-05-09,930.0
2019-05-10,989.0
2019-05-11,647.0
2019-05-12,425.0
2019-05-13,1076.0
2019-05-14,1083.0
2019-05-15,1098.0
2019-05-16,928.0
2019-05-17,911.0
2019-05-18,564.0
2019-05-19,401.0
2019-05-20,639.0
2019-05-21,489.0
2019-05-22,926.0
2019-05-23,997.0
2019-05-24,921.0
2019-05-25,674.0
2019-05-26,455.0
2019-05-27,1054.0
2019-05-28,987.0
2019-05-29,488.0
2019-05-30,590.0
2019-05-31,723.0
2019-06-01,513.0
2019-06-02,453.0
2019-06-03,922.0
2019-06-04,938.0
2019-06-05,941.0
2019-06-06,801.0
2019-06-07,859.0
2019-06-08,624.0
2019-06-09,388.0
2019-06-10,927.0
2019-06-11,861.0
2019-06-12,839.0
2019-06-13,670.0
2019-06-14,512.0
2019-06-15,547.0
2019-06-16,393.0
2019-06-17,835.0
2019-06-18,802.0
2019-06-19,900.0
2019-06-20,864.0
2019-06-21,828.0
2019-06-22,610.0
2019-06-23,420.0
2019-06-24,628.0
2019-06-25,768.0
2019-06-26,860.0
2019-06-27,763.0
2019-06-28,713.0
2019-06-29,122.0
2019-06-30,337.0
2019-07-01,821.0
2019-07-02,785.0
2019-07-03,769.0
2019-07-04,820.0
2019-07-05,801.0
2019-07-06,612.0
2019-07-07,345.0
2019-07-08,827.0
2019-07-09,865.0
2019-07-10,880.0
2019-07-11,850.0
2019-07-12,813.0
2019-07-13,576.0
2019-07-14,394.0
2019-07-15,720.0
2019-07-16,476.0
2019-07-17,860.0
2019-07-18,850.0
2019-07-19,859.0
2019-07-20,653.0
2019-07-21,117.0
2019-07-22,825.0
2019-07-23,843.0
2019-07-24,805.0
2019-07-25,931.0
2019-07-26,858.0
2019-07-27,648.0
2019-07-28,387.0
2019-07-29,781.0
2019-07-30,1041.0
2019-07-31,830.0
2019-08-01,906.0
2019-08-02,779.0
2019-08-03,629.0
2019-08-04,573.0
2019-08-05,976.0
2019-08-06,955.0
2019-08-07,900.0
2019-08-08,898.0
2019-08-09,923.0
2019-08-10,700.0
2019-08-11,382.0
2019-08-12,912.0
2019-08-13,987.0
2019-08-14,989.0
2019-08-15,458.0
2019-08-16,831.0
2019-08-17,623.0
2019-08-18,418.0
2019-08-19,978.0
2019-08-20,1006.0
2019-08-21,922.0
2019-08-22,1027.0
2019-08-23,1034.0
2019-08-24,765.0
2019-08-25,512.0
2019-08-26,1068.0
2019-08-27,1114.0
2019-08-28,1139.0
2019-08-29,1106.0
2019-08-30,1017.0
2019-08-31,700.0
2019-09-01,518.0
2019-09-02,1091.0
2019-09-03,1116.0
2019-09-04,1083.0
2019-09-05,971.0
2019-09-06,951.0
2019-09-07,624.0
2019-09-08,508.0
2019-09-09,673.0
2019-09-10,990.0
2019-09-11,1025.0
2019-09-12,1013.0
2019-09-13,1063.0
2019-09-14,612.0
2019-09-15,444.0
2019-09-16,875.0
2019-09-17,750.0
2019-09-18,384.0
2019-09-19,323.0
2019-09-20,381.0
2019-09-21,552.0
2019-09-22,525.0
2019-09-23,1087.0
2019-09-24,1158.0
2019-09-25,1153.0
2019-09-26,1133.0
2019-09-27,976.0
2019-09-28,893.0
2019-09-29,618.0
2019-09-30,894.0
2019-10-01,842.0
2019-10-02,1064.0
2019-10-03,1083.0
2019-10-04,1012.0
2019-10-05,798.0
2019-10-06,594.0
2019-10-07,1139.0
2019-10-08,1249.0
2019-10-09,1265.0
2019-10-10,1247.0
2019-10-11,1121.0
2019-10-12,596.0
2019-10-13,570.0
2019-10-14,966.0
2019-10-15,1216.0
2019-10-16,1248.0
2019-10-17,1143.0
2019-10-18,1175.0
2019-10-19,770.0
2019-10-20,575.0
2019-10-21,1145.0
2019-10-22,1079.0
2019-10-23,1115.0
2019-10-24,1191.0
2019-10-25,1280.0
2019-10-26,952.0
2019-10-27,594.0
2019-10-28,1340.0
2019-10-29,1269.0
2019-10-30,1181.0
2019-10-31,780.0
2019-11-01,675.0
2019-11-02,808.0
2019-11-03,722.0
2019-11-04,1132.0
2019-11-05,1286.0
2019-11-06,1360.0
2019-11-07,1361.0
2019-11-08,1327.0
2019-11-09,920.0
2019-11-10,614.0
2019-11-11,1327.0
2019-11-12,1400.0
2019-11-13,1389.0
2019-11-14,1420.0
2019-11-15,1270.0
2019-11-16,987.0
2019-11-17,679.0
2019-11-18,1360.0
2019-11-19,1410.0
2019-11-20,1596.0
2019-11-21,1398.0
2019-11-22,1262.0
2019-11-23,923.0
2019-11-24,740.0
2019-11-25,1218.0
2019-11-26,1326.0
2019-11-27,1272.0
2019-11-28,1357.0
2019-11-29,1198.0
2019-11-30,894.0
2019-12-01,622.0
2019-12-02,1282.0
2019-12-03,1432.0
2019-12-04,1402.0
2019-12-05,1262.0
2019-12-06,1245.0
2019-12-07,923.0
2019-12-08,687.0
2019-12-09,1250.0
2019-12-10,1360.0
2019-12-11,1347.0
2019-12-12,1218.0
2019-12-13,1103.0
2019-12-14,783.0
2019-12-15,678.0
2019-12-16,1293.0
2019-12-17,1379.0
2019-12-18,1332.0
2019-12-19,1268.0
2019-12-20,1200.0
2019-12-21,919.0
2019-12-22,631.0
2019-12-23,1247.0
2019-12-24,1063.0
2019-12-25,528.0
2019-12-26,1181.0
2019-12-27,1265.0
2019-12-28,993.0
2019-12-29,815.0
2019-12-30,1206.0
2019-12-31,854.0
2020-01-01,385.0
2020-01-02,1180.0
2020-01-03,1237.0
2020-01-04,869.0
2020-01-05,817.0
2020-01-06,1195.0
2020-01-07,1279.0
2020-01-08,1351.0
2020-01-09,1264.0
2020-01-10,1142.0
2020-01-11,904.0
2020-01-12,651.0
2020-01-13,1352.0
2020-01-14,1317.0
2020-01-15,1354.0
2020-01-16,1330.0
2020-01-17,1258.0
2020-01-18,883.0
2020-01-19,657.0
2020-01-20,1224.0
2020-01-21,1344.0
2020-01-22,1360.0
2020-01-23,1370.0
2020-01-24,1314.0
2020-01-25,990.0
2020-01-26,716.0
2020-01-27,1350.0
2020-01-28,1348.0
2020-01-29,1336.0
2020-01-30,1364.0
2020-01-31,1166.0
2020-02-01,894.0
2020-02-02,627.0
2020-02-03,1258.0
2020-02-04,1316.0
2020-02-05,1305.0
2020-02-06,1274.0
2020-02-07,1183.0
2020-02-08,857.0
2020-02-09,593.0
2020-02-10,1212.0
2020-02-11,1286.0
2020-02-12,1342.0
2020-02-13,1234.0
2020-02-14,1104.0
2020-02-15,851.0
2020-02-16,643.0
2020-02-17,1280.0
2020-02-18,1302.0
2020-02-19,1191.0
2020-02-20,1221.0
2020-02-21,1097.0
2020-02-22,859.0
2020-02-23,651.0
2020-02-24,1138.0
2020-02-25,1233.0
2020-02-26,1206.0
2020-02-27,1200.0
2020-02-28,1129.0
2020-02-29,835.0
2020-03-01,634.0
2020-03-02,1232.0
2020-03-03,1278.0
2020-03-04,1256.0
2020-03-05,1176.0
2020-03-06,1204.0
2020-03-07,877.0
2020-03-08,723.0
2020-03-09,1302.0
2020-03-10,1314.0
2020-03-11,1392.0
2020-03-12,1279.0
2020-03-13,1162.0
2020-03-14,864.0
2020-03-15,728.0
2020-03-16,1213.0
2020-03-17,1239.0
2020-03-18,1161.0
2020-03-19,1044.0
2020-03-20,1002.0
2020-03-21,626.0
2020-03-22,476.0
2020-03-23,899.0
2020-03-24,927.0
2020-03-25,882.0
2020-03-26,848.0
2020-03-27,898.0
2020-03-28,668.0
2020-03-29,496.0
2020-03-30,929.0
2020-03-31,954.0
2020-04-01,978.0
2020-04-02,960.0
2020-04-03,917.0
2020-04-04,835.0
2020-04-05,549.0
2020-04-06,983.0
2020-04-07,980.0
2020-04-08,924.0
2020-04-09,902.0
2020-04-10,614.0
2020-04-11,653.0
2020-04-12,473.0
2020-04-13,988.0
2020-04-14,973.0
2020-04-15,1049.0
2020-04-16,955.0
2020-04-17,1011.0
2020-04-18,748.0
2020-04-19,607.0
2020-04-20,1099.0
2020-04-21,1006.0
2020-04-22,988.0
2020-04-23,919.0
2020-04-24,926.0
2020-04-25,754.0
2020-04-26,613.0
2020-04-27,1046.0
2020-04-28,956.0
2020-04-29,984.0
2020-04-30,1073.0
2020-05-01,705.0
2020-05-02,755.0
2020-05-03,594.0
2020-05-04,1033.0
2020-05-05,991.0
2020-05-06,1033.0
2020-05-07,1018.0
2020-05-08,1003.0
2020-05-09,840.0
2020-05-10,603.0
2020-05-11,976.0
2020-05-12,900.0
2020-05-13,952.0
2020-05-14,970.0
2020-05-15,1012.0
2020-05-16,869.0
2020-05-17,630.0
2020-05-18,964.0
2020-05-19,784.0
2020-05-20,485.0
2020-05-21,615.0
2020-05-22,886.0
2020-05-23,741.0
2020-05-24,522.0
2020-05-25,928.0
2020-05-26,1027.0
2020-05-27,831.0
2020-05-28,752.0
2020-05-29,729.0
2020-05-30,645.0
2020-05-31,502.0
2020-06-01,935.0
2020-06-02,756.0
2020-06-03,727.0
2020-06-04,841.0
2020-06-05,875.0
2020-06-06,700.0
2020-06-07,503.0
2020-06-08,796.0
2020-06-09,769.0
2020-06-10,806.0
2020-06-11,727.0
2020-06-12,427.0
2020-06-13,758.0
2020-06-14,532.0
2020-06-15,834.0
2020-06-16,792.0
2020-06-17,258.0
2020-06-18,718.0
2020-06-19,260.0
2020-06-20,279.0
2020-06-21,236.0
2020-06-22,165.0
2020-06-23,310.0
2020-06-24,287.0
2020-06-25,373.0
2020-06-26,462.0
2020-06-27,394.0
2020-06-28,209.0
2020-06-29,120.0
2020-06-30,467.0
2020-07-01,339.0
2020-07-02,474.0
2020-07-03,501.0
2020-07-04,132.0
2020-07-05,272.0
2020-07-06,508.0
2020-07-07,489.0
2020-07-08,272.0
2020-07-09,496.0
2020-07-10,498.0
2020-07-11,411.0
2020-07-12,250.0
2020-07-13,586.0
2020-07-14,567.0
2020-07-15,621.0
2020-07-16,360.0
2020-07-17,514.0
2020-07-18,417.0
2020-07-19,303.0
2020-07-20,554.0
2020-07-21,163.0
2020-07-22,480.0
2020-07-23,512.0
2020-07-24,628.0
2020-07-25,406.0
2020-07-26,239.0
2020-07-27,499.0
2020-07-28,603.0
2020-07-29,601.0
2020-07-30,596.0
2020-07-31,569.0
2020-08-01,425.0
2020-08-02,354.0
2020-08-03,581.0
2020-08-04,605.0
2020-08-05,405.0
2020-08-06,588.0
2020-08-07,588.0
2020-08-08,530.0
2020-08-09,333.0
2020-08-10,832.0
2020-08-11,789.0
2020-08-12,769.0
2020-08-13,790.0
2020-08-14,779.0
2020-08-15,448.0
2020-08-16,328.0
2020-08-17,871.0
2020-08-18,829.0
2020-08-19,800.0
2020-08-20,899.0
2020-08-21,933.0
2020-08-22,524.0
2020-08-23,373.0
2020-08-24,830.0
2020-08-25,635.0
2020-08-26,791.0
2020-08-27,926.0
2020-08-28,864.0
2020-08-29,518.0
2020-08-30,378.0
2020-08-31,884.0
2020-09-01,837.0
2020-09-02,933.0
2020-09-03,1027.0
2020-09-04,961.0
2020-09-05,519.0
2020-09-06,420.0
2020-09-07,1068.0
2020-09-08,832.0
2020-09-09,981.0
2020-09-10,985.0
2020-09-11,1054.0
2020-09-12,599.0
2020-09-13,402.0
2020-09-14,1082.0
2020-09-15,947.0
2020-09-16,1008.0
2020-09-17,985.0
2020-09-18,295.0
2020-09-19,284.0
2020-09-20,378.0
2020-09-21,1118.0
2020-09-22,1098.0
2020-09-23,1089.0
2020-09-24,1130.0
2020-09-25,872.0
2020-09-26,583.0
2020-09-27,536.0
2020-09-28,1112.0
2020-09-29,1038.0
2020-09-30,1010.0
2020-10-01,1115.0
2020-10-02,1089.0
2020-10-03,630.0
2020-10-04,505.0
2020-10-05,1208.0
2020-10-06,1223.0
2020-10-07,1132.0
2020-10-08,1089.0
2020-10-09,1252.0
2020-10-10,662.0
2020-10-11,481.0
2020-10-12,646.0
2020-10-13,1185.0
2020-10-14,1220.0
2020-10-15,1185.0
2020-10-16,1207.0
2020-10-17,708.0
2020-10-18,676.0
2020-10-19,1267.0
2020-10-20,1245.0
2020-10-21,1295.0
2020-10-22,1241.0
2020-10-23,1193.0
2020-10-24,786.0
2020-10-25,956.0
2020-10-26,1308.0
2020-10-27,1138.0
2020-10-28,1271.0
2020-10-29,1268.0
2020-10-30,1195.0
2020-10-31,702.0
2020-11-01,550.0
2020-11-02,1230.0
2020-11-03,1264.0
2020-11-04,1249.0
2020-11-05,1271.0
2020-11-06,1188.0
2020-11-07,977.0
2020-11-08,689.0
2020-11-09,1223.0
2020-11-10,1259.0
2020-11-11,1273.0
2020-11-12,1134.0
2020-11-13,1102.0
2020-11-14,846.0
2020-11-15,637.0
2020-11-16,1192.0
2020-11-17,1150.0
2020-11-18,1118.0
2020-11-19,1106.0
2020-11-20,1028.0
2020-11-21,809.0
2020-11-22,666.0
2020-11-23,1156.0
2020-11-24,1214.0
2020-11-25,1257.0
2020-11-26,1093.0
2020-11-27,985.0
2020-11-28,857.0
2020-11-29,680.0
2020-11-30,1130.0
2020-12-01,1100.0
2020-12-02,1252.0
2020-12-03,1076.0
2020-12-04,1026.0
2020-12-05,746.0
2020-12-06,555.0
2020-12-07,1052.0
2020-12-08,818.0
2020-12-09,1125.0
2020-12-10,1065.0
2020-12-11,1086.0
2020-12-12,726.0
2020-12-13,606.0
2020-12-14,996.0
2020-12-15,1053.0
2020-12-16,1099.0
2020-12-17,939.0
2020-12-18,991.0
2020-12-19,764.0
2020-12-20,579.0
2020-12-21,985.0
2020-12-22,1012.0
2020-12-23,1027.0
2020-12-24,839.0
2020-12-25,388.0
2020-12-26,694.0
2020-12-27,577.0
2020-12-28,1107.0
2020-12-29,1106.0
2020-12-30,1111.0
2020-12-31,785.0
2021-01-01,389.0
2021-01-02,628.0
2021-01-03,544.0
2021-01-04,1113.0
2021-01-05,1099.0
2021-01-06,1074.0
2021-01-07,1026.0
2021-01-08,1051.0
2021-01-09,784.0
2021-01-10,581.0
2021-01-11,1085.0
2021-01-12,1182.0
2021-01-13,1120.0
2021-01-14,1117.0
2021-01-15,1044.0
2021-01-16,797.0
2021-01-17,607.0
2021-01-18,1121.0
2021-01-19,1155.0
2021-01-20,1125.0
2021-01-21,1086.0
2021-01-22,1011.0
2021-01-23,777.0
2021-01-24,656.0
2021-01-25,1044.0
2021-01-26,1099.0
2021-01-27,1074.0
2021-01-28,1073.0
2021-01-29,510.0
2021-01-30,348.0
2021-01-31,275.0
2021-02-01,1025.0
2021-02-02,1054.0
2021-02-03,1145.0
2021-02-04,1112.0
2021-02-05,981.0
2021-02-06,462.0
2021-02-07,414.0
2021-02-08,1135.0
2021-02-09,993.0
2021-02-10,1101.0
2021-02-11,976.0
2021-02-12,983.0
2021-02-13,497.0
2021-02-14,475.0
2021-02-15,1027.0
2021-02-16,916.0
2021-02-17,1018.0
2021-02-18,993.0
2021-02-19,962.0
2021-02-20,791.0
2021-02-21,565.0
2021-02-22,980.0
2021-02-23,1148.0
2021-02-24,999.0
2021-02-25,1070.0
2021-02-26,928.0
2021-02-27,786.0
2021-02-28,610.0
2021-03-01,1104.0
2021-03-02,1133.0
2021-03-03,1096.0
2021-03-04,1091.0
2021-03-05,1060.0
2021-03-06,478.0
2021-03-07,421.0
2021-03-08,1190.0
2021-03-09,1187.0
2021-03-10,1112.0
2021-03-11,1088.0
2021-03-12,1146.0
2021-03-13,554.0
2021-03-14,475.0
2021-03-15,783.0
2021-03-16,984.0
2021-03-17,1035.0
2021-03-18,937.0
2021-03-19,989.0
2021-03-20,514.0
2021-03-21,369.0
2021-03-22,1144.0
2021-03-23,1173.0
2021-03-24,1185.0
2021-03-25,724.0
2021-03-26,768.0
2021-03-27,425.0
2021-03-28,360.0
2021-03-29,833.0
2021-03-30,773.0
2021-03-31,897.0
2021-04-01,844.0
2021-04-02,521.0
2021-04-03,583.0
2021-04-04,466.0
2021-04-05,852.0
2021-04-06,873.0
2021-04-07,937.0
2021-04-08,813.0
2021-04-09,903.0
2021-04-10,624.0
2021-04-11,545.0
2021-04-12,931.0
2021-04-13,937.0
2021-04-14,917.0
2021-04-15,954.0
2021-04-16,923.0
2021-04-17,692.0
2021-04-18,569.0
2021-04-19,862.0
2021-04-20,879.0
2021-04-21,824.0
2021-04-22,987.0
2021-04-23,929.0
2021-04-24,741.0
2021-04-25,676.0
2021-04-26,934.0
2021-04-27,968.0
2021-04-28,897.0
2021-04-29,887.0
2021-04-30,774.0
2021-05-01,540.0
2021-05-02,521.0
2021-05-03,875.0
2021-05-04,851.0
2021-05-05,917.0
2021-05-06,956.0
2021-05-07,851.0
2021-05-08,719.0
2021-05-09,515.0
2021-05-10,787.0
2021-05-11,920.0
2021-05-12,823.0
2021-05-13,846.0
2021-05-14,860.0
2021-05-15,640.0
2021-05-16,639.0
2021-05-17,895.0
2021-05-18,951.0
2021-05-19,620.0
2021-05-20,655.0
2021-05-21,495.0
2021-05-22,589.0
2021-05-23,455.0
2021-05-24,866.0
2021-05-25,864.0
2021-05-26,946.0
2021-05-27,895.0
2021-05-28,799.0
2021-05-29,581.0
2021-05-30,470.0
2021-05-31,837.0
2021-06-01,541.0
2021-06-02,857.0
2021-06-03,756.0
2021-06-04,780.0
2021-06-05,569.0
2021-06-06,495.0
2021-06-07,761.0
2021-06-08,838.0
2021-06-09,756.0
2021-06-10,882.0
2021-06-11,817.0
2021-06-12,665.0
2021-06-13,588.0
2021-06-14,803.0
2021-06-15,685.0
2021-06-16,777.0
2021-06-17,751.0
2021-06-18,764.0
2021-06-19,650.0
2021-06-20,341.0
2021-06-21,575.0
2021-06-22,717.0
2021-06-23,460.0
2021-06-24,655.0
2021-06-25,155.0
2021-06-26,439.0
2021-06-27,377.0
2021-06-28,547.0
2021-06-29,772.0
2021-06-30,756.0
2021-07-01,711.0
2021-07-02,740.0
2021-07-03,628.0
2021-07-04,453.0
2021-07-05,811.0
2021-07-06,794.0
2021-07-07,761.0
2021-07-08,762.0
2021-07-09,757.0
2021-07-10,652.0
2021-07-11,412.0
2021-07-12,758.0
2021-07-13,828.0
2021-07-14,838.0
2021-07-15,661.0
2021-07-16,542.0
2021-07-17,560.0
2021-07-18,593.0
2021-07-19,751.0
2021-07-20,867.0
2021-07-21,834.0
2021-07-22,751.0
2021-07-23,838.0
2021-07-24,482.0
2021-07-25,368.0
2021-07-26,804.0
2021-07-27,804.0
2021-07-28,852.0
2021-07-29,860.0
2021-07-30,928.0
2021-07-31,667.0
2021-08-01,503.0
2021-08-02,863.0
2021-08-03,917.0
2021-08-04,882.0
2021-08-05,730.0
2021-08-06,739.0
2021-08-07,624.0
2021-08-08,382.0
2021-08-09,872.0
2021-08-10,862.0
2021-08-11,883.0
2021-08-12,769.0
2021-08-13,677.0
2021-08-14,585.0
2021-08-15,333.0
2021-08-16,525.0
2021-08-17,691.0
2021-08-18,236.0
2021-08-19,405.0
2021-08-20,656.0
2021-08-21,328.0
2021-08-22,491.0
2021-08-23,674.0
2021-08-24,739.0
2021-08-25,756.0
2021-08-26,797.0
2021-08-27,745.0
2021-08-28,619.0
2021-08-29,523.0
2021-08-30,741.0
2021-08-31,868.0
2021-09-01,930.0
2021-09-02,901.0
2021-09-03,731.0
2021-09-04,676.0
2021-09-05,464.0
2021-09-06,743.0
2021-09-07,775.0
2021-09-08,850.0
2021-09-09,890.0
2021-09-10,879.0
2021-09-11,493.0
2021-09-12,198.0
2021-09-13,436.0
2021-09-14,833.0
2021-09-15,818.0
2021-09-16,874.0
2021-09-17,514.0
2021-09-18,345.0
2021-09-19,367.0
2021-09-20,887.0
2021-09-21,565.0
2021-09-22,828.0
2021-09-23,1029.0
2021-09-24,946.0
2021-09-25,608.0
2021-09-26,600.0
2021-09-27,982.0
2021-09-28,1075.0
2021-09-29,1021.0
2021-09-30,1020.0
2021-10-01,960.0
2021-10-02,729.0
2021-10-03,505.0
2021-10-04,977.0
2021-10-05,1009.0
2021-10-06,1005.0
2021-10-07,1005.0
2021-10-08,863.0
2021-10-09,727.0
2021-10-10,472.0
2021-10-11,654.0
2021-10-12,1017.0
2021-10-13,1102.0
2021-10-14,658.0
2021-10-15,919.0
2021-10-16,761.0
2021-10-17,662.0
2021-10-18,1068.0
2021-10-19,1111.0
2021-10-20,1044.0
2021-10-21,1001.0
2021-10-22,1038.0
2021-10-23,701.0
2021-10-24,574.0
2021-10-25,1090.0
2021-10-26,1198.0
2021-10-27,1114.0
2021-10-28,1103.0
2021-10-29,1020.0
2021-10-30,735.0
2021-10-31,511.0
2021-11-01,650.0
2021-11-02,1081.0
2021-11-03,1123.0
2021-11-04,1127.0
2021-11-05,1023.0
2021-11-06,762.0
2021-11-07,558.0
2021-11-08,1078.0
2021-11-09,1138.0
2021-11-10,1213.0
2021-11-11,1076.0
2021-11-12,1052.0
2021-11-13,759.0
2021-11-14,518.0
2021-11-15,1039.0
2021-11-16,1080.0
2021-11-17,1148.0
2021-11-18,1023.0
2021-11-19,972.0
2021-11-20,735.0
2021-11-21,731.0
2021-11-22,1103.0
2021-11-23,1061.0
2021-11-24,1024.0
2021-11-25,1045.0
2021-11-26,960.0
2021-11-27,653.0
2021-11-28,553.0
2021-11-29,1052.0
2021-11-30,1090.0
2021-12-01,1032.0
2021-12-02,1074.0
2021-12-03,988.0
2021-12-04,683.0
2021-12-05,531.0
2021-12-06,1167.0
2021-12-07,786.0
2021-12-08,650.0
2021-12-09,990.0
2021-12-10,964.0
2021-12-11,565.0
2021-12-12,501.0
2021-12-13,1112.0
2021-12-14,1144.0
2021-12-15,1039.0
2021-12-16,987.0
2021-12-17,973.0
2021-12-18,675.0
2021-12-19,722.0
2021-12-20,934.0
2021-12-21,963.0
2021-12-22,1111.0
2021-12-23,1032.0
2021-12-24,768.0
2021-12-25,369.0
2021-12-26,522.0
2021-12-27,998.0
2021-12-28,1044.0
2021-12-29,1017.0
2021-12-30,1113.0
2021-12-31,745.0
2022-01-01,333.0
2022-01-02,490.0
2022-01-03,1045.0
2022-01-04,1068.0
2022-01-05,1080.0
2022-01-06,1051.0
2022-01-07,1122.0
2022-01-08,765.0
2022-01-09,562.0
2022-01-10,1043.0
2022-01-11,1181.0
2022-01-12,1228.0
2022-01-13,1121.0
2022-01-14,1029.0
2022-01-15,730.0
2022-01-16,491.0
2022-01-17,1095.0
2022-01-18,1160.0
2022-01-19,1287.0
2022-01-20,1076.0
2022-01-21,1026.0
2022-01-22,640.0
2022-01-23,473.0
2022-01-24,1022.0
2022-01-25,1109.0
2022-01-26,1112.0
2022-01-27,1016.0
2022-01-28,984.0
2022-01-29,771.0
2022-01-30,486.0
2022-01-31,1055.0
2022-02-01,1118.0
2022-02-02,1108.0
2022-02-03,1076.0
2022-02-04,959.0
2022-02-05,702.0
2022-02-06,502.0
2022-02-07,1034.0
2022-02-08,1030.0
2022-02-09,1065.0
2022-02-10,1067.0
2022-02-11,976.0
2022-02-12,701.0
2022-02-13,509.0
2022-02-14,1050.0
2022-02-15,1077.0
2022-02-16,1147.0
2022-02-17,1042.0
2022-02-18,940.0
2022-02-19,663.0
2022-02-20,560.0
2022-02-21,1062.0
2022-02-22,989.0
2022-02-23,952.0
2022-02-24,978.0
2022-02-25,978.0
2022-02-26,717.0
2022-02-27,557.0
2022-02-28,983.0
2022-03-01,1126.0
2022-03-02,1177.0
2022-03-03,1171.0
2022-03-04,1142.0
2022-03-05,743.0
2022-03-06,574.0
2022-03-07,1211.0
2022-03-08,1212.0
2022-03-09,1259.0
2022-03-10,1186.0
2022-03-11,1209.0
2022-03-12,814.0
2022-03-13,506.0
2022-03-14,1252.0
2022-03-15,1297.0
2022-03-16,1352.0
2022-03-17,1286.0
2022-03-18,1307.0
2022-03-19,834.0
2022-03-20,558.0
2022-03-21,1301.0
2022-03-22,1312.0
2022-03-23,1263.0
2022-03-24,1205.0
2022-03-25,1152.0
2022-03-26,743.0
2022-03-27,536.0
2022-03-28,1334.0
2022-03-29,1226.0
2022-03-30,1275.0
2022-03-31,1157.0
2022-04-01,1186.0
2022-04-02,786.0
2022-04-03,547.0
2022-04-04,1314.0
2022-04-05,1383.0
2022-04-06,1343.0
2022-04-07,1337.0
2022-04-08,1324.0
2022-04-09,730.0
2022-04-10,482.0
2022-04-11,1294.0
2022-04-12,1270.0
2022-04-13,1374.0
2022-04-14,1224.0
2022-04-15,479.0
2022-04-16,506.0
2022-04-17,495.0
2022-04-18,1229.0
2022-04-19,1224.0
2022-04-20,1335.0
2022-04-21,1175.0
2022-04-22,859.0
2022-04-23,667.0
2022-04-24,506.0
2022-04-25,1271.0
2022-04-26,798.0
2022-04-27,604.0
2022-04-28,1125.0
2022-04-29,1170.0
2022-04-30,625.0
2022-05-01,465.0
2022-05-02,1239.0
2022-05-03,1209.0
2022-05-04,1195.0
2022-05-05,1027.0
2022-05-06,1056.0
2022-05-07,712.0
2022-05-08,394.0
2022-05-09,1113.0
2022-05-10,1192.0
2022-05-11,1172.0
2022-05-12,1080.0
2022-05-13,1077.0
2022-05-14,672.0
2022-05-15,477.0
2022-05-16,1171.0
2022-05-17,1211.0
2022-05-18,1073.0
2022-05-19,1049.0
2022-05-20,820.0
2022-05-21,569.0
2022-05-22,400.0
2022-05-23,718.0
2022-05-24,919.0
2022-05-25,1099.0
2022-05-26,983.0
2022-05-27,884.0
2022-05-28,501.0
2022-05-29,360.0
2022-05-30,930.0
2022-05-31,1007.0
2022-06-01,983.0
2022-06-02,843.0
2022-06-03,358.0
2022-06-04,390.0
2022-06-05,361.0
2022-06-06,978.0
2022-06-07,1030.0
2022-06-08,1036.0
2022-06-09,980.0
2022-06-10,1003.0
2022-06-11,661.0
2022-06-12,388.0
2022-06-13,983.0
2022-06-14,928.0
2022-06-15,1026.0
2022-06-16,913.0
2022-06-17,855.0
2022-06-18,564.0
2022-06-19,361.0
2022-06-20,708.0
2022-06-21,438.0
2022-06-22,835.0
2022-06-23,356.0
2022-06-24,888.0
2022-06-25,637.0
2022-06-26,427.0
2022-06-27,434.0
2022-06-28,964.0
2022-06-29,991.0
2022-06-30,1020.0
2022-07-01,302.0
2022-07-02,531.0
2022-07-03,318.0
2022-07-04,949.0
2022-07-05,972.0
2022-07-06,424.0
2022-07-07,796.0
2022-07-08,849.0
2022-07-09,263.0
2022-07-10,88.0
2022-07-11,492.0
2022-07-12,843.0
2022-07-13,659.0
2022-07-14,341.0
2022-07-15,346.0
2022-07-16,361.0
2022-07-17,308.0
2022-07-18,872.0
2022-07-19,858.0
2022-07-20,839.0
2022-07-21,884.0
2022-07-22,876.0
2022-07-23,648.0
2022-07-24,395.0
2022-07-25,907.0
2022-07-26,908.0
2022-07-27,868.0
2022-07-28,960.0
2022-07-29,939.0
2022-07-30,580.0
2022-07-31,482.0
2022-08-01,990.0
2022-08-02,1053.0
2022-08-03,948.0
2022-08-04,1015.0
2022-08-05,920.0
2022-08-06,277.0
2022-08-07,305.0
2022-08-08,1016.0
2022-08-09,1034.0
2022-08-10,1019.0
2022-08-11,1046.0
2022-08-12,915.0
2022-08-13,651.0
2022-08-14,241.0
2022-08-15,424.0
2022-08-16,547.0
2022-08-17,801.0
2022-08-18,974.0
2022-08-19,981.0
2022-08-20,708.0
2022-08-21,527.0
2022-08-22,981.0
2022-08-23,1078.0
2022-08-24,1047.0
2022-08-25,1121.0
2022-08-26,1052.0
2022-08-27,722.0
2022-08-28,555.0
2022-08-29,1208.0
2022-08-30,1139.0
2022-08-31,1141.0
2022-09-01,1040.0
2022-09-02,1099.0
2022-09-03,999.0
2022-09-04,750.0
2022-09-05,1199.0
2022-09-06,1271.0
2022-09-07,977.0
2022-09-08,515.0
2022-09-09,1071.0
2022-09-10,730.0
2022-09-11,424.0
2022-09-12,1116.0
2022-09-13,1084.0
2022-09-14,1114.0
2022-09-15,967.0
2022-09-16,469.0
2022-09-17,348.0
2022-09-18,214.0
2022-09-19,274.0
2022-09-20,961.0
2022-09-21,1075.0
2022-09-22,1023.0
2022-09-23,989.0
2022-09-24,473.0
2022-09-25,461.0
2022-09-26,1098.0
2022-09-27,1226.0
2022-09-28,1254.0
2022-09-29,1207.0
2022-09-30,1159.0
2022-10-01,751.0
2022-10-02,573.0
2022-10-03,1077.0
2022-10-04,1044.0
2022-10-05,1093.0
2022-10-06,1122.0
2022-10-07,1179.0
2022-10-08,772.0
2022-10-09,507.0
2022-10-10,632.0
2022-10-11,1238.0
2022-10-12,1207.0
2022-10-13,1213.0
2022-10-14,1176.0
2022-10-15,814.0
2022-10-16,534.0
2022-10-17,1278.0
2022-10-18,1170.0
2022-10-19,1284.0
2022-10-20,1289.0
2022-10-21,1215.0
2022-10-22,792.0
2022-10-23,614.0
2022-10-24,1341.0
2022-10-25,1314.0
2022-10-26,1291.0
2022-10-27,1370.0
2022-10-28,1247.0
2022-10-29,710.0
2022-10-30,512.0
2022-10-31,546.0
2022-11-01,581.0
2022-11-02,1265.0
2022-11-03,1353.0
2022-11-04,1234.0
2022-11-05,808.0
2022-11-06,534.0
2022-11-07,1291.0
2022-11-08,1291.0
2022-11-09,1069.0
2022-11-10,1136.0
2022-11-11,1139.0
2022-11-12,593.0
2022-11-13,542.0
2022-11-14,1382.0
2022-11-15,1286.0
2022-11-16,1356.0
2022-11-17,1254.0
2022-11-18,1216.0
2022-11-19,731.0
2022-11-20,533.0
2022-11-21,1280.0
2022-11-22,1297.0
2022-11-23,1398.0
2022-11-24,1334.0
2022-11-25,1229.0
2022-11-26,695.0
2022-11-27,525.0
2022-11-28,1227.0
2022-11-29,1294.0
2022-11-30,1266.0
2022-12-01,1288.0
2022-12-02,1182.0
2022-12-03,730.0
2022-12-04,531.0
2022-12-05,1203.0
2022-12-06,1222.0
2022-12-07,1261.0
2022-12-08,638.0
2022-12-09,1039.0
2022-12-10,747.0
2022-12-11,522.0
2022-12-12,1185.0
2022-12-13,1227.0
2022-12-14,1184.0
2022-12-15,1166.0
2022-12-16,1174.0
2022-12-17,778.0
2022-12-18,515.0
2022-12-19,1161.0
2022-12-20,1185.0
2022-12-21,1179.0
2022-12-22,1182.0
2022-12-23,1039.0
2022-12-24,681.0
2022-12-25,411.0
2022-12-26,1175.0
2022-12-27,1194.0
2022-12-28,1207.0
2022-12-29,1157.0
2022-12-30,1017.0
2022-12-31,428.0
2023-01-01,293.0
2023-01-02,566.0
2023-01-03,1298.0
2023-01-04,1326.0
2023-01-05,1169.0
2023-01-06,1136.0
2023-01-07,751.0
2023-01-08,532.0
2023-01-09,1205.0
2023-01-10,1296.0
2023-01-11,1310.0
2023-01-12,1251.0
2023-01-13,1166.0
2023-01-14,708.0
2023-01-15,552.0
2023-01-16,1212.0
2023-01-17,1210.0
2023-01-18,1207.0
2023-01-19,1202.0
2023-01-20,1129.0
2023-01-21,711.0
2023-01-22,558.0
2023-01-23,1174.0
2023-01-24,1301.0
2023-01-25,1199.0
2023-01-26,1293.0
2023-01-27,1094.0
2023-01-28,739.0
2023-01-29,511.0
2023-01-30,1234.0
2023-01-31,1198.0
2023-02-01,1341.0
2023-02-02,1115.0
2023-02-03,1031.0
2023-02-04,682.0
2023-02-05,466.0
2023-02-06,1035.0
2023-02-07,1071.0
2023-02-08,1128.0
2023-02-09,1079.0
2023-02-10,999.0
2023-02-11,684.0
2023-02-12,505.0
2023-02-13,1099.0
2023-02-14,1116.0
2023-02-15,1145.0
2023-02-16,1093.0
2023-02-17,973.0
2023-02-18,685.0
2023-02-19,524.0
2023-02-20,1049.0
2023-02-21,1084.0
2023-02-22,1085.0
2023-02-23,1075.0
2023-02-24,966.0
2023-02-25,665.0
2023-02-26,527.0
2023-02-27,1080.0
2023-02-28,1090.0
2023-03-01,1191.0
2023-03-02,1085.0
2023-03-03,1090.0
2023-03-04,738.0
2023-03-05,530.0
2023-03-06,1145.0
2023-03-07,1324.0
2023-03-08,1317.0
2023-03-09,1218.0
2023-03-10,1166.0
2023-03-11,673.0
2023-03-12,522.0
2023-03-13,1399.0
2023-03-14,1451.0
2023-03-15,1335.0
2023-03-16,1389.0
2023-03-17,1297.0
2023-03-18,703.0
2023-03-19,542.0
2023-03-20,1365.0
2023-03-21,1363.0
2023-03-22,1449.0
2023-03-23,1393.0
2023-03-24,1224.0
2023-03-25,762.0
2023-03-26,528.0
2023-03-27,1319.0
2023-03-28,1355.0
2023-03-29,1309.0
2023-03-30,1303.0
2023-03-31,1208.0
2023-04-01,728.0
2023-04-02,536.0
2023-04-03,1313.0
2023-04-04,1369.0
2023-04-05,1357.0
2023-04-06,1185.0
2023-04-07,604.0
2023-04-08,579.0
2023-04-09,470.0
2023-04-10,1371.0
2023-04-11,1402.0
2023-04-12,1412.0
2023-04-13,1315.0
2023-04-14,1215.0
2023-04-15,754.0
2023-04-16,508.0
2023-04-17,1302.0
2023-04-18,1268.0
2023-04-19,1326.0
2023-04-20,1287.0
2023-04-21,1079.0
2023-04-22,727.0
2023-04-23,488.0
2023-04-24,1248.0
2023-04-25,1257.0
2023-04-26,1253.0
2023-04-27,1176.0
2023-04-28,1040.0
2023-04-29,295.0
2023-04-30,280.0
2023-05-01,431.0
2023-05-02,1050.0
2023-05-03,1119.0
2023-05-04,1085.0
2023-05-05,1028.0
2023-05-06,566.0
2023-05-07,624.0
2023-05-08,1063.0
2023-05-09,1147.0
2023-05-10,1159.0
2023-05-11,1162.0
2023-05-12,1129.0
2023-05-13,677.0
2023-05-14,460.0
2023-05-15,1090.0
2023-05-16,1112.0
2023-05-17,1020.0
2023-05-18,1107.0
2023-05-19,1025.0
2023-05-20,618.0
2023-05-21,292.0
2023-05-22,808.0
2023-05-23,980.0
2023-05-24,1054.0
2023-05-25,1016.0
2023-05-26,916.0
2023-05-27,616.0
2023-05-28,392.0
2023-05-29,1029.0
2023-05-30,1049.0
2023-05-31,1018.0
2023-06-01,993.0
2023-06-02,787.0
2023-06-03,566.0
2023-06-04,412.0
2023-06-05,1035.0
2023-06-06,1048.0
2023-06-07,1074.0
2023-06-08,968.0
2023-06-09,425.0
2023-06-10,482.0
2023-06-11,351.0
2023-06-12,887.0
2023-06-13,868.0
2023-06-14,843.0
2023-06-15,889.0
2023-06-16,876.0
2023-06-17,524.0
2023-06-18,333.0
2023-06-19,962.0
2023-06-20,960.0
2023-06-21,489.0
2023-06-22,206.0
2023-06-23,208.0
2023-06-24,264.0
2023-06-25,316.0
2023-06-26,315.0
2023-06-27,618.0
2023-06-28,812.0
2023-06-29,800.0
2023-06-30,833.0
2023-07-01,515.0
2023-07-02,291.0
2023-07-03,799.0
2023-07-04,929.0
2023-07-05,936.0
2023-07-06,840.0
2023-07-07,726.0
2023-07-08,416.0
2023-07-09,349.0
2023-07-10,813.0
2023-07-11,655.0
2023-07-12,391.0
2023-07-13,801.0
2023-07-14,735.0
2023-07-15,457.0
2023-07-16,364.0
2023-07-17,888.0
2023-07-18,876.0
2023-07-19,905.0
2023-07-20,959.0
2023-07-21,487.0
2023-07-22,209.0
2023-07-23,324.0
2023-07-24,885.0
2023-07-25,891.0
2023-07-26,829.0
2023-07-27,950.0
2023-07-28,867.0
2023-07-29,587.0
2023-07-30,393.0
2023-07-31,999.0
2023-08-01,965.0
2023-08-02,946.0
2023-08-03,897.0
2023-08-04,984.0
2023-08-05,576.0
2023-08-06,381.0
2023-08-07,921.0
2023-08-08,971.0
2023-08-09,843.0
2023-08-10,513.0
2023-08-11,777.0
2023-08-12,530.0
2023-08-13,411.0
2023-08-14,918.0
2023-08-15,431.0
2023-08-16,899.0
2023-08-17,446.0
2023-08-18,792.0
2023-08-19,103.0
2023-08-20,236.0
2023-08-21,370.0
2023-08-22,177.0
2023-08-23,579.0
2023-08-24,807.0
2023-08-25,904.0
2023-08-26,623.0
2023-08-27,450.0
2023-08-28,920.0
2023-08-29,1062.0
2023-08-30,932.0
2023-08-31,1011.0
2023-09-01,864.0
2023-09-02,262.0
2023-09-03,278.0
2023-09-04,500.0
2023-09-05,730.0
2023-09-06,241.0
2023-09-07,738.0
2023-09-08,773.0
2023-09-09,456.0
2023-09-10,287.0
2023-09-11,667.0
2023-09-12,916.0
2023-09-13,896.0
2023-09-14,913.0
2023-09-15,818.0
2023-09-16,565.0
2023-09-17,270.0
2023-09-18,258.0
2023-09-19,244.0
2023-09-20,782.0
2023-09-21,825.0
2023-09-22,793.0
2023-09-23,583.0
2023-09-24,477.0
2023-09-25,1260.0
2023-09-26,1089.0
2023-09-27,1062.0
2023-09-28,1012.0
2023-09-29,1000.0
2023-09-30,694.0
2023-10-01,375.0
2023-10-02,920.0
2023-10-03,869.0
2023-10-04,1050.0
2023-10-05,998.0
2023-10-06,931.0
2023-10-07,592.0
2023-10-08,466.0
2023-10-09,579.0
2023-10-10,1065.0
2023-10-11,1177.0
2023-10-12,1166.0
2023-10-13,1112.0
2023-10-14,738.0
2023-10-15,501.0
2023-10-16,1129.0
2023-10-17,1151.0
2023-10-18,1044.0
2023-10-19,1133.0
2023-10-20,1069.0
2023-10-21,603.0
2023-10-22,472.0
2023-10-23,1060.0
2023-10-24,1129.0
2023-10-25,1190.0
2023-10-26,1093.0
2023-10-27,545.0
2023-10-28,540.0
2023-10-29,176.0
2023-10-30,893.0
2023-10-31,958.0
2023-11-01,374.0
2023-11-02,886.0
2023-11-03,1046.0
2023-11-04,707.0
2023-11-05,529.0
2023-11-06,1158.0
2023-11-07,1210.0
2023-11-08,1089.0
2023-11-09,1079.0
2023-11-10,339.0
2023-11-11,471.0
2023-11-12,376.0
2023-11-13,1042.0
2023-11-14,1152.0
2023-11-15,1117.0
2023-11-16,1149.0
2023-11-17,786.0
2023-11-18,663.0
2023-11-19,526.0
2023-11-20,1069.0
2023-11-21,1165.0
2023-11-22,1129.0
2023-11-23,1156.0
2023-11-24,1000.0
2023-11-25,691.0
2023-11-26,524.0
2023-11-27,1100.0
2023-11-28,1139.0
2023-11-29,1161.0
2023-11-30,1094.0
2023-12-01,969.0
2023-12-02,638.0
2023-12-03,492.0
2023-12-04,1103.0
2023-12-05,1047.0
2023-12-06,1034.0
2023-12-07,1013.0
2023-12-08,563.0
2023-12-09,597.0
2023-12-10,464.0
2023-12-11,1092.0
2023-12-12,1089.0
2023-12-13,1077.0
2023-12-14,1109.0
2023-12-15,1023.0
2023-12-16,638.0
2023-12-17,716.0
2023-12-18,1039.0
2023-12-19,1034.0
2023-12-20,1003.0
2023-12-21,1039.0
2023-12-22,917.0
2023-12-23,656.0
2023-12-24,454.0
2023-12-25,340.0
2023-12-26,976.0
2023-12-27,1032.0
2023-12-28,1005.0
2023-12-29,895.0
2023-12-30,617.0
2023-12-31,443.0
2024-01-01,282.0
2024-01-02,935.0
2024-01-03,1013.0
2024-01-04,1051.0
2024-01-05,956.0
2024-01-06,725.0
2024-01-07,469.0
2024-01-08,1057.0
2024-01-09,1105.0
2024-01-10,1087.0
2024-01-11,1087.0
2024-01-12,1011.0
2024-01-13,668.0
2024-01-14,498.0
2024-01-15,1143.0
2024-01-16,1162.0
2024-01-17,1202.0
2024-01-18,1071.0
2024-01-19,996.0
2024-01-20,636.0
2024-01-21,432.0
2024-01-22,962.0
2024-01-23,1058.0
2024-01-24,1074.0
2024-01-25,1075.0
2024-01-26,999.0
2024-01-27,641.0
2024-01-28,462.0
2024-01-29,976.0
2024-01-30,1033.0
2024-01-31,1077.0
2024-02-01,1040.0
2024-02-02,903.0
2024-02-03,614.0
2024-02-04,428.0
2024-02-05,1002.0
2024-02-06,1044.0
2024-02-07,1031.0
2024-02-08,1009.0
2024-02-09,884.0
2024-02-10,636.0
2024-02-11,429.0
2024-02-12,976.0
2024-02-13,1013.0
2024-02-14,960.0
2024-02-15,958.0
2024-02-16,892.0
2024-02-17,661.0
2024-02-18,463.0
2024-02-19,980.0
2024-02-20,1094.0
2024-02-21,1036.0
2024-02-22,688.0
2024-02-23,829.0
2024-02-24,748.0
2024-02-25,437.0
2024-02-26,1052.0
2024-02-27,1062.0
2024-02-28,1100.0
2024-02-29,1040.0
2024-03-01,989.0
2024-03-02,628.0
2024-03-03,463.0
2024-03-04,1113.0
2024-03-05,1336.0
2024-03-06,1115.0
2024-03-07,1091.0
2024-03-08,1080.0
2024-03-09,604.0
2024-03-10,481.0
2024-03-11,1109.0
2024-03-12,1135.0
2024-03-13,1152.0
2024-03-14,1131.0
2024-03-15,1125.0
2024-03-16,660.0
2024-03-17,551.0
2024-03-18,1191.0
2024-03-19,1078.0
2024-03-20,1068.0
2024-03-21,1059.0
2024-03-22,1084.0
2024-03-23,672.0
2024-03-24,483.0
2024-03-25,1175.0
2024-03-26,1168.0
2024-03-27,1149.0
2024-03-28,1109.0
2024-03-29,495.0
2024-03-30,570.0
2024-03-31,448.0
2024-04-01,1092.0
2024-04-02,1065.0
2024-04-03,1006.0
2024-04-04,1088.0
2024-04-05,1099.0
2024-04-06,665.0
2024-04-07,
