Time,Alameda_predicho
2017-03-21,787.6440813072937
2017-03-22,682.0581866274769
2017-03-23,739.4233875640217
2017-03-24,744.6384058309803
2017-03-25,646.8568133255062
2017-03-26,586.8841032554822
2017-03-27,782.4472882664303
2017-03-28,843.723752903194
2017-03-29,762.8909697653355
2017-03-30,839.8124892029751
2017-03-31,764.1947243320752
2017-04-01,616.8704582904942
2017-04-02,582.9728395552631
2017-04-03,762.8909697653355
2017-04-04,808.5223796012234
2017-04-05,816.3449070016613
2017-04-06,791.5735702336079
2017-04-07,747.2459149644596
2017-04-08,624.6929856909321
2017-04-09,566.0240301876477
2017-04-10,811.1298887347027
2017-04-11,753.764687798158
2017-04-12,753.764687798158
2017-04-13,755.0684423648976
2017-04-14,603.8329126230976
2017-04-15,576.4540667215649
2017-04-16,593.4028760891804
2017-04-17,791.5735702336079
2017-04-18,761.5872151985958
2017-04-19,580.3653304217838
2017-04-20,665.1093772598614
2017-04-21,757.6759514983769
2017-04-22,611.6554400235356
2017-04-23,592.0991215224408
2017-04-24,783.7510428331699
2017-04-25,721.1708236296665
2017-04-26,732.9046147303235
2017-04-27,779.839779132951
2017-04-28,738.1196329972821
2017-04-29,632.51551309137
2017-04-30,616.8704582904942
2017-05-01,555.5939936537304
2017-05-02,799.3960976340458
2017-05-03,812.4336433014424
2017-05-04,792.8773248003475
2017-05-05,779.839779132951
2017-05-06,692.4882231613941
2017-05-07,521.6963749184994
2017-05-08,749.853424097939
2017-05-09,808.5223796012234
2017-05-10,868.4950896712475
2017-05-11,592.0991215224408
2017-05-12,841.1162437697147
2017-05-13,657.2868498594235
2017-05-14,538.6451842861148
2017-05-15,781.1435336996907
2017-05-16,802.0036067675252
2017-05-17,669.0206409600804
2017-05-18,760.2834606318562
2017-05-19,732.9046147303235
2017-05-20,667.7168863933407
2017-05-21,611.6554400235356
2017-05-22,800.6998522007855
2017-05-23,809.826134167963
2017-05-24,796.7885885005666
2017-05-25,778.5360245662113
2017-05-26,781.1435336996907
2017-05-27,714.6520507959683
2017-05-28,611.6554400235356
2017-05-29,794.1810793670871
2017-05-30,838.5087346362355
2017-05-31,757.6759514983769
2017-06-01,770.7134971657734
2017-06-02,821.55992526862
2017-06-03,704.2220142620511
2017-06-04,615.5667037237546
2017-06-05,839.8124892029751
2017-06-06,822.8636798353597
2017-06-07,616.8704582904942
2017-06-08,834.5974709360165
2017-06-09,835.9012255027561
2017-06-10,730.2971055968441
2017-06-11,615.5667037237546
2017-06-12,829.3824526690579
2017-06-13,787.6623065333889
2017-06-14,796.7885885005666
2017-06-15,773.3210062992528
2017-06-16,567.3277847543873
2017-06-17,632.51551309137
2017-06-18,579.0615758550442
2017-06-19,768.1059880322941
2017-06-20,781.1435336996907
2017-06-21,787.6623065333889
2017-06-22,543.8602025530735
2017-06-23,728.9933510301045
2017-06-24,648.1605678922459
2017-06-25,496.92503815044597
2017-06-26,580.3653304217838
2017-06-27,774.6247608659925
2017-06-28,740.7271421307613
2017-06-29,775.9285154327321
2017-06-30,755.0684423648976
2017-07-01,719.8670690629269
2017-07-02,611.6554400235356
2017-07-03,839.8124892029751
2017-07-04,602.5291580563579
2017-07-05,779.839779132951
2017-07-06,805.9148704677441
2017-07-07,815.0411524349216
2017-07-08,632.51551309137
2017-07-09,577.7578212883045
2017-07-10,818.9524161351407
2017-07-11,726.3858418966252
2017-07-12,752.4609332314183
2017-07-13,652.0718315924648
2017-07-14,764.1947243320752
2017-07-15,585.5803486887424
2017-07-16,590.7953669557011
2017-07-17,762.8909697653355
2017-07-18,730.2971055968441
2017-07-19,751.1571786646786
2017-07-20,796.7885885005666
2017-07-21,723.7783327631458
2017-07-22,628.604249391151
2017-07-23,534.7339205858959
2017-07-24,790.2698156668682
2017-07-25,803.3073613342648
2017-07-26,778.5360245662113
2017-07-27,787.6623065333889
2017-07-28,752.4609332314183
2017-07-29,659.8943589929028
2017-07-30,625.9967402576717
2017-07-31,783.7510428331699
2017-08-01,829.3824526690579
2017-08-02,803.3073613342648
2017-08-03,770.7134971657734
2017-08-04,791.5735702336079
2017-08-05,667.7168863933407
2017-08-06,610.351685456796
2017-08-07,773.3210062992528
2017-08-08,815.0411524349216
2017-08-09,636.426776791589
2017-08-10,719.8670690629269
2017-08-11,672.9319046602993
2017-08-12,734.2083692970631
2017-08-13,549.0752208200321
2017-08-14,764.1947243320752
2017-08-15,633.8192676581097
2017-08-16,890.6589173058217
2017-08-17,802.0036067675252
2017-08-18,676.8431683605182
2017-08-19,702.9182596953113
2017-08-20,654.6793407259441
2017-08-21,899.7851992729992
2017-08-22,714.6520507959683
2017-08-23,748.5496695311994
2017-08-24,824.1674344020993
2017-08-25,753.764687798158
2017-08-26,721.1708236296665
2017-08-27,666.413131826601
2017-08-28,627.3004948244114
2017-08-29,894.5701810060406
2017-08-30,833.2937163692769
2017-08-31,835.9012255027561
2017-09-01,765.4984788988148
2017-09-02,684.6656957609563
2017-09-03,644.2493041920269
2017-09-04,861.9763168375492
2017-09-05,831.9899618025372
2017-09-06,863.2800714042888
2017-09-07,813.737397868182
2017-09-08,859.3688077040699
2017-09-09,691.1844685946545
2017-09-10,593.4028760891804
2017-09-11,835.9012255027561
2017-09-12,808.5223796012234
2017-09-13,865.8875805377683
2017-09-14,818.9524161351407
2017-09-15,854.1537894371113
2017-09-16,739.4233875640217
2017-09-17,625.9967402576717
2017-09-18,606.4404217565769
2017-09-19,575.1503121548252
2017-09-20,878.9251262051647
2017-09-21,907.6077266734372
2017-09-22,901.0889538397389
2017-09-23,745.9421603977199
2017-09-24,649.4643224589855
2017-09-25,868.4950896712475
2017-09-26,856.7612985705906
2017-09-27,886.7476536056027
2017-09-28,782.4472882664303
2017-09-29,799.3960976340458
2017-09-30,628.604249391151
2017-10-01,636.426776791589
2017-10-02,829.3824526690579
2017-10-03,845.0275074699338
2017-10-04,695.0957322948734
2017-10-05,817.648661568401
2017-10-06,927.1640451745319
2017-10-07,674.235659227039
2017-10-08,695.0957322948734
2017-10-09,706.8295233955304
2017-10-10,933.6828180082302
2017-10-11,856.7612985705906
2017-10-12,875.0138625049458
2017-10-13,907.6077266734372
2017-10-14,742.030896697501
2017-10-15,640.338040491808
2017-10-16,868.4950896712475
2017-10-17,868.4950896712475
2017-10-18,919.3415177740941
2017-10-19,925.8602906077923
2017-10-20,826.7749435355786
2017-10-21,747.2459149644596
2017-10-22,682.0581866274769
2017-10-23,988.4405098112958
2017-10-24,919.3415177740941
2017-10-25,958.4541547762836
2017-10-26,878.9251262051647
2017-10-27,706.8295233955304
2017-10-28,675.5394137937786
2017-10-29,642.9455496252873
2017-10-30,872.4063533714665
2017-10-31,829.3824526690579
2017-11-01,644.2493041920269
2017-11-02,848.9387711701527
2017-11-03,869.7988442379872
2017-11-04,674.235659227039
2017-11-05,683.3619411942166
2017-11-06,877.6213716384251
2017-11-07,884.1401444721233
2017-11-08,931.0753088747509
2017-11-09,855.457544003851
2017-11-10,861.9763168375492
2017-11-11,770.7134971657734
2017-11-12,663.8056226931218
2017-11-13,860.6725622708096
2017-11-14,936.2903271417096
2017-11-15,898.4814447062596
2017-11-16,901.0889538397389
2017-11-17,937.5940817084492
2017-11-18,809.826134167963
2017-11-19,786.3585519666493
2017-11-20,865.8875805377683
2017-11-21,898.4814447062596
2017-11-22,961.0616639097631
2017-11-23,876.3176170716855
2017-11-24,884.1401444721233
2017-11-25,778.5360245662113
2017-11-26,644.2493041920269
2017-11-27,855.457544003851
2017-11-28,872.4063533714665
2017-11-29,878.9251262051647
2017-11-30,845.0275074699338
2017-12-01,949.3278728091061
2017-12-02,735.5121238638027
2017-12-03,662.5018681263821
2017-12-04,903.6964629732182
2017-12-05,910.2152358069164
2017-12-06,916.7340086406147
2017-12-07,906.3039721066975
2017-12-08,662.5018681263821
2017-12-09,799.3960976340458
2017-12-10,646.8568133255062
2017-12-11,955.8466456428044
2017-12-12,884.1401444721233
2017-12-13,942.8090999754078
2017-12-14,877.6213716384251
2017-12-15,928.4677997412716
2017-12-16,736.8158784305424
2017-12-17,727.6895964633649
2017-12-18,877.6213716384251
2017-12-19,975.4029641438991
2017-12-20,1002.781810045432
2017-12-21,882.8363899053837
2017-12-22,875.0138625049458
2017-12-23,809.826134167963
2017-12-24,671.6281500935596
2017-12-25,636.426776791589
2017-12-26,967.5804367434613
2017-12-27,1028.8569013802248
2017-12-28,923.252781474313
2017-12-29,919.3415177740941
2017-12-30,769.4097425990338
2017-12-31,683.3619411942166
2018-01-01,614.2629491570149
2018-01-02,933.6828180082302
2018-01-03,1021.0343739797871
2018-01-04,938.8978362751889
2018-01-05,937.5940817084492
2018-01-06,742.030896697501
2018-01-07,706.8295233955304
2018-01-08,970.1879458769406
2018-01-09,829.3824526690579
2018-01-10,983.2254915443372
2018-01-11,914.1264995071355
2018-01-12,899.7851992729992
2018-01-13,770.7134971657734
2018-01-14,682.0581866274769
2018-01-15,931.0753088747509
2018-01-16,966.2766821767217
2018-01-17,967.5804367434613
2018-01-18,899.7851992729992
2018-01-19,906.3039721066975
2018-01-20,774.6247608659925
2018-01-21,650.7680770257252
2018-01-22,984.5292461110768
2018-01-23,972.7954550104199
2018-01-24,1062.7545201154562
2018-01-25,937.5940817084492
2018-01-26,931.0753088747509
2018-01-27,829.3824526690579
2018-01-28,730.2971055968441
2018-01-29,921.9490269075733
2018-01-30,1011.9080920126095
2018-01-31,971.4917004436803
2018-02-01,934.98657257497
2018-02-02,970.1879458769406
2018-02-03,804.6111159010044
2018-02-04,666.413131826601
2018-02-05,998.870546345213
2018-02-06,953.239136509325
2018-02-07,1082.3108386165509
2018-02-08,934.98657257497
2018-02-09,920.6452723408337
2018-02-10,781.1435336996907
2018-02-11,693.7919777281338
2018-02-12,925.8602906077923
2018-02-13,941.5053454086682
2018-02-14,929.7715543080113
2018-02-15,822.8636798353597
2018-02-16,897.17769013952
2018-02-17,715.9558053627079
2018-02-18,692.4882231613941
2018-02-19,942.8090999754078
2018-02-20,910.2152358069164
2018-02-21,906.3039721066975
2018-02-22,936.2903271417096
2018-02-23,871.1025988047269
2018-02-24,841.1162437697147
2018-02-25,639.0342859250683
2018-02-26,899.7851992729992
2018-02-27,858.0650531373302
2018-02-28,983.2254915443372
2018-03-01,903.6964629732182
2018-03-02,958.4541547762836
2018-03-03,906.3039721066975
2018-03-04,646.8568133255062
2018-03-05,942.8090999754078
2018-03-06,910.2152358069164
2018-03-07,1001.4780554786922
2018-03-08,934.98657257497
2018-03-09,968.8841913102009
2018-03-10,830.6862072357975
2018-03-11,667.7168863933407
2018-03-12,996.2630372117336
2018-03-13,911.518990373656
2018-03-14,957.150400209544
2018-03-15,919.3415177740941
2018-03-16,924.5565360410527
2018-03-17,665.1093772598614
2018-03-18,631.2117585246303
2018-03-19,957.150400209544
2018-03-20,933.6828180082302
2018-03-21,979.3142278441181
2018-03-22,882.8363899053837
2018-03-23,966.2766821767217
2018-03-24,809.826134167963
2018-03-25,652.0718315924648
2018-03-26,963.6691730432423
2018-03-27,894.5701810060406
2018-03-28,916.7340086406147
2018-03-29,962.3654184765027
2018-03-30,756.3721969316372
2018-03-31,852.8500348703716
2018-04-01,679.4506774939977
2018-04-02,987.1367552445562
2018-04-03,967.5804367434613
2018-04-04,937.5940817084492
2018-04-05,880.2288807719044
2018-04-06,938.8978362751889
2018-04-07,817.648661568401
2018-04-08,692.4882231613941
2018-04-09,907.6077266734372
2018-04-10,842.4199983364543
2018-04-11,811.1298887347027
2018-04-12,877.6213716384251
2018-04-13,847.635016603413
2018-04-14,785.0547973999096
2018-04-15,712.044541662489
2018-04-16,898.4814447062596
2018-04-17,851.546280303632
2018-04-18,872.4063533714665
2018-04-19,889.355162739082
2018-04-20,880.2288807719044
2018-04-21,802.0036067675252
2018-04-22,671.6281500935596
2018-04-23,954.5428910760647
2018-04-24,851.546280303632
2018-04-25,938.8978362751889
2018-04-26,897.17769013952
2018-04-27,911.518990373656
2018-04-28,762.8909697653355
2018-04-29,607.7441763233165
2018-04-30,842.4199983364543
2018-05-01,637.7305313583287
2018-05-02,923.252781474313
2018-05-03,897.17769013952
2018-05-04,959.7579093430234
2018-05-05,782.4472882664303
2018-05-06,662.5018681263821
2018-05-07,903.6964629732182
2018-05-08,921.9490269075733
2018-05-09,897.17769013952
2018-05-10,872.4063533714665
2018-05-11,919.3415177740941
2018-05-12,813.737397868182
2018-05-13,649.4643224589855
2018-05-14,872.4063533714665
2018-05-15,868.4950896712475
2018-05-16,865.8875805377683
2018-05-17,869.7988442379872
2018-05-18,929.7715543080113
2018-05-19,809.826134167963
2018-05-20,699.0069959950924
2018-05-21,691.1844685946545
2018-05-22,824.1674344020993
2018-05-23,871.1025988047269
2018-05-24,854.1537894371113
2018-05-25,856.7612985705906
2018-05-26,752.4609332314183
2018-05-27,622.0854765574528
2018-05-28,756.3721969316372
2018-05-29,606.4404217565769
2018-05-30,826.7749435355786
2018-05-31,811.1298887347027
2018-06-01,822.8636798353597
2018-06-02,734.2083692970631
2018-06-03,618.1742128572338
2018-06-04,807.2186250344838
2018-06-05,786.3585519666493
2018-06-06,855.457544003851
2018-06-07,821.55992526862
2018-06-08,815.0411524349216
2018-06-09,622.0854765574528
2018-06-10,542.5564479863339
2018-06-11,575.1503121548252
2018-06-12,859.3688077040699
2018-06-13,843.723752903194
2018-06-14,811.1298887347027
2018-06-15,842.4199983364543
2018-06-16,738.1196329972821
2018-06-17,611.6554400235356
2018-06-18,850.2425257368924
2018-06-19,774.6247608659925
2018-06-20,901.0889538397389
2018-06-21,850.2425257368924
2018-06-22,796.7885885005666
2018-06-23,769.4097425990338
2018-06-24,622.0854765574528
2018-06-25,794.1810793670871
2018-06-26,817.648661568401
2018-06-27,856.7612985705906
2018-06-28,765.4984788988148
2018-06-29,837.2049800694958
2018-06-30,671.6281500935596
2018-07-01,534.7339205858959
2018-07-02,624.6929856909321
2018-07-03,842.4199983364543
2018-07-04,594.7066306559201
2018-07-05,609.0479308900563
2018-07-06,695.0957322948734
2018-07-07,732.9046147303235
2018-07-08,633.8192676581097
2018-07-09,834.5974709360165
2018-07-10,744.6384058309803
2018-07-11,799.3960976340458
2018-07-12,817.648661568401
2018-07-13,839.8124892029751
2018-07-14,735.5121238638027
2018-07-15,605.1366671898373
2018-07-16,620.7817219907132
2018-07-17,800.6998522007855
2018-07-18,834.5974709360165
2018-07-19,770.7134971657734
2018-07-20,785.0547973999096
2018-07-21,654.6793407259441
2018-07-22,584.2765941220028
2018-07-23,820.2561707018803
2018-07-24,798.0923430673062
2018-07-25,809.826134167963
2018-07-26,768.1059880322941
2018-07-27,752.4609332314183
2018-07-28,725.0820873298854
2018-07-29,599.9216489228787
2018-07-30,839.8124892029751
2018-07-31,723.7783327631458
2018-08-01,807.2186250344838
2018-08-02,761.5872151985958
2018-08-03,798.0923430673062
2018-08-04,691.1844685946545
2018-08-05,628.604249391151
2018-08-06,815.0411524349216
2018-08-07,886.7476536056027
2018-08-08,848.9387711701527
2018-08-09,822.8636798353597
2018-08-10,850.2425257368924
2018-08-11,787.6623065333889
2018-08-12,653.3755861592045
2018-08-13,826.7749435355786
2018-08-14,899.7851992729992
2018-08-15,730.2971055968441
2018-08-16,919.3415177740941
2018-08-17,863.2800714042888
2018-08-18,758.9797060651166
2018-08-19,695.0957322948734
2018-08-20,919.3415177740941
2018-08-21,824.1674344020993
2018-08-22,834.5974709360165
2018-08-23,688.5769594611752
2018-08-24,815.0411524349216
2018-08-25,738.1196329972821
2018-08-26,706.8295233955304
2018-08-27,901.0889538397389
2018-08-28,841.1162437697147
2018-08-29,905.0002175399578
2018-08-30,884.1401444721233
2018-08-31,869.7988442379872
2018-09-01,747.2459149644596
2018-09-02,678.146922927258
2018-09-03,937.5940817084492
2018-09-04,918.0377632073544
2018-09-05,914.1264995071355
2018-09-06,882.8363899053837
2018-09-07,927.1640451745319
2018-09-08,800.6998522007855
2018-09-09,649.4643224589855
2018-09-10,891.9626718725614
2018-09-11,923.252781474313
2018-09-12,915.4302540738751
2018-09-13,861.9763168375492
2018-09-14,894.5701810060406
2018-09-15,740.7271421307613
2018-09-16,650.7680770257252
2018-09-17,562.1127664874286
2018-09-18,567.3277847543873
2018-09-19,640.338040491808
2018-09-20,867.1913351045079
2018-09-21,918.0377632073544
2018-09-22,732.9046147303235
2018-09-23,675.5394137937786
2018-09-24,936.2903271417096
2018-09-25,894.5701810060406
2018-09-26,957.150400209544
2018-09-27,822.8636798353597
2018-09-28,687.2732048944355
2018-09-29,785.0547973999096
2018-09-30,697.7032414283527
2018-10-01,997.5667917784734
2018-10-02,974.0992095771595
2018-10-03,940.2015908419286
2018-10-04,992.3517735115148
2018-10-05,962.3654184765027
2018-10-06,783.7510428331699
2018-10-07,641.6417950585476
2018-10-08,821.55992526862
2018-10-09,984.5292461110768
2018-10-10,941.5053454086682
2018-10-11,959.7579093430234
2018-10-12,919.3415177740941
2018-10-13,808.5223796012234
2018-10-14,649.4643224589855
2018-10-15,692.4882231613941
2018-10-16,1002.781810045432
2018-10-17,949.3278728091061
2018-10-18,972.7954550104199
2018-10-19,1023.6418831132663
2018-10-20,818.9524161351407
2018-10-21,699.0069959950924
2018-10-22,967.5804367434613
2018-10-23,963.6691730432423
2018-10-24,983.2254915443372
2018-10-25,989.7442643780354
2018-10-26,966.2766821767217
2018-10-27,848.9387711701527
2018-10-28,644.2493041920269
2018-10-29,730.2971055968441
2018-10-30,923.252781474313
2018-10-31,1028.8569013802248
2018-11-01,712.044541662489
2018-11-02,659.8943589929028
2018-11-03,841.1162437697147
2018-11-04,706.8295233955304
2018-11-05,1014.5156011460889
2018-11-06,1001.4780554786922
2018-11-07,996.2630372117336
2018-11-08,991.048018944775
2018-11-09,1013.2118465793491
2018-11-10,821.55992526862
2018-11-11,674.235659227039
2018-11-12,967.5804367434613
2018-11-13,983.2254915443372
2018-11-14,1009.3005828791303
2018-11-15,908.9114812401768
2018-11-16,966.2766821767217
2018-11-17,795.4848339338268
2018-11-18,682.0581866274769
2018-11-19,937.5940817084492
2018-11-20,961.0616639097631
2018-11-21,1026.2493922467456
2018-11-22,961.0616639097631
2018-11-23,959.7579093430234
2018-11-24,834.5974709360165
2018-11-25,745.9421603977199
2018-11-26,938.8978362751889
2018-11-27,951.9353819425854
2018-11-28,991.048018944775
2018-11-29,938.8978362751889
2018-11-30,937.5940817084492
2018-12-01,837.2049800694958
2018-12-02,728.9933510301045
2018-12-03,928.4677997412716
2018-12-04,989.7442643780354
2018-12-05,1007.9968283123907
2018-12-06,944.1128545421475
2018-12-07,927.1640451745319
2018-12-08,704.2220142620511
2018-12-09,637.7305313583287
2018-12-10,951.9353819425854
2018-12-11,954.5428910760647
2018-12-12,992.3517735115148
2018-12-13,953.239136509325
2018-12-14,948.0241182423664
2018-12-15,824.1674344020993
2018-12-16,691.1844685946545
2018-12-17,971.4917004436803
2018-12-18,948.0241182423664
2018-12-19,997.5667917784734
2018-12-20,1013.2118465793491
2018-12-21,885.443899038863
2018-12-22,812.4336433014424
2018-12-23,708.13327796227
2018-12-24,812.4336433014424
2018-12-25,700.310750561832
2018-12-26,955.8466456428044
2018-12-27,929.7715543080113
2018-12-28,946.7203636756268
2018-12-29,824.1674344020993
2018-12-30,710.7407870957493
2018-12-31,803.3073613342648
2019-01-01,605.1366671898373
2019-01-02,905.0002175399578
2019-01-03,955.8466456428044
2019-01-04,945.4166091088872
2019-01-05,835.9012255027561
2019-01-06,669.0206409600804
2019-01-07,1011.9080920126095
2019-01-08,949.3278728091061
2019-01-09,1058.8432564152372
2019-01-10,951.9353819425854
2019-01-11,970.1879458769406
2019-01-12,875.0138625049458
2019-01-13,693.7919777281338
2019-01-14,1061.4507655487164
2019-01-15,962.3654184765027
2019-01-16,959.7579093430234
2019-01-17,955.8466456428044
2019-01-18,955.8466456428044
2019-01-19,820.2561707018803
2019-01-20,688.5769594611752
2019-01-21,949.3278728091061
2019-01-22,949.3278728091061
2019-01-23,1023.6418831132663
2019-01-24,962.3654184765027
2019-01-25,924.5565360410527
2019-01-26,730.2971055968441
2019-01-27,674.235659227039
2019-01-28,899.7851992729992
2019-01-29,951.9353819425854
2019-01-30,946.7203636756268
2019-01-31,867.1913351045079
2019-02-01,885.443899038863
2019-02-02,867.1913351045079
2019-02-03,671.6281500935596
2019-02-04,944.1128545421475
2019-02-05,914.1264995071355
2019-02-06,971.4917004436803
2019-02-07,895.8739355727803
2019-02-08,950.6316273758458
2019-02-09,830.6862072357975
2019-02-10,646.8568133255062
2019-02-11,964.972927609982
2019-02-12,933.6828180082302
2019-02-13,1015.8193557128285
2019-02-14,975.4029641438991
2019-02-15,912.8227449403958
2019-02-16,835.9012255027561
2019-02-17,708.13327796227
2019-02-18,942.8090999754078
2019-02-19,905.0002175399578
2019-02-20,980.6179824108577
2019-02-21,884.1401444721233
2019-02-22,974.0992095771595
2019-02-23,828.0786981023183
2019-02-24,685.9694503276959
2019-02-25,994.959282644994
2019-02-26,976.7067187106388
2019-02-27,997.5667917784734
2019-02-28,925.8602906077923
2019-03-01,905.0002175399578
2019-03-02,808.5223796012234
2019-03-03,691.1844685946545
2019-03-04,921.9490269075733
2019-03-05,918.0377632073544
2019-03-06,942.8090999754078
2019-03-07,971.4917004436803
2019-03-08,983.2254915443372
2019-03-09,924.5565360410527
2019-03-10,695.0957322948734
2019-03-11,963.6691730432423
2019-03-12,915.4302540738751
2019-03-13,1010.6043374458699
2019-03-14,987.1367552445562
2019-03-15,889.355162739082
2019-03-16,812.4336433014424
2019-03-17,641.6417950585476
2019-03-18,1035.3756742139235
2019-03-19,959.7579093430234
2019-03-20,967.5804367434613
2019-03-21,918.0377632073544
2019-03-22,951.9353819425854
2019-03-23,809.826134167963
2019-03-24,702.9182596953113
2019-03-25,962.3654184765027
2019-03-26,907.6077266734372
2019-03-27,915.4302540738751
2019-03-28,868.4950896712475
2019-03-29,901.0889538397389
2019-03-30,790.2698156668682
2019-03-31,675.5394137937786
2019-04-01,958.4541547762836
2019-04-02,905.0002175399578
2019-04-03,929.7715543080113
2019-04-04,923.252781474313
2019-04-05,950.6316273758458
2019-04-06,757.6759514983769
2019-04-07,659.8943589929028
2019-04-08,863.2800714042888
2019-04-09,856.7612985705906
2019-04-10,889.355162739082
2019-04-11,895.8739355727803
2019-04-12,872.4063533714665
2019-04-13,761.5872151985958
2019-04-14,674.235659227039
2019-04-15,951.9353819425854
2019-04-16,864.5838259710285
2019-04-17,911.518990373656
2019-04-18,927.1640451745319
2019-04-19,682.0581866274769
2019-04-20,745.9421603977199
2019-04-21,699.0069959950924
2019-04-22,915.4302540738751
2019-04-23,847.635016603413
2019-04-24,755.0684423648976
2019-04-25,831.9899618025372
2019-04-26,899.7851992729992
2019-04-27,815.0411524349216
2019-04-28,654.6793407259441
2019-04-29,867.1913351045079
2019-04-30,824.1674344020993
2019-05-01,669.0206409600804
2019-05-02,888.0514081723423
2019-05-03,785.0547973999096
2019-05-04,641.6417950585476
2019-05-05,666.413131826601
2019-05-06,921.9490269075733
2019-05-07,864.5838259710285
2019-05-08,872.4063533714665
2019-05-09,847.635016603413
2019-05-10,815.0411524349216
2019-05-11,777.2322699994717
2019-05-12,627.3004948244114
2019-05-13,886.7476536056027
2019-05-14,889.355162739082
2019-05-15,848.9387711701527
2019-05-16,825.4711889688389
2019-05-17,812.4336433014424
2019-05-18,734.2083692970631
2019-05-19,610.351685456796
2019-05-20,818.9524161351407
2019-05-21,654.6793407259441
2019-05-22,825.4711889688389
2019-05-23,841.1162437697147
2019-05-24,838.5087346362355
2019-05-25,719.8670690629269
2019-05-26,646.8568133255062
2019-05-27,843.723752903194
2019-05-28,833.2937163692769
2019-05-29,661.1981135596424
2019-05-30,653.3755861592045
2019-05-31,704.2220142620511
2019-06-01,667.7168863933407
2019-06-02,652.0718315924648
2019-06-03,818.9524161351407
2019-06-04,758.9797060651166
2019-06-05,782.4472882664303
2019-06-06,770.7134971657734
2019-06-07,847.635016603413
2019-06-08,687.2732048944355
2019-06-09,655.9830952926839
2019-06-10,854.1537894371113
2019-06-11,722.4745781964062
2019-06-12,662.5018681263821
2019-06-13,722.4745781964062
2019-06-14,715.9558053627079
2019-06-15,739.4233875640217
2019-06-16,593.4028760891804
2019-06-17,779.839779132951
2019-06-18,837.2049800694958
2019-06-19,822.8636798353597
2019-06-20,762.8909697653355
2019-06-21,804.6111159010044
2019-06-22,715.9558053627079
2019-06-23,601.2254034896183
2019-06-24,669.0206409600804
2019-06-25,820.2561707018803
2019-06-26,788.9660611001285
2019-06-27,717.2595599294476
2019-06-28,760.2834606318562
2019-06-29,575.1503121548252
2019-06-30,618.1742128572338
2019-07-01,803.3073613342648
2019-07-02,781.1435336996907
2019-07-03,795.4848339338268
2019-07-04,761.5872151985958
2019-07-05,769.4097425990338
2019-07-06,697.7032414283527
2019-07-07,623.3892311241924
2019-07-08,889.355162739082
2019-07-09,785.0547973999096
2019-07-10,742.030896697501
2019-07-11,774.6247608659925
2019-07-12,781.1435336996907
2019-07-13,693.7919777281338
2019-07-14,589.4916123889615
2019-07-15,847.635016603413
2019-07-16,676.8431683605182
2019-07-17,881.5326353386441
2019-07-18,804.6111159010044
2019-07-19,834.5974709360165
2019-07-20,672.9319046602993
2019-07-21,588.1878578222218
2019-07-22,842.4199983364543
2019-07-23,824.1674344020993
2019-07-24,843.723752903194
2019-07-25,813.737397868182
2019-07-26,841.1162437697147
2019-07-27,726.3858418966252
2019-07-28,584.2765941220028
2019-07-29,825.4711889688389
2019-07-30,802.0036067675252
2019-07-31,822.8636798353597
2019-08-01,769.4097425990338
2019-08-02,820.2561707018803
2019-08-03,735.5121238638027
2019-08-04,624.6929856909321
2019-08-05,839.8124892029751
2019-08-06,788.9660611001285
2019-08-07,845.0275074699338
2019-08-08,787.6623065333889
2019-08-09,794.1810793670871
2019-08-10,661.1981135596424
2019-08-11,603.8329126230976
2019-08-12,818.9524161351407
2019-08-13,837.2049800694958
2019-08-14,799.3960976340458
2019-08-15,635.1230222248494
2019-08-16,817.648661568401
2019-08-17,700.310750561832
2019-08-18,629.9080039578907
2019-08-19,858.0650531373302
2019-08-20,861.9763168375492
2019-08-21,841.1162437697147
2019-08-22,830.6862072357975
2019-08-23,925.8602906077923
2019-08-24,757.6759514983769
2019-08-25,623.3892311241924
2019-08-26,850.2425257368924
2019-08-27,875.0138625049458
2019-08-28,846.3312620366734
2019-08-29,812.4336433014424
2019-08-30,839.8124892029751
2019-08-31,732.9046147303235
2019-09-01,615.5667037237546
2019-09-02,837.2049800694958
2019-09-03,891.9626718725614
2019-09-04,839.8124892029751
2019-09-05,843.723752903194
2019-09-06,830.6862072357975
2019-09-07,584.2765941220028
2019-09-08,627.3004948244114
2019-09-09,744.6384058309803
2019-09-10,869.7988442379872
2019-09-11,867.1913351045079
2019-09-12,876.3176170716855
2019-09-13,921.9490269075733
2019-09-14,730.2971055968441
2019-09-15,650.7680770257252
2019-09-16,902.3927084064786
2019-09-17,799.3960976340458
2019-09-18,588.1878578222218
2019-09-19,606.4404217565769
2019-09-20,633.8192676581097
2019-09-21,682.0581866274769
2019-09-22,635.1230222248494
2019-09-23,881.5326353386441
2019-09-24,847.635016603413
2019-09-25,902.3927084064786
2019-09-26,839.8124892029751
2019-09-27,864.5838259710285
2019-09-28,717.2595599294476
2019-09-29,636.426776791589
2019-09-30,708.13327796227
2019-10-01,834.5974709360165
2019-10-02,796.7885885005666
2019-10-03,820.2561707018803
2019-10-04,867.1913351045079
2019-10-05,747.2459149644596
2019-10-06,646.8568133255062
2019-10-07,903.6964629732182
2019-10-08,931.0753088747509
2019-10-09,976.7067187106388
2019-10-10,894.5701810060406
2019-10-11,882.8363899053837
2019-10-12,679.4506774939977
2019-10-13,615.5667037237546
2019-10-14,804.6111159010044
2019-10-15,895.8739355727803
2019-10-16,876.3176170716855
2019-10-17,893.266426439301
2019-10-18,942.8090999754078
2019-10-19,721.1708236296665
2019-10-20,652.0718315924648
2019-10-21,941.5053454086682
2019-10-22,928.4677997412716
2019-10-23,942.8090999754078
2019-10-24,968.8841913102009
2019-10-25,948.0241182423664
2019-10-26,905.0002175399578
2019-10-27,670.32439552682
2019-10-28,923.252781474313
2019-10-29,933.6828180082302
2019-10-30,915.4302540738751
2019-10-31,760.2834606318562
2019-11-01,688.5769594611752
2019-11-02,822.8636798353597
2019-11-03,682.0581866274769
2019-11-04,945.4166091088872
2019-11-05,971.4917004436803
2019-11-06,985.8330006778164
2019-11-07,975.4029641438991
2019-11-08,979.3142278441181
2019-11-09,841.1162437697147
2019-11-10,682.0581866274769
2019-11-11,976.7067187106388
2019-11-12,921.9490269075733
2019-11-13,1004.0855646121717
2019-11-14,884.1401444721233
2019-11-15,967.5804367434613
2019-11-16,803.3073613342648
2019-11-17,708.13327796227
2019-11-18,1005.3893191789113
2019-11-19,976.7067187106388
2019-11-20,1005.3893191789113
2019-11-21,921.9490269075733
2019-11-22,915.4302540738751
2019-11-23,821.55992526862
2019-11-24,672.9319046602993
2019-11-25,971.4917004436803
2019-11-26,953.239136509325
2019-11-27,1044.501956181101
2019-11-28,942.8090999754078
2019-11-29,914.1264995071355
2019-11-30,837.2049800694958
2019-12-01,708.13327796227
2019-12-02,994.959282644994
2019-12-03,951.9353819425854
2019-12-04,1010.6043374458699
2019-12-05,987.1367552445562
2019-12-06,962.3654184765027
2019-12-07,798.0923430673062
2019-12-08,641.6417950585476
2019-12-09,937.5940817084492
2019-12-10,933.6828180082302
2019-12-11,941.5053454086682
2019-12-12,881.5326353386441
2019-12-13,948.0241182423664
2019-12-14,775.9285154327321
2019-12-15,676.8431683605182
2019-12-16,968.8841913102009
2019-12-17,962.3654184765027
2019-12-18,938.8978362751889
2019-12-19,901.0889538397389
2019-12-20,864.5838259710285
2019-12-21,781.1435336996907
2019-12-22,672.9319046602993
2019-12-23,858.0650531373302
2019-12-24,843.723752903194
2019-12-25,640.338040491808
2019-12-26,945.4166091088872
2019-12-27,898.4814447062596
2019-12-28,843.723752903194
2019-12-29,730.2971055968441
2019-12-30,867.1913351045079
2019-12-31,799.3960976340458
2020-01-01,606.4404217565769
2020-01-02,858.0650531373302
2020-01-03,907.6077266734372
2020-01-04,722.4745781964062
2020-01-05,685.9694503276959
2020-01-06,861.9763168375492
2020-01-07,895.8739355727803
2020-01-08,981.9217369775974
2020-01-09,902.3927084064786
2020-01-10,920.6452723408337
2020-01-11,756.3721969316372
2020-01-12,684.6656957609563
2020-01-13,898.4814447062596
2020-01-14,992.3517735115148
2020-01-15,984.5292461110768
2020-01-16,652.0718315924648
2020-01-17,787.6440813072937
2020-01-18,787.6440813072937
2020-01-19,787.6440813072937
2020-01-20,787.6440813072937
2020-01-21,978.0104732773785
2020-01-22,936.2903271417096
2020-01-23,976.7067187106388
2020-01-24,948.0241182423664
2020-01-25,828.0786981023183
2020-01-26,672.9319046602993
2020-01-27,961.0616639097631
2020-01-28,897.17769013952
2020-01-29,919.3415177740941
2020-01-30,919.3415177740941
2020-01-31,885.443899038863
2020-02-01,760.2834606318562
2020-02-02,760.2834606318562
2020-02-03,959.7579093430234
2020-02-04,946.7203636756268
2020-02-05,998.870546345213
2020-02-06,934.98657257497
2020-02-07,911.518990373656
2020-02-08,825.4711889688389
2020-02-09,688.5769594611752
2020-02-10,974.0992095771595
2020-02-11,920.6452723408337
2020-02-12,1014.5156011460889
2020-02-13,931.0753088747509
2020-02-14,998.870546345213
2020-02-15,760.2834606318562
2020-02-16,650.7680770257252
2020-02-17,1013.2118465793491
2020-02-18,989.7442643780354
2020-02-19,1002.781810045432
2020-02-20,964.972927609982
2020-02-21,901.0889538397389
2020-02-22,807.2186250344838
2020-02-23,693.7919777281338
2020-02-24,928.4677997412716
2020-02-25,949.3278728091061
2020-02-26,936.2903271417096
2020-02-27,888.0514081723423
2020-02-28,865.8875805377683
2020-02-29,795.4848339338268
2020-03-01,641.6417950585476
2020-03-02,978.0104732773785
2020-03-03,964.972927609982
2020-03-04,948.0241182423664
2020-03-05,923.252781474313
2020-03-06,919.3415177740941
2020-03-07,785.0547973999096
2020-03-08,644.2493041920269
2020-03-09,963.6691730432423
2020-03-10,968.8841913102009
2020-03-11,972.7954550104199
2020-03-12,961.0616639097631
2020-03-13,978.0104732773785
2020-03-14,815.0411524349216
2020-03-15,704.2220142620511
2020-03-16,1011.9080920126095
2020-03-17,936.2903271417096
2020-03-18,980.6179824108577
2020-03-19,850.2425257368924
2020-03-20,878.9251262051647
2020-03-21,691.1844685946545
2020-03-22,585.5803486887424
2020-03-23,815.0411524349216
2020-03-24,744.6384058309803
2020-03-25,812.4336433014424
2020-03-26,792.8773248003475
2020-03-27,773.3210062992528
2020-03-28,751.1571786646786
2020-03-29,632.51551309137
2020-03-30,839.8124892029751
2020-03-31,753.764687798158
2020-04-01,770.7134971657734
2020-04-02,805.9148704677441
2020-04-03,812.4336433014424
2020-04-04,701.6145051285717
2020-04-05,635.1230222248494
2020-04-06,833.2937163692769
2020-04-07,779.839779132951
2020-04-08,785.0547973999096
2020-04-09,815.0411524349216
2020-04-10,620.7817219907132
2020-04-11,671.6281500935596
2020-04-12,619.4779674239735
2020-04-13,891.9626718725614
2020-04-14,815.0411524349216
2020-04-15,854.1537894371113
2020-04-16,792.8773248003475
2020-04-17,833.2937163692769
2020-04-18,719.8670690629269
2020-04-19,678.146922927258
2020-04-20,876.3176170716855
2020-04-21,822.8636798353597
2020-04-22,885.443899038863
2020-04-23,749.853424097939
2020-04-24,650.7680770257252
2020-04-25,700.310750561832
2020-04-26,601.2254034896183
2020-04-27,791.5735702336079
2020-04-28,725.0820873298854
2020-04-29,765.8225244371441
2020-04-30,657.2329255862006
2020-05-01,561.5890351908453
2020-05-02,544.6288726777444
2020-05-03,476.47008672742516
2020-05-04,794.559219030236
2020-05-05,737.0437174960799
2020-05-06,823.2813493785646
2020-05-07,759.7167736332079
2020-05-08,751.4112885982735
2020-05-09,765.1204276249281
2020-05-10,505.45173808121024
2020-05-11,740.6125213236379
2020-05-12,704.0133075713803
2020-05-13,769.2273067764203
2020-05-14,730.7916925502906
2020-05-15,758.8209348030223
2020-05-16,667.2593114016746
2020-05-17,583.8206778409095
2020-05-18,689.3410090109314
2020-05-19,553.9834286506027
2020-05-20,305.70039376213805
2020-05-21,451.5153375222694
2020-05-22,694.5753184194356
2020-05-23,572.9185835328976
2020-05-24,555.8476503022417
2020-05-25,712.8892793287158
2020-05-26,701.4557338664774
2020-05-27,595.2912552765291
2020-05-28,526.1796372942879
2020-05-29,463.8835512537253
2020-05-30,539.7305377272711
2020-05-31,438.5704358295734
2020-06-01,621.8296575474694
2020-06-02,524.5726752247878
2020-06-03,493.66540524443883
2020-06-04,610.7230925493739
2020-06-05,648.8937259990304
2020-06-06,559.8457730035556
2020-06-07,479.13973430365184
2020-06-08,598.1903716113426
2020-06-09,599.0056307259207
2020-06-10,650.9319128087999
2020-06-11,447.83943595510584
2020-06-12,288.3234299194578
2020-06-13,519.796247335629
2020-06-14,482.40793693598744
2020-06-15,489.76136842667233
2020-06-16,494.10350131035693
2020-06-17,93.48484396154905
2020-06-18,455.16081160412796
2020-06-19,111.66546661738118
2020-06-20,172.64453907920512
2020-06-21,165.5106347562534
2020-06-22,83.25067003484581
2020-06-23,151.04848345863098
2020-06-24,83.62592721699222
2020-06-25,280.2806749102623
2020-06-26,286.6154325941136
2020-06-27,274.1781006933986
2020-06-28,138.32444244165208
2020-06-29,15.949851745228798
2020-06-30,275.7822092994199
2020-07-01,268.2983710654139
2020-07-02,333.09285423247366
2020-07-03,260.91831314986786
2020-07-04,72.01425997937571
2020-07-05,186.95766257877045
2020-07-06,389.99001525709366
2020-07-07,393.3064946074329
2020-07-08,233.63556739925906
2020-07-09,353.7436972802321
2020-07-10,444.9959726484098
2020-07-11,349.1790753644724
2020-07-12,289.0653058466662
2020-07-13,466.86526157152286
2020-07-14,490.03827470716067
2020-07-15,439.55575064097513
2020-07-16,259.07433023673957
2020-07-17,351.5244571849574
2020-07-18,236.0278143831158
2020-07-19,320.4066540307634
2020-07-20,459.32686733402574
2020-07-21,103.98565737529816
2020-07-22,454.691715694375
2020-07-23,469.63915342387634
2020-07-24,491.9704197751529
2020-07-25,376.4517711233647
2020-07-26,316.17031573291536
2020-07-27,479.57142300158813
2020-07-28,472.8337627327512
2020-07-29,531.2416099010195
2020-07-30,505.19483405587505
2020-07-31,487.36746273224287
2020-08-01,407.79618957266666
2020-08-02,358.3240457604509
2020-08-03,513.8779050703383
2020-08-04,536.0430358586815
2020-08-05,354.4263966290348
2020-08-06,570.2453820521678
2020-08-07,548.3610670056199
2020-08-08,475.8485782244047
2020-08-09,372.6886246440878
2020-08-10,681.0325621116552
2020-08-11,624.6167000109589
2020-08-12,688.4849842365929
2020-08-13,710.0209460360111
2020-08-14,658.5670772840305
2020-08-15,393.432883488584
2020-08-16,333.83839246504806
2020-08-17,717.8008732911879
2020-08-18,630.3085050277898
2020-08-19,751.6821627492152
2020-08-20,731.0685274497661
2020-08-21,777.5952447841079
2020-08-22,462.0695121866036
2020-08-23,380.76879753768327
2020-08-24,717.6845647559682
2020-08-25,314.61388113215315
2020-08-26,714.5415562518778
2020-08-27,868.1958510015326
2020-08-28,652.3485500887508
2020-08-29,492.9799911872352
2020-08-30,427.8365217060863
2020-08-31,895.5601347372973
2020-09-01,788.0630547592289
2020-09-02,614.188775472698
2020-09-03,657.9336022501966
2020-09-04,623.9231008017543
2020-09-05,345.3537123957998
2020-09-06,289.0698853947826
2020-09-07,723.2593197697566
2020-09-08,509.337678510337
2020-09-09,798.2017205751694
2020-09-10,777.3920839134283
2020-09-11,839.6477835396141
2020-09-12,422.36931771698676
2020-09-13,347.94771536133925
2020-09-14,815.5444755537322
2020-09-15,743.7204407407106
2020-09-16,760.5577789497469
2020-09-17,753.8580915856212
2020-09-18,311.9274509936391
2020-09-19,309.6788697651025
2020-09-20,357.65696457524433
2020-09-21,848.3559610234433
2020-09-22,895.6199403757142
2020-09-23,907.5673652696356
2020-09-24,863.7329647826413
2020-09-25,664.0786378572435
2020-09-26,539.9098239013406
2020-09-27,507.0593702375197
2020-09-28,975.695398532061
2020-09-29,876.9769173608499
2020-09-30,805.2988097264657
2020-10-01,852.2750543188594
2020-10-02,819.4324302502357
2020-10-03,499.23024902158875
2020-10-04,505.4147061078289
2020-10-05,1105.5500567562613
2020-10-06,1072.2249693650224
2020-10-07,1081.7940763738957
2020-10-08,885.3104403752776
2020-10-09,1057.4523056355388
2020-10-10,619.8548039333533
2020-10-11,552.1316464964921
2020-10-12,694.9757797992278
2020-10-13,1065.1851205714033
2020-10-14,1061.6475940978357
2020-10-15,1138.2600126582465
2020-10-16,1114.8421187295685
2020-10-17,669.6179522341587
2020-10-18,679.0939209564497
2020-10-19,1124.5984499085712
2020-10-20,1201.8946238156122
2020-10-21,1247.2112458442193
2020-10-22,1290.4639925955644
2020-10-23,1213.092681720988
2020-10-24,664.6189442502803
2020-10-25,961.3972404475008
2020-10-26,1150.7631519727101
2020-10-27,1015.7532547727016
2020-10-28,1193.1132389193413
2020-10-29,1182.0191611112073
2020-10-30,1105.548790622342
2020-10-31,680.7515362337691
2020-11-01,713.0598556846877
2020-11-02,1218.1160653789934
2020-11-03,1267.7290214830505
2020-11-04,1242.351059573385
2020-11-05,1342.7586931454048
2020-11-06,1169.8153524486606
2020-11-07,1037.8038160392944
2020-11-08,1043.8349022627185
2020-11-09,1293.2081529942507
2020-11-10,1318.8078691338037
2020-11-11,1282.199383877502
2020-11-12,1208.1131466015054
2020-11-13,1014.6838056234766
2020-11-14,1017.3905592127845
2020-11-15,987.7393287671181
2020-11-16,1282.7554471892126
2020-11-17,1053.103730304997
2020-11-18,1298.7147784625436
2020-11-19,1198.166694103409
2020-11-20,1050.5228609276492
2020-11-21,1065.0066188329292
2020-11-22,939.406594758724
2020-11-23,1235.5795082596724
2020-11-24,1223.1264631257686
2020-11-25,1253.7015570498434
2020-11-26,1271.0037565047364
2020-11-27,1068.561175024725
2020-11-28,967.4521292688095
2020-11-29,1024.3530676652936
2020-11-30,1185.583042447403
2020-12-01,1188.3068904703168
2020-12-02,1182.5770992175044
2020-12-03,1064.1217405715752
2020-12-04,1062.0410790403516
2020-12-05,865.0783578486938
2020-12-06,796.4274815149118
2020-12-07,1066.660270290873
2020-12-08,923.1276049732954
2020-12-09,1056.6096172021353
2020-12-10,1168.376713010437
2020-12-11,1041.7736202769984
2020-12-12,937.8132405923916
2020-12-13,865.1240719446449
2020-12-14,1082.7279417491486
2020-12-15,1140.303580789946
2020-12-16,1088.973765456099
2020-12-17,1017.9261536529883
2020-12-18,982.700053127035
2020-12-19,869.6515878473232
2020-12-20,789.411297281812
2020-12-21,1021.6307262666043
2020-12-22,1051.5122039585299
2020-12-23,1054.0396580424986
2020-12-24,756.3605335521033
2020-12-25,580.8290422374903
2020-12-26,879.8058588108637
2020-12-27,923.2601410504915
2020-12-28,1152.1049330845167
2020-12-29,1079.278299920289
2020-12-30,1055.2405865533783
2020-12-31,755.9113988707055
2021-01-01,547.0306176069676
2021-01-02,910.4673374210572
2021-01-03,853.3230988954574
2021-01-04,1138.9076765603872
2021-01-05,1168.3076081724485
2021-01-06,1172.8098008040347
2021-01-07,1161.0452636811192
2021-01-08,1093.1574973024549
2021-01-09,893.1940931884074
2021-01-10,833.6334488065498
2021-01-11,1133.6825132321196
2021-01-12,1156.8388045139
2021-01-13,1222.890810151287
2021-01-14,1102.215047011392
2021-01-15,1101.7619181564037
2021-01-16,812.7717236937777
2021-01-17,774.5426617991732
2021-01-18,1173.4304834422232
2021-01-19,1174.817146521953
2021-01-20,1177.658074902124
2021-01-21,1088.6196405666337
2021-01-22,1169.4405829127609
2021-01-23,759.9803791571865
2021-01-24,750.4191454289956
2021-01-25,1194.4304448935136
2021-01-26,1233.9351112828276
2021-01-27,1186.8914242546925
2021-01-28,1210.6677280878516
2021-01-29,420.70868284085725
2021-01-30,288.23466136017544
2021-01-31,345.330020455027
2021-02-01,1246.5011475308056
2021-02-02,1191.3505424260416
2021-02-03,1173.3882758736163
2021-02-04,1135.0638552959103
2021-02-05,1117.3913984791689
2021-02-06,534.3155402296621
2021-02-07,485.47295798302514
2021-02-08,1288.9613654623972
2021-02-09,1185.716641188062
2021-02-10,1152.8747519216258
2021-02-11,1035.9058901927287
2021-02-12,1120.1281196030632
2021-02-13,730.1862614438725
2021-02-14,629.2144263828619
2021-02-15,1231.9160568626203
2021-02-16,1145.9310269675102
2021-02-17,1178.6749379120365
2021-02-18,1055.0238958261793
2021-02-19,1005.473633185181
2021-02-20,924.891941996824
2021-02-21,974.4579312022817
2021-02-22,1064.7744109224004
2021-02-23,1148.5543532884062
2021-02-24,1075.44432842906
2021-02-25,730.5719031446466
2021-02-26,665.7542600862583
2021-02-27,566.0744472011187
2021-02-28,941.2140432623395
2021-03-01,1045.0125657333938
2021-03-02,795.8699552644619
2021-03-03,813.2368824466961
2021-03-04,1163.9178442140287
2021-03-05,746.4098757113392
2021-03-06,665.3738819449803
2021-03-07,719.5665231080819
2021-03-08,1147.5966468599931
2021-03-09,1171.7935227289613
2021-03-10,1174.812843729031
2021-03-11,771.7152832724272
2021-03-12,1063.162056455949
2021-03-13,679.3409573062187
2021-03-14,706.1601449647394
2021-03-15,872.8104545656282
2021-03-16,1030.912551360997
2021-03-17,1084.4775738448834
2021-03-18,986.4834682593505
2021-03-19,890.6999946862227
2021-03-20,732.1128652805513
2021-03-21,693.5844616590081
2021-03-22,1102.9915169587748
2021-03-23,1122.6832250005446
2021-03-24,1100.7327536490793
2021-03-25,832.6926062390595
2021-03-26,909.8676819266739
2021-03-27,566.6421284304998
2021-03-28,607.0753939396351
2021-03-29,1020.3086514041769
2021-03-30,994.7414854181685
2021-03-31,967.0663813861723
2021-04-01,956.7558927619724
2021-04-02,756.4793565772555
2021-04-03,799.983290069669
2021-04-04,834.0537532498247
2021-04-05,990.8786068368164
2021-04-06,992.4460456918954
2021-04-07,1064.2160254789428
2021-04-08,1031.981190950622
2021-04-09,1092.7429262870169
2021-04-10,890.6624143581654
2021-04-11,807.4220672715891
2021-04-12,1066.8300980737004
2021-04-13,1080.0741960726218
2021-04-14,1075.3636403125897
2021-04-15,1048.7718464368495
2021-04-16,1089.9926989951828
2021-04-17,927.4473323250576
2021-04-18,865.7563277820319
2021-04-19,1053.3994023059731
2021-04-20,1008.7745783292463
2021-04-21,976.150973785204
2021-04-22,1019.2872392003625
2021-04-23,962.5497586782607
2021-04-24,1040.8847130412037
2021-04-25,1018.287832846495
2021-04-26,992.6881100413069
2021-04-27,1028.6757939012477
2021-04-28,1058.5354044983046
2021-04-29,1036.5629272968931
2021-04-30,935.8007081669772
2021-05-01,866.4027366252758
2021-05-02,515.2115207117756
2021-05-03,641.1521358119784
2021-05-04,942.1194987960638
2021-05-05,699.1049615900151
2021-05-06,969.7684773807158
2021-05-07,933.7409014182798
2021-05-08,597.0792659068736
2021-05-09,486.70431397921016
2021-05-10,973.3778367319434
2021-05-11,985.8297241327912
2021-05-12,995.2036082670451
2021-05-13,894.8521650027973
2021-05-14,918.2274891404292
2021-05-15,851.0727064303127
2021-05-16,847.1919415964115
2021-05-17,978.743040530015
2021-05-18,839.0879653872189
2021-05-19,372.42516945575807
2021-05-20,561.9746804588806
2021-05-21,653.222741160068
2021-05-22,774.151149972823
2021-05-23,817.1782900497288
2021-05-24,900.580917280726
2021-05-25,887.838834233176
2021-05-26,876.9960856128624
2021-05-27,869.4252733112634
2021-05-28,859.9551265824281
2021-05-29,780.416281844263
2021-05-30,820.1306895884794
2021-05-31,845.4117795251831
2021-06-01,573.7508178832225
2021-06-02,887.0979706183106
2021-06-03,821.7934871266597
2021-06-04,809.0344217380409
2021-06-05,823.8826350086191
2021-06-06,782.9831270532097
2021-06-07,843.6078037810483
2021-06-08,856.8340155274212
2021-06-09,863.8766874303043
2021-06-10,742.1290386606514
2021-06-11,799.222732379295
2021-06-12,898.7485043148091
2021-06-13,877.0955638933616
2021-06-14,713.3756479812768
2021-06-15,696.3787006507354
2021-06-16,758.3149852290902
2021-06-17,818.5591311360027
2021-06-18,725.9481156010903
2021-06-19,784.355728944688
2021-06-20,671.076508775565
2021-06-21,849.5598302443599
2021-06-22,736.9228993210828
2021-06-23,483.23950119950274
2021-06-24,597.1545792426365
2021-06-25,329.0002829854864
2021-06-26,484.24855461112395
2021-06-27,652.1435506012098
2021-06-28,791.8939844271074
2021-06-29,742.0451348582632
2021-06-30,647.8300040516942
2021-07-01,796.029172402613
2021-07-02,737.2392204151292
2021-07-03,777.4858881554592
2021-07-04,872.3107513886945
2021-07-05,771.9927688551062
2021-07-06,708.2314065941499
2021-07-07,743.7821891410784
2021-07-08,832.1814481814124
2021-07-09,744.696787781078
2021-07-10,814.6701271073061
2021-07-11,750.1124346508783
2021-07-12,722.7683222795594
2021-07-13,749.4293493910569
2021-07-14,753.0973910088085
2021-07-15,711.9989264924008
2021-07-16,691.3339375441077
2021-07-17,695.9010033237479
2021-07-18,784.3745191087168
2021-07-19,797.1597099446798
2021-07-20,844.6837786539888
2021-07-21,830.0450729136422
2021-07-22,848.7969607795479
2021-07-23,802.0357615350508
2021-07-24,599.3986719857012
2021-07-25,693.2241288650688
2021-07-26,662.538846939278
2021-07-27,762.9122960534722
2021-07-28,821.9443123903675
2021-07-29,864.5198805876304
2021-07-30,835.9269622297167
2021-07-31,804.6759595771526
2021-08-01,847.2620787436487
2021-08-02,862.5994442219275
2021-08-03,901.9104113837913
2021-08-04,880.1767828458733
2021-08-05,720.0254302710406
2021-08-06,734.3895148427958
2021-08-07,676.4994909286806
2021-08-08,616.0320708363854
2021-08-09,819.3490299596386
2021-08-10,833.2762132183817
2021-08-11,882.5194499579572
2021-08-12,768.8244304142885
2021-08-13,716.2620299701877
2021-08-14,706.149593995506
2021-08-15,583.7050933108808
2021-08-16,602.0274151470898
2021-08-17,679.7599723666821
2021-08-18,348.15973103114226
2021-08-19,415.9160069731297
2021-08-20,548.5683023155381
2021-08-21,399.0185379230875
2021-08-22,698.4155976380063
2021-08-23,562.4409229051547
2021-08-24,541.7709104479842
2021-08-25,673.0693940629429
2021-08-26,761.6896155142218
2021-08-27,687.5297412292795
2021-08-28,772.9733850449453
2021-08-29,901.6935685702441
2021-08-30,725.5740161519997
2021-08-31,855.4540783526273
2021-09-01,874.0991526547183
2021-09-02,842.3053390368071
2021-09-03,683.5307079508506
2021-09-04,825.6866107527538
2021-09-05,809.1673607491998
2021-09-06,770.7627530325402
2021-09-07,787.6716769632957
2021-09-08,839.819181944331
2021-09-09,815.9556095104784
2021-09-10,814.6962525546504
2021-09-11,622.1528088159536
2021-09-12,384.99599598124297
2021-09-13,502.8390662440885
2021-09-14,816.4511930900145
2021-09-15,840.9685096504264
2021-09-16,805.8032814333015
2021-09-17,683.7768918976598
2021-09-18,624.2974232785191
2021-09-19,609.7091606099012
2021-09-20,847.6370821042191
2021-09-21,884.5425802900771
2021-09-22,868.2906161717989
2021-09-23,906.7016552602942
2021-09-24,859.808420916118
2021-09-25,782.6007884093239
2021-09-26,851.0034731945552
2021-09-27,918.917909683566
2021-09-28,949.7906932896419
2021-09-29,538.5795095660922
2021-09-30,587.1616668957928
2021-10-01,562.9606714294273
2021-10-02,526.4994098398969
2021-10-03,510.710472481975
2021-10-04,584.3820984706966
2021-10-05,644.0385178008892
2021-10-06,623.1681409197622
2021-10-07,875.2156057596414
2021-10-08,485.3234728929365
2021-10-09,493.2619532717904
2021-10-10,446.4241855082206
2021-10-11,597.3034440037363
2021-10-12,539.3107261232041
2021-10-13,869.5939848275199
2021-10-14,596.5301762493392
2021-10-15,865.0773621196083
2021-10-16,818.8126503661273
2021-10-17,880.2794768122902
2021-10-18,953.7090384516003
2021-10-19,927.763653419104
2021-10-20,838.677189521551
2021-10-21,893.2407144478253
2021-10-22,833.8084732144954
2021-10-23,843.0691124130991
2021-10-24,857.4552028348008
2021-10-25,947.4814869082176
2021-10-26,978.3680371694447
2021-10-27,1008.1983066332397
2021-10-28,957.2409253722752
2021-10-29,871.819287406556
2021-10-30,781.4775861505726
2021-10-31,712.4358278054128
2021-11-01,833.5622892676862
2021-11-02,1016.89412901655
2021-11-03,956.235087646572
2021-11-04,917.6397625637093
2021-11-05,898.2895971518504
2021-11-06,821.8604085879792
2021-11-07,873.5416711227402
2021-11-08,1000.2754007324967
2021-11-09,1016.1523614902045
2021-11-10,962.5181057705607
2021-11-11,893.9792662882527
2021-11-12,876.7874819941106
2021-11-13,837.8001712096087
2021-11-14,815.1780694790355
2021-11-15,932.6479442042704
2021-11-16,959.1100147547695
2021-11-17,973.8344321204642
2021-11-18,964.434422538866
2021-11-19,927.5802713362165
2021-11-20,788.5349286200867
2021-11-21,771.2372346736098
2021-11-22,996.067763835316
2021-11-23,1000.8443371451878
2021-11-24,977.1714820775383
2021-11-25,1040.1112926071587
2021-11-26,909.9873582341597
2021-11-27,796.6934674984057
2021-11-28,790.3444318245771
2021-11-29,962.9320973221465
2021-11-30,981.3653523195679
2021-12-01,917.5925351778984
2021-12-02,904.1095885154831
2021-12-03,838.4016644414797
2021-12-04,767.2382013951809
2021-12-05,721.2627813769221
2021-12-06,897.6660980700331
2021-12-07,991.7157330462632
2021-12-08,866.443532639251
2021-12-09,883.7641363471542
2021-12-10,843.2598297793021
2021-12-11,654.3436316443815
2021-12-12,711.5001272269467
2021-12-13,912.5143113406112
2021-12-14,945.0874728129251
2021-12-15,892.7964778514976
2021-12-16,837.2857974660438
2021-12-17,855.5127606191514
2021-12-18,725.6326984185238
2021-12-19,776.4882896245512
2021-12-20,865.0709307477726
2021-12-21,596.4223060943964
2021-12-22,533.644775709197
2021-12-23,546.4593076784221
2021-12-24,396.6413534892158
2021-12-25,336.7680913454761
2021-12-26,431.4462489124013
2021-12-27,643.0180095085549
2021-12-28,602.4518049882607
2021-12-29,542.4277175808132
2021-12-30,543.3015202068376
2021-12-31,352.3768623064283
2022-01-01,294.98332588332914
2022-01-02,467.09741365130895
2022-01-03,640.1870941002501
2022-01-04,681.2048705001873
2022-01-05,676.6589066590138
2022-01-06,634.6238376526601
2022-01-07,569.4156167555906
2022-01-08,458.2548856016887
2022-01-09,515.93952158297
2022-01-10,627.2950897004724
2022-01-11,685.6660266274928
2022-01-12,639.63192434271
2022-01-13,654.3563417084047
2022-01-14,572.3125497137347
2022-01-15,446.0785232809122
2022-01-16,470.99606473775873
2022-01-17,609.4715671297174
2022-01-18,965.7368872831072
2022-01-19,950.0180870724224
2022-01-20,933.5208429188148
2022-01-21,869.8140433269849
2022-01-22,754.7610924584689
2022-01-23,771.3986109065507
2022-01-24,938.1254890265124
2022-01-25,926.2466576357536
2022-01-26,988.0990384117202
2022-01-27,890.9420590356341
2022-01-28,877.8038706890474
2022-01-29,774.1960655841958
2022-01-30,768.7070658812405
2022-01-31,957.9648066460717
2022-02-01,889.6533609465442
2022-02-02,911.8060045449255
2022-02-03,915.0518154162959
2022-02-04,858.7805773404682
2022-02-05,764.8075108833108
2022-02-06,729.3823320642256
2022-02-07,922.3732280851681
2022-02-08,918.4810083705537
2022-02-09,910.0354895314505
2022-02-10,903.158313458906
2022-02-11,885.3389104855488
2022-02-12,797.7767776546616
2022-02-13,741.7517235256431
2022-02-14,846.2594567038631
2022-02-15,929.0450162248784
2022-02-16,925.3141727432053
2022-02-17,887.765481400021
2022-02-18,846.8471832805832
2022-02-19,745.0823421108818
2022-02-20,776.0147118949616
2022-02-21,933.9618638292246
2022-02-22,927.6568398552893
2022-02-23,858.5930756601831
2022-02-24,862.8309576021055
2022-02-25,796.5027501322026
2022-02-26,722.0013332173497
2022-02-27,764.3486037203521
2022-02-28,887.7590500281855
2022-03-01,924.9547438607458
2022-03-02,958.7432505889946
2022-03-03,957.7112874159471
2022-03-04,946.6118038795909
2022-03-05,750.4287557449246
2022-03-06,710.3393446401379
2022-03-07,992.9319822136781
2022-03-08,1010.8174027368749
2022-03-09,1017.3236950462466
2022-03-10,992.7183550860487
2022-03-11,953.8085167320995
2022-03-12,745.01954024696
2022-03-13,762.637674884881
2022-03-14,1011.5298291299583
2022-03-15,1059.0172214226895
2022-03-16,1034.041901610799
2022-03-17,983.2271064187468
2022-03-18,969.6006697759392
2022-03-19,749.4554748384011
2022-03-20,758.1911893242066
2022-03-21,988.9549547851958
2022-03-22,1009.0175465901378
2022-03-23,1010.2695682626503
2022-03-24,930.3483848805995
2022-03-25,939.8992197259053
2022-03-26,762.0384934274479
2022-03-27,771.9235356193489
2022-03-28,975.2812907565774
2022-03-29,963.6193021793657
2022-03-30,988.0884874424869
2022-03-31,916.9607969012856
2022-04-01,870.1083585710848
2022-04-02,761.1834809654523
2022-04-03,718.087107652789
2022-04-04,971.0516480094501
2022-04-05,996.4271927177755
2022-04-06,958.5264077754474
2022-04-07,962.9728933361217
2022-04-08,938.0855969240172
2022-04-09,724.3325454487206
2022-04-10,705.8415120962551
2022-04-11,942.0805106050483
2022-04-12,894.430838167896
2022-04-13,936.9688260371014
2022-04-14,874.8922671642721
2022-04-15,678.9923440136027
2022-04-16,769.3569550310125
2022-04-17,715.923967646805
2022-04-18,906.0825403964845
2022-04-19,894.6887416160286
2022-04-20,910.4043261407954
2022-04-21,902.546533878412
2022-04-22,653.8474087739756
2022-04-23,662.4909802625974
2022-04-24,709.2448442237791
2022-04-25,864.4362414058522
2022-04-26,586.6632849305971
2022-04-27,477.43997248346716
2022-04-28,770.9285134834892
2022-04-29,795.680559109997
2022-04-30,704.9230584794681
2022-05-01,671.5274413643384
2022-05-02,844.7917607498936
2022-05-03,848.7206568810853
2022-05-04,902.1536442652929
2022-05-05,747.7480263094579
2022-05-06,802.7525721461421
2022-05-07,645.9896165115922
2022-05-08,515.943154569146
2022-05-09,811.7890332478831
2022-05-10,555.6971733384408
2022-05-11,540.9453510602127
2022-05-12,456.4740842395906
2022-05-13,502.83505858765295
2022-05-14,322.8916157790719
2022-05-15,383.00372658630533
2022-05-16,505.19239626636806
2022-05-17,542.5169095126894
2022-05-18,464.3318765019741
2022-05-19,452.54518810839886
2022-05-20,317.78405080852264
2022-05-21,322.1058365528335
2022-05-22,224.6692124992787
2022-05-23,289.4959986639422
2022-05-24,680.9567920791986
2022-05-25,772.5000719359658
2022-05-26,700.6012727351573
2022-05-27,684.4927985972712
2022-05-28,568.197473113996
2022-05-29,539.5165313562965
2022-05-30,674.6705582692919
2022-05-31,688.4216947284629
2022-06-01,663.669649101955
2022-06-02,627.1309150818719
2022-06-03,420.47097858118707
2022-06-04,442.0799073027416
2022-06-05,557.5894535597783
2022-06-06,726.9248768141418
2022-06-07,736.747117142121
2022-06-08,733.4253770425477
2022-06-09,726.8952710602696
2022-06-10,732.513090176986
2022-06-11,708.6756431904777
2022-06-12,578.2518661130231
2022-06-13,669.9377320387026
2022-06-14,699.7565466217847
2022-06-15,699.5438234056352
2022-06-16,714.3260191263738
2022-06-17,705.5985438353638
2022-06-18,579.6987247491364
2022-06-19,491.05740135939084
2022-06-20,630.9683075067496
2022-06-21,625.5746664868959
2022-06-22,627.8105200351653
2022-06-23,395.8827563014496
2022-06-24,620.8265303988061
2022-06-25,595.9497849559347
2022-06-26,559.8227307129995
2022-06-27,620.3790781165607
2022-06-28,640.2541682412176
2022-06-29,653.4029075570378
2022-06-30,676.6054005810155
2022-07-01,349.5919191006244
2022-07-02,522.1681297174806
2022-07-03,467.0544585425439
2022-07-04,656.329181648444
2022-07-05,656.2590445012069
2022-07-06,403.05334370661404
2022-07-07,561.1366503379538
2022-07-08,610.2510676637683
2022-07-09,395.6553625186691
2022-07-10,294.21005812893196
2022-07-11,419.16915312781555
2022-07-12,588.3079315956186
2022-07-13,503.3859968068332
2022-07-14,356.0354095460745
2022-07-15,379.9796700963975
2022-07-16,455.1242801685765
2022-07-17,420.0805360818973
2022-07-18,645.0935434150111
2022-07-19,704.276385015614
2022-07-20,692.4635711746947
2022-07-21,654.7502879126517
2022-07-22,683.1190281737028
2022-07-23,677.3618386739918
2022-07-24,549.050119239923
2022-07-25,731.7713226506406
2022-07-26,760.3014391446326
2022-07-27,721.9564176059768
2022-07-28,769.4300432435572
2022-07-29,748.7503837286332
2022-07-30,561.9714647729628
2022-07-31,643.967125470342
2022-08-01,721.0353875941418
2022-08-02,785.9566285304268
2022-08-03,749.3958886603972
2022-08-04,753.0533793089154
2022-08-05,743.6973814272103
2022-08-06,346.5776216094322
2022-08-07,442.4376637016328
2022-08-08,743.7633989770499
2022-08-09,782.7988410588424
2022-08-10,798.429617869741
2022-08-11,754.9183490940121
2022-08-12,765.0674614852711
2022-08-13,666.7872798504338
2022-08-14,428.6727605873107
2022-08-15,551.2671826241638
2022-08-16,482.122730312587
2022-08-17,567.9918205605518
2022-08-18,679.2153535783754
2022-08-19,713.1799071061961
2022-08-20,712.7439097046639
2022-08-21,756.4247939081292
2022-08-22,720.9359093136426
2022-08-23,770.3877496719698
2022-08-24,743.3631740806151
2022-08-25,810.2896590964713
2022-08-26,741.5454316813292
2022-08-27,650.4871844348648
2022-08-28,770.4358809692606
2022-08-29,837.1203016357052
2022-08-30,758.0761365655966
2022-08-31,728.5915293291098
2022-09-01,774.911707663197
2022-09-02,799.0792423989028
2022-09-03,790.6314117853616
2022-09-04,752.547244760146
2022-09-05,885.5035024044076
2022-09-06,876.8755053938967
2022-09-07,714.1426370434864
2022-09-08,406.3358309945619
2022-09-09,723.8360579577045
2022-09-10,697.0650015964744
2022-09-11,544.1520617996056
2022-09-12,837.1308526049385
2022-09-13,795.5400201949125
2022-09-14,796.9094064004729
2022-09-15,735.3105448546311
2022-09-16,576.1187065311708
2022-09-17,505.01392575139596
2022-09-18,442.25840121614294
2022-09-19,544.5376161294092
2022-09-20,589.0684892859925
2022-09-21,700.1778734566859
2022-09-22,793.6741464983359
2022-09-23,743.9394457766218
2022-09-24,462.78723546735927
2022-09-25,684.5741260046113
2022-09-26,814.218555227663
2022-09-27,893.6913824159885
2022-09-28,853.7495808889918
2022-09-29,803.6838885066004
2022-09-30,849.5712851250731
2022-10-01,795.4749065565528
2022-10-02,753.7291292854213
2022-10-03,741.916315444502
2022-10-04,758.6670788282341
2022-10-05,779.0345368465095
2022-10-06,841.8414083649709
2022-10-07,814.4564999796768
2022-10-08,759.078758605382
2022-10-09,731.7126403841166
2022-10-10,834.2013628276146
2022-10-11,886.1091152336762
2022-10-12,951.7583570411556
2022-10-13,894.9548589692142
2022-10-14,884.5962390477235
2022-10-15,814.3913863413171
2022-10-16,762.1265168272339
2022-10-17,879.7316423380656
2022-10-18,935.5650751894013
2022-10-19,963.2401792213976
2022-10-20,973.7748459424603
2022-10-21,869.211646183634
2022-10-22,790.6598490071436
2022-10-23,803.3505850714849
2022-10-24,946.5187569709274
2022-10-25,946.6581273539218
2022-10-26,970.9806069507331
2022-10-27,931.6141732082631
2022-10-28,880.7269290945356
2022-10-29,717.3338852457305
2022-10-30,633.2857530829693
2022-10-31,698.8313970125517
2022-11-01,729.3846438386636
2022-11-02,929.8780228369277
2022-11-03,939.8102924146395
2022-11-04,959.8728842195815
2022-11-05,796.5206363847515
2022-11-06,772.5552738959617
2022-11-07,965.9945261106295
2022-11-08,944.5868657245113
2022-11-09,888.6392840260454
2022-11-10,914.1363128648165
2022-11-11,855.0969612446057
2022-11-12,589.7116824433186
2022-11-13,699.0262339761525
2022-11-14,971.0204990532284
2022-11-15,1012.6961391771227
2022-11-16,997.1607210493254
2022-11-17,774.853705562766
2022-11-18,969.3088531934756
2022-11-19,679.6698640734677
2022-11-20,568.8233209880634
2022-11-21,1101.22320976551
2022-11-22,1066.547400908932
2022-11-23,1081.9291639981225
2022-11-24,1097.2219931104119
2022-11-25,990.4048130604618
2022-11-26,669.3134341942814
2022-11-27,562.0722562865145
2022-11-28,1101.3354290575471
2022-11-29,1106.5050240699807
2022-11-30,1074.8494231020081
2022-12-01,1007.4950677868782
2022-12-02,1007.5805152333411
2022-12-03,693.7072086713857
2022-12-04,548.7921216036099
2022-12-05,1074.7411913179262
2022-12-06,1055.581502781965
2022-12-07,1087.4017907383886
2022-12-08,670.629320394179
2022-12-09,845.5985841780922
2022-12-10,703.119174111214
2022-12-11,580.3582809515293
2022-12-12,1065.524316663275
2022-12-13,1038.5334622897908
2022-12-14,1083.7601350551927
2022-12-15,1053.1797371381235
2022-12-16,863.0862103374644
2022-12-17,668.4736169650133
2022-12-18,579.0213061444356
2022-12-19,1034.1949480259873
2022-12-20,1085.2213087011332
2022-12-21,1046.749891615691
2022-12-22,903.8054301637707
2022-12-23,965.3550910832233
2022-12-24,597.1432161795288
2022-12-25,502.15729790899366
2022-12-26,1125.5810626251296
2022-12-27,1118.813675312012
2022-12-28,990.3988959974135
2022-12-29,954.0327459350439
2022-12-30,957.0609355051945
2022-12-31,441.7644797608279
2023-01-01,457.8822557569727
2023-01-02,637.1606146247796
2023-01-03,1089.1064402883726
2023-01-04,1064.113362621702
2023-01-05,1096.5865211474202
2023-01-06,1004.9733683223009
2023-01-07,759.1794997678132
2023-01-08,561.002838209217
2023-01-09,1046.0758070153934
2023-01-10,1173.5407665135322
2023-01-11,1099.0903106708688
2023-01-12,1038.1732749165649
2023-01-13,970.6227728184298
2023-01-14,760.4410401003105
2023-01-15,542.9130620624347
2023-01-16,1049.3307876555796
2023-01-17,1170.8116411601645
2023-01-18,1102.7199868072553
2023-01-19,1123.4162597751738
2023-01-20,957.4228015858994
2023-01-21,763.6279045262717
2023-01-22,624.1064688356588
2023-01-23,1120.2517634215983
2023-01-24,1096.1958215766053
2023-01-25,1157.1250973649303
2023-01-26,1076.9930082292863
2023-01-27,926.888876255548
2023-01-28,679.3685994570709
2023-01-29,590.9720921449879
2023-01-30,1120.339780155749
2023-01-31,1040.760430245035
2023-02-01,1125.1211127956135
2023-02-02,935.209810344786
2023-02-03,881.9145213017297
2023-02-04,690.7685691221512
2023-02-05,486.1637577715454
2023-02-06,900.8764480295987
2023-02-07,1005.8822970551927
2023-02-08,941.8481244225662
2023-02-09,943.603589624027
2023-02-10,873.5938410340679
2023-02-11,663.39176784221
2023-02-12,522.6838100284627
2023-02-13,996.0139937400937
2023-02-14,994.4230053909937
2023-02-15,1024.648994242807
2023-02-16,949.1579738098621
2023-02-17,929.0492886635856
2023-02-18,667.6242640528159
2023-02-19,543.1340311390148
2023-02-20,949.0839745784772
2023-02-21,896.4869860248755
2023-02-22,1023.4794581524158
2023-02-23,937.5349837809752
2023-02-24,897.0657966543553
2023-02-25,769.1219277381045
2023-02-26,557.6636115411087
2023-02-27,953.6309707288993
2023-02-28,1027.1396635093347
2023-03-01,1092.6851620182042
2023-03-02,1124.7691579515472
2023-03-03,1036.8884189147166
2023-03-04,730.1650854657056
2023-03-05,549.7171561463446
2023-03-06,1132.023913337985
2023-03-07,1193.54710658456
2023-03-08,1181.2767904696789
2023-03-09,1166.1611658900174
2023-03-10,1090.8029523787886
2023-03-11,767.344842597716
2023-03-12,601.5928460451081
2023-03-13,1170.3964785442522
2023-03-14,1152.2848353026016
2023-03-15,1206.6870923967977
2023-03-16,1113.959389081282
2023-03-17,1167.0548927245468
2023-03-18,789.6702869555368
2023-03-19,580.838669298338
2023-03-20,1200.616289845806
2023-03-21,1167.494400345097
2023-03-22,1139.0857679815508
2023-03-23,1147.8681851870706
2023-03-24,1136.4912403499147
2023-03-25,796.3746319144269
2023-03-26,646.1535650041443
2023-03-27,1136.8994706164744
2023-03-28,1123.6279743706546
2023-03-29,1185.635638541586
2023-03-30,1131.3947510146954
2023-03-31,1012.2797415364677
2023-04-01,758.2915142214043
2023-04-02,561.8671221752564
2023-04-03,1119.8440815097147
2023-04-04,1117.724048850419
2023-04-05,1129.8778806551522
2023-04-06,1030.9398656505728
2023-04-07,571.3610722196889
2023-04-08,649.0304349987058
2023-04-09,592.1652927958986
2023-04-10,1193.597807169539
2023-04-11,1164.8271833014805
2023-04-12,1054.7436047504807
2023-04-13,1078.2177437474375
2023-04-14,953.9250388170585
2023-04-15,733.9761227519679
2023-04-16,472.6176233341897
2023-04-17,1014.0318589625678
2023-04-18,991.3604682016479
2023-04-19,1016.5643328637397
2023-04-20,1004.3359771615247
2023-04-21,928.423606205099
2023-04-22,648.9525329716491
2023-04-23,470.5655444454617
2023-04-24,904.5616144351709
2023-04-25,966.2802777123062
2023-04-26,979.3051974346631
2023-04-27,884.4860241054411
2023-04-28,735.1407674229242
2023-04-29,175.76513213375074
2023-04-30,174.41159422478285
2023-05-01,412.0928071061951
2023-05-02,833.8727310734954
2023-05-03,894.3678202572095
2023-05-04,869.7787078389875
2023-05-05,797.683291231872
2023-05-06,455.68782093232886
2023-05-07,693.9707038535267
2023-05-08,901.4937562298861
2023-05-09,927.1490843707583
2023-05-10,955.4826681707266
2023-05-11,911.9706275729603
2023-05-12,873.6841798999656
2023-05-13,605.0356469025336
2023-05-14,387.8067434387501
2023-05-15,862.4687500508286
2023-05-16,872.9007294711097
2023-05-17,958.1440632208875
2023-05-18,890.8966735559205
2023-05-19,803.8102000960645
2023-05-20,554.6917450858849
2023-05-21,182.39231919209396
2023-05-22,400.07506929010856
2023-05-23,547.7001559873252
2023-05-24,729.3934654712723
2023-05-25,700.8524120970285
2023-05-26,766.205534529122
2023-05-27,605.0759249160476
2023-05-28,309.43063750502796
2023-05-29,846.6953701480733
2023-05-30,817.8147170302824
2023-05-31,885.2228868810811
2023-06-01,833.071015146707
2023-06-02,365.41074566845873
2023-06-03,320.2091053327231
2023-06-04,309.01945203976175
2023-06-05,815.7547715265072
2023-06-06,826.0634626850566
2023-06-07,842.9222040312947
2023-06-08,661.9065807445817
2023-06-09,347.92445035838324
2023-06-10,303.4246273967551
2023-06-11,223.78133491200776
2023-06-12,609.5558475188021
2023-06-13,627.2131024371811
2023-06-14,694.8615191748348
2023-06-15,757.4376558007906
2023-06-16,716.825895936529
2023-06-17,528.1444875761341
2023-06-18,242.30198024225558
2023-06-19,709.1517566015535
2023-06-20,709.4198143088665
2023-06-21,407.89391704696186
2023-06-22,95.4438826072487
2023-06-23,90.55573640356977
2023-06-24,141.47668173826244
2023-06-25,125.90139150487559
2023-06-26,164.4996414322299
2023-06-27,488.4402992482011
2023-06-28,540.7616609865039
2023-06-29,537.6085244440488
2023-06-30,629.62114736651
2023-07-01,517.6505865148318
2023-07-02,271.6573688226921
2023-07-03,708.6611624850061
2023-07-04,709.4616426320903
2023-07-05,725.6179705571114
2023-07-06,688.0817597382538
2023-07-07,591.3092073131305
2023-07-08,246.50961713943627
2023-07-09,325.4325385694049
2023-07-10,638.9629689934657
2023-07-11,318.6523998874405
2023-07-12,346.6038351827081
2023-07-13,427.5688255034996
2023-07-14,422.17133573076865
2023-07-15,331.93030084255525
2023-07-16,250.7099187533015
2023-07-17,652.9196321405485
2023-07-18,630.1796782306808
2023-07-19,719.0222499589569
2023-07-20,794.7613972250748
2023-07-21,255.2762060452692
2023-07-22,118.29773820830582
2023-07-23,137.3971057640761
2023-07-24,548.1541280453636
2023-07-25,575.3259339691248
2023-07-26,677.414286095475
2023-07-27,708.9784074874381
2023-07-28,642.3715980066239
2023-07-29,632.7448513977843
2023-07-30,378.3519306977201
2023-07-31,755.5985709727325
2023-08-01,757.395834143202
2023-08-02,807.0515054590185
2023-08-03,755.6174828688947
2023-08-04,800.5804713459571
2023-08-05,434.4802815059002
2023-08-06,379.93185007712555
2023-08-07,717.5476004992915
2023-08-08,830.8197258754047
2023-08-09,764.0730213454996
2023-08-10,181.45386985933814
2023-08-11,676.2397368535151
2023-08-12,547.6166314303202
2023-08-13,464.50554001964434
2023-08-14,818.6985696480232
2023-08-15,415.65017974161947
2023-08-16,685.6728279203895
2023-08-17,338.52419362084424
2023-08-18,537.5634567463278
2023-08-19,46.64296326621671
2023-08-20,48.55131834988215
2023-08-21,104.9075942725745
2023-08-22,45.214383459306205
2023-08-23,228.55837884518166
2023-08-24,546.1393586401724
2023-08-25,725.1412988737374
2023-08-26,571.1519269118963
2023-08-27,552.1630182023624
2023-08-28,685.3895749803489
2023-08-29,769.9326509900515
2023-08-30,799.8728109485013
2023-08-31,688.3129242272634
2023-09-01,652.0486592894234
2023-09-02,144.62043171017527
2023-09-03,168.15238608202623
2023-09-04,240.49846179015242
2023-09-05,460.9330435325054
2023-09-06,114.40912009062802
2023-09-07,535.6201276421428
2023-09-08,599.7056709465575
2023-09-09,318.2149605770614
2023-09-10,98.18525466027243
2023-09-11,575.3780461087352
2023-09-12,708.5045455820575
2023-09-13,757.7625916433419
2023-09-14,771.3356063271348
2023-09-15,702.8803017591407
2023-09-16,435.2929646671552
2023-09-17,233.851164075793
2023-09-18,209.46372292697043
2023-09-19,223.62344520950498
2023-09-20,603.0799523405204
2023-09-21,752.5383018723394
2023-09-22,663.0462206813999
2023-09-23,569.67456274383
2023-09-24,517.734666092148
2023-09-25,824.7626699826586
2023-09-26,835.4683770173602
2023-09-27,847.3383228150936
2023-09-28,766.6497777910851
2023-09-29,822.7446915571851
2023-09-30,653.3915748481451
2023-10-01,376.5681433409755
2023-10-02,714.8988961095479
2023-10-03,757.9836624551498
2023-10-04,855.3972379922003
2023-10-05,815.3752863461001
2023-10-06,768.1919951102997
2023-10-07,595.6823637292295
2023-10-08,498.45541631519893
2023-10-09,630.5996408881093
2023-10-10,856.1718331822459
2023-10-11,912.309993491837
2023-10-12,932.0089217504237
2023-10-13,880.6578790543027
2023-10-14,707.7934460313228
2023-10-15,551.8061719388613
2023-10-16,938.2416185348175
2023-10-17,951.058086724771
2023-10-18,924.9865599670642
2023-10-19,941.3807545974511
2023-10-20,923.4906764794896
2023-10-21,604.1924648749607
2023-10-22,539.804962863486
2023-10-23,866.401000623016
2023-10-24,1073.4537726940257
2023-10-25,954.3356692620133
2023-10-26,889.5193256657202
2023-10-27,480.7724218604944
2023-10-28,431.4231367135062
2023-10-29,42.80287568811872
2023-10-30,635.1512986402441
2023-10-31,714.7609439468206
2023-11-01,342.62482384106386
2023-11-02,597.7007824237902
2023-11-03,847.9715877128368
2023-11-04,705.9996086828618
2023-11-05,501.84472383259674
2023-11-06,940.5147682353534
2023-11-07,943.3763345963242
2023-11-08,962.7187721482136
2023-11-09,980.0037317487879
2023-11-10,133.0921672974302
2023-11-11,387.280769393759
2023-11-12,423.73613094318546
2023-11-13,960.289107279957
2023-11-14,1027.3920183407686
2023-11-15,941.8585603253014
2023-11-16,948.3068101007437
2023-11-17,418.53565781905047
2023-11-18,567.6195086594897
2023-11-19,607.615009655657
2023-11-20,938.251384350743
2023-11-21,1002.5370012376881
2023-11-22,1019.6405149761032
2023-11-23,978.0934537756644
2023-11-24,883.3055207805829
2023-11-25,652.8986756227949
2023-11-26,545.35263816733
2023-11-27,826.0194880050136
2023-11-28,942.9770032540603
2023-11-29,1011.540279118925
2023-11-30,923.1651075699789
2023-12-01,790.4003591108632
2023-12-02,614.831514627228
2023-12-03,497.21111583702054
2023-12-04,971.4420061096926
2023-12-05,948.0355433731481
2023-12-06,981.0094240537783
2023-12-07,916.7616176278872
2023-12-08,595.7088884188628
2023-12-09,624.8201310084462
2023-12-10,414.531103745901
2023-12-11,983.196246084951
2023-12-12,928.5641409867845
2023-12-13,990.5886827895957
2023-12-14,943.5169711132377
2023-12-15,867.584290037288
2023-12-16,712.3100687392342
2023-12-17,965.3819446671195
2023-12-18,915.219671153193
2023-12-19,954.764981470134
2023-12-20,942.2260896474784
2023-12-21,871.5922089087422
2023-12-22,811.1249342371601
2023-12-23,653.9587071295504
2023-12-24,378.3140898824514
2023-12-25,484.9730723655282
2023-12-26,1007.1663612380977
2023-12-27,1032.517076987213
2023-12-28,1023.6588393960777
2023-12-29,906.5655316723934
2023-12-30,768.1349885772928
2023-12-31,434.61065122937123
2024-01-01,362.24243091622066
2024-01-02,988.3045828775375
2024-01-03,927.7923992602176
2024-01-04,984.0596498280903
2024-01-05,884.2959398061976
2024-01-06,610.9628207180552
2024-01-07,601.4442041580697
2024-01-08,1019.319959218161
2024-01-09,792.3042734014901
2024-01-10,992.7118293995818
2024-01-11,974.0236673059834
2024-01-12,983.1342227087019
2024-01-13,700.1294717545619
2024-01-14,534.3474943360974
2024-01-15,1069.5690270178047
2024-01-16,1075.7305676769834
2024-01-17,979.6673343598883
2024-01-18,977.1352293467907
2024-01-19,892.8832595609055
2024-01-20,697.662490737133
2024-01-21,566.0271391099726
2024-01-22,975.0938201854682
2024-01-23,992.4895875234475
2024-01-24,985.7436747285448
2024-01-25,975.6594154884341
2024-01-26,931.9979782045365
2024-01-27,693.3240982054626
2024-01-28,530.7328509887809
2024-01-29,1005.5088306730617
2024-01-30,1005.9937548825015
2024-01-31,932.4777334843858
2024-02-01,862.9272713027686
2024-02-02,792.3733001928305
2024-02-03,561.6353246192874
2024-02-04,519.2575856041819
2024-02-05,772.3155590957995
2024-02-06,892.5072305567217
2024-02-07,903.7545774924437
2024-02-08,842.4277848504496
2024-02-09,743.675450371925
2024-02-10,670.9412377150369
2024-02-11,511.87337773702336
2024-02-12,909.2393292002326
2024-02-13,941.1355762973495
2024-02-14,861.3923892668695
2024-02-15,885.1271356213256
2024-02-16,812.3199390193566
2024-02-17,617.5262686728207
2024-02-18,494.2686275349088
2024-02-19,677.4078310350598
2024-02-20,924.2780060154377
2024-02-21,979.3458546935605
2024-02-22,569.7601119255206
2024-02-23,710.0881986478421
2024-02-24,590.3521709715272
2024-02-25,462.6296333542957
2024-02-26,958.1973767790392
2024-02-27,976.0339178714877
2024-02-28,964.378486089919
2024-02-29,943.0833091747229
2024-03-01,927.6575343856395
2024-03-02,605.0978156994959
2024-03-03,535.6848180343596
2024-03-04,993.1155341608195
2024-03-05,1095.330498635682
2024-03-06,1059.2614935923111
2024-03-07,1089.7366215896404
2024-03-08,907.4847879071575
2024-03-09,668.1297455377203
2024-03-10,525.1796312016369
2024-03-11,976.2055845864506
2024-03-12,1038.450584131016
2024-03-13,1036.5202365286746
2024-03-14,1092.3653647510291
2024-03-15,1011.6329401165698
2024-03-16,690.9770510087696
2024-03-17,543.7063153270664
2024-03-18,1034.1522091256484
2024-03-19,1028.7696504067594
2024-03-20,988.050816491472
2024-03-21,1027.5699946954337
2024-03-22,997.0508549982115
2024-03-23,683.1981493972061
2024-03-24,535.9343564221645
2024-03-25,1027.2038702622535
2024-03-26,1031.9713041575237
2024-03-27,1020.2753538721357
2024-03-28,964.7436932803489
2024-03-29,522.4812518705279
2024-03-30,610.3125868105136
2024-03-31,539.8853668041656
2024-04-01,1014.9408894306877
2024-04-02,923.2620098971549
2024-04-03,830.8444197712114
2024-04-04,968.1377534621039
2024-04-05,1068.9542377540847
2024-04-06,783.9826015361035
2024-04-07,784.0055161621956
