Time,Cabello_predicho
2017-03-21,239.9860209685472
2017-03-22,239.9860209685472
2017-03-23,239.9860209685472
2017-03-24,239.9860209685472
2017-03-25,239.9860209685472
2017-03-26,239.9860209685472
2017-03-27,239.9860209685472
2017-03-28,239.9860209685472
2017-03-29,239.9860209685472
2017-03-30,239.9860209685472
2017-03-31,239.9860209685472
2017-04-01,239.9860209685472
2017-04-02,239.9860209685472
2017-04-03,239.9860209685472
2017-04-04,239.9860209685472
2017-04-05,239.9860209685472
2017-04-06,239.9860209685472
2017-04-07,239.9860209685472
2017-04-08,239.9860209685472
2017-04-09,239.9860209685472
2017-04-10,239.9860209685472
2017-04-11,239.9860209685472
2017-04-12,239.9860209685472
2017-04-13,239.9860209685472
2017-04-14,239.9860209685472
2017-04-15,239.9860209685472
2017-04-16,239.9860209685472
2017-04-17,239.9860209685472
2017-04-18,239.9860209685472
2017-04-19,239.9860209685472
2017-04-20,239.9860209685472
2017-04-21,239.9860209685472
2017-04-22,239.9860209685472
2017-04-23,239.9860209685472
2017-04-24,239.9860209685472
2017-04-25,239.9860209685472
2017-04-26,239.9860209685472
2017-04-27,239.9860209685472
2017-04-28,239.9860209685472
2017-04-29,239.9860209685472
2017-04-30,239.9860209685472
2017-05-01,239.9860209685472
2017-05-02,239.9860209685472
2017-05-03,239.9860209685472
2017-05-04,239.9860209685472
2017-05-05,239.9860209685472
2017-05-06,239.9860209685472
2017-05-07,239.9860209685472
2017-05-08,239.9860209685472
2017-05-09,239.9860209685472
2017-05-10,239.9860209685472
2017-05-11,239.9860209685472
2017-05-12,239.9860209685472
2017-05-13,239.9860209685472
2017-05-14,239.9860209685472
2017-05-15,239.9860209685472
2017-05-16,239.9860209685472
2017-05-17,239.9860209685472
2017-05-18,239.9860209685472
2017-05-19,239.9860209685472
2017-05-20,239.9860209685472
2017-05-21,239.9860209685472
2017-05-22,239.9860209685472
2017-05-23,239.9860209685472
2017-05-24,239.9860209685472
2017-05-25,181.2734704868172
2017-05-26,173.99468460291757
2017-05-27,164.99545841918712
2017-05-28,162.61331031172907
2017-05-29,176.5091742719011
2017-05-30,171.74487805698496
2017-05-31,175.31810021817205
2017-06-01,172.53892742613766
2017-06-02,168.8333637034251
2017-06-03,159.83413751969465
2017-06-04,154.01110881257495
2017-06-05,179.28834706393548
2017-06-06,173.20063523376487
2017-06-07,161.0252115734237
2017-06-08,158.6430634659656
2017-06-09,172.4065858646122
2017-06-10,164.86311685766168
2017-06-11,154.80515818172765
2017-06-12,178.09727301020646
2017-06-13,171.21551181088319
2017-06-14,166.71589871901796
2017-06-15,175.05341709512115
2017-06-16,145.93827355952263
2017-06-17,151.364277582066
2017-06-18,148.98212947460794
2017-06-19,168.96570526495054
2017-06-20,168.43633901884877
2017-06-21,174.52405084901937
2017-06-22,147.65871385935344
2017-06-23,167.24526496511973
2017-06-24,162.21628562715273
2017-06-25,151.23193602054056
2017-06-26,147.526372297828
2017-06-27,168.43633901884877
2017-06-28,171.34785337240862
2017-06-29,172.53892742613766
2017-06-30,176.77385739495196
2017-07-01,167.24526496511973
2017-07-02,155.20218286630399
2017-07-03,165.65716622681435
2017-07-04,155.59920755088032
2017-07-05,170.95082868783226
2017-07-06,168.3039974573233
2017-07-07,166.5835571574925
2017-07-08,161.81926094257636
2017-07-09,154.80515818172765
2017-07-10,170.95082868783226
2017-07-11,171.08317024935772
2017-07-12,176.64151583342652
2017-07-13,155.33452442782942
2017-07-14,170.55380400325592
2017-07-15,146.59998136714987
2017-07-16,153.0847178818968
2017-07-17,169.23038838800144
2017-07-18,174.9210755335957
2017-07-19,172.935952110714
2017-07-20,171.74487805698496
2017-07-21,174.78873397207025
2017-07-22,160.89287001189825
2017-07-23,157.7166725352875
2017-07-24,175.45044177969748
2017-07-25,178.7589808178337
2017-07-26,181.2734704868172
2017-07-27,177.17088207952833
2017-07-28,179.6853717485118
2017-07-29,165.26014154223802
2017-07-30,158.6430634659656
2017-07-31,174.9210755335957
2017-08-01,174.25936772596847
2017-08-02,180.74410424071542
2017-08-03,176.90619895647743
2017-08-04,169.098046826476
2017-08-05,160.4958453273219
2017-08-06,157.98135565833837
2017-08-07,173.06829367223943
2017-08-08,179.15600550241004
2017-08-09,170.81848712630682
2017-08-10,148.18808010545524
2017-08-11,145.93827355952263
2017-08-12,161.81926094257636
2017-08-13,147.92339698240434
2017-08-14,166.8482402805434
2017-08-15,161.5545778195255
2017-08-16,181.40581204834265
2017-08-17,182.72922766359713
2017-08-18,166.71589871901796
2017-08-19,160.62818688884735
2017-08-20,159.1724297120674
2017-08-21,184.3173264019025
2017-08-22,181.2734704868172
2017-08-23,166.05419091139072
2017-08-24,177.03854051800286
2017-08-25,174.3917092874939
2017-08-26,163.2750181193563
2017-08-27,159.04008815054198
2017-08-28,169.62741307257778
2017-08-29,175.84746646427385
2017-08-30,182.46454454054623
2017-08-31,177.03854051800286
2017-09-01,174.127026164443
2017-09-02,167.24526496511973
2017-09-03,160.7605284503728
2017-09-04,180.87644580224085
2017-09-05,181.802836732919
2017-09-06,181.00878736376632
2017-09-07,183.92030171732617
2017-09-08,180.47942111766451
2017-09-09,165.78950778833982
2017-09-10,152.42301007426957
2017-09-11,179.6853717485118
2017-09-12,179.42068862546094
2017-09-13,177.56790676410466
2017-09-14,172.53892742613766
2017-09-15,180.74410424071542
2017-09-16,163.14267655783084
2017-09-17,156.79028160460936
2017-09-18,146.20295668257353
2017-09-19,151.364277582066
2017-09-20,184.5820095249534
2017-09-21,188.28757324766593
2017-09-22,191.72845384732756
2017-09-23,179.02366394088457
2017-09-24,187.49352387851326
2017-09-25,183.5232770327498
2017-09-26,191.46377072427669
2017-09-27,196.09572537766735
2017-09-28,187.6258654400387
2017-09-29,185.77308357868242
2017-09-30,144.48251638274272
2017-10-01,161.68691938105093
2017-10-02,188.81693949376773
2017-10-03,187.8905485630896
2017-10-04,166.3188740344416
2017-10-05,177.964931448681
2017-10-06,181.802836732919
2017-10-07,168.70102214189967
2017-10-08,168.70102214189967
2017-10-09,176.77385739495196
2017-10-10,187.75820700156413
2017-10-11,193.4488941471584
2017-10-12,194.24294351631107
2017-10-13,195.03699288546377
2017-10-14,178.2296145717319
2017-10-15,172.6712689876631
2017-10-16,197.68382411597273
2017-10-17,190.66972135512398
2017-10-18,196.09572537766735
2017-10-19,197.0221163083455
2017-10-20,192.12547853190392
2017-10-21,207.8741243534322
2017-10-22,175.1857586566466
2017-10-23,200.46299690800714
2017-10-24,200.06597222343078
2017-10-25,199.93363066190534
2017-10-26,199.536605977329
2017-10-27,183.92030171732617
2017-10-28,179.28834706393548
2017-10-29,171.61253649545952
2017-10-30,199.536605977329
2017-10-31,196.7574331852946
2017-11-01,165.39248310376345
2017-11-02,165.78950778833982
2017-11-03,189.47864730139497
2017-11-04,176.64151583342652
2017-11-05,174.52405084901937
2017-11-06,195.9633838161419
2017-11-07,200.72768003105801
2017-11-08,203.24216970004153
2017-11-09,200.86002159258348
2017-11-10,199.93363066190534
2017-11-11,186.96415763241146
2017-11-12,169.75975463410325
2017-11-13,200.86002159258348
2017-11-14,205.88900093055048
2017-11-15,199.536605977329
2017-11-16,199.536605977329
2017-11-17,195.1693344469892
2017-11-18,185.64074201715698
2017-11-19,185.37605889410608
2017-11-20,202.18343720783795
2017-11-21,201.65407096173618
2017-11-22,203.24216970004153
2017-11-23,203.24216970004153
2017-11-24,206.55070873817772
2017-11-25,184.18498484037704
2017-11-26,175.71512490274839
2017-11-27,207.60944123038132
2017-11-28,210.6532971454666
2017-11-29,211.84437119919565
2017-11-30,205.0949515613978
2017-12-01,195.56635913156555
2017-12-02,179.6853717485118
2017-12-03,172.80361054918853
2017-12-04,204.565585315296
2017-12-05,206.81539186122862
2017-12-06,207.8741243534322
2017-12-07,198.08084880054906
2017-12-08,175.1857586566466
2017-12-09,180.61176267918995
2017-12-10,171.48019493393406
2017-12-11,203.90387750766877
2017-12-12,204.96260999987237
2017-12-13,213.16778681445012
2017-12-14,209.32988153021213
2017-12-15,198.34553192359996
2017-12-16,182.0675198559699
2017-12-17,181.14112892529175
2017-12-18,207.74178279190676
2017-12-19,209.4622230917376
2017-12-20,204.30090219224513
2017-12-21,202.71280345393973
2017-12-22,196.88977474682002
2017-12-23,181.40581204834265
2017-12-24,168.5686805803742
2017-12-25,165.78950778833982
2017-12-26,217.93208302936625
2017-12-27,210.78563870699207
2017-12-28,213.03544525292466
2017-12-29,197.55148255444726
2017-12-30,189.21396417834407
2017-12-31,169.3627299495269
2018-01-01,157.58433097376204
2018-01-02,216.74100897563721
2018-01-03,217.40271678326445
2018-01-04,214.09417774512826
2018-01-05,205.88900093055048
2018-01-06,190.1403551090222
2018-01-07,176.77385739495196
2018-01-08,210.9179802685175
2018-01-09,212.63842056834832
2018-01-10,213.6971530605519
2018-01-11,209.8592477763139
2018-01-12,207.08007498427952
2018-01-13,195.1693344469892
2018-01-14,187.8905485630896
2018-01-15,210.78563870699207
2018-01-16,214.2265193066537
2018-01-17,211.31500495309385
2018-01-18,216.34398429106085
2018-01-19,209.8592477763139
2018-01-20,193.05186946258206
2018-01-21,186.03776670173332
2018-01-22,215.6822764834336
2018-01-23,220.44657269834977
2018-01-24,221.24062206750244
2018-01-25,220.3142311368243
2018-01-26,209.32988153021213
2018-01-27,200.06597222343078
2018-01-28,185.64074201715698
2018-01-29,220.71125582140064
2018-01-30,224.01979485953683
2018-01-31,224.28447798258773
2018-02-01,213.16778681445012
2018-02-02,206.81539186122862
2018-02-03,193.4488941471584
2018-02-04,183.65561859427527
2018-02-05,211.57968807614475
2018-02-06,215.15291023733184
2018-02-07,211.84437119919565
2018-02-08,214.4912024297046
2018-02-09,208.403490599534
2018-02-10,195.56635913156555
2018-02-11,178.7589808178337
2018-02-12,217.13803366021355
2018-02-13,217.7997414678408
2018-02-14,210.9179802685175
2018-02-15,207.21241654580496
2018-02-16,203.77153594614333
2018-02-17,188.02289012461503
2018-02-18,180.61176267918995
2018-02-19,212.37373744529742
2018-02-20,206.81539186122862
2018-02-21,211.57968807614475
2018-02-22,212.37373744529742
2018-02-23,210.12393089936484
2018-02-24,193.4488941471584
2018-02-25,181.14112892529175
2018-02-26,222.8287208058078
2018-02-27,219.5201817676716
2018-02-28,217.66739990631535
2018-03-01,224.4168195441132
2018-03-02,211.4473465146193
2018-03-03,193.05186946258206
2018-03-04,180.61176267918995
2018-03-05,221.108280505977
2018-03-06,219.65252332919707
2018-03-07,226.79896765157125
2018-03-08,229.31345732055476
2018-03-09,222.29935455970602
2018-03-10,201.12470471563438
2018-03-11,185.77308357868242
2018-03-12,229.84282356665653
2018-03-13,220.18188957529884
2018-03-14,222.8287208058078
2018-03-15,227.32833389767302
2018-03-16,223.8874532980114
2018-03-17,191.59611228580212
2018-03-18,178.62663925630824
2018-03-19,226.66662609004578
2018-03-20,232.62199635869095
2018-03-21,226.26960140546947
2018-03-22,234.87180290462356
2018-03-23,223.22574549038416
2018-03-24,200.59533846953258
2018-03-25,191.72845384732756
2018-03-26,231.166239181911
2018-03-27,237.51863413513252
2018-03-28,235.93053539682714
2018-03-29,229.04877419750386
2018-03-30,193.7135772702093
2018-03-31,186.43479138630966
2018-04-01,190.93440447817488
2018-04-02,241.75356410394684
2018-04-03,242.94463815767588
2018-04-04,237.78331725818342
2018-04-05,229.04877419750386
2018-04-06,218.5937908369935
2018-04-07,196.2280669391928
2018-04-08,190.93440447817488
2018-04-09,240.03312380411603
2018-04-10,237.91565881970885
2018-04-11,223.49042861343506
2018-04-12,234.34243665852176
2018-04-13,223.6227701749605
2018-04-14,217.0056920986881
2018-04-15,188.1552316861405
2018-04-16,234.34243665852176
2018-04-17,227.46067545919848
2018-04-18,232.09263011258918
2018-04-19,229.84282356665653
2018-04-20,229.7104820051311
2018-04-21,205.88900093055048
2018-04-22,192.9195279010566
2018-04-23,232.75433792021641
2018-04-24,229.84282356665653
2018-04-25,238.31268350428522
2018-04-26,234.0777535354709
2018-04-27,231.29858074343647
2018-04-28,203.24216970004153
2018-04-29,183.25859390969893
2018-04-30,212.241395883772
2018-05-01,184.97903420952974
2018-05-02,227.19599233614758
2018-05-03,229.04877419750386
2018-05-04,227.72535858224938
2018-05-05,212.10905432224655
2018-05-06,197.8161656774982
2018-05-07,241.22419785784504
2018-05-08,250.88513184920274
2018-05-09,235.66585227377624
2018-05-10,234.21009509699633
2018-05-11,229.57814044360566
2018-05-12,206.81539186122862
2018-05-13,186.43479138630966
2018-05-14,227.19599233614758
2018-05-15,226.9313092130967
2018-05-16,221.76998831360424
2018-05-17,235.004144466149
2018-05-18,228.91643263597842
2018-05-19,201.65407096173618
2018-05-20,189.47864730139497
2018-05-21,191.86079540885302
2018-05-22,229.7104820051311
2018-05-23,237.38629257360705
2018-05-24,231.29858074343647
2018-05-25,231.43092230496194
2018-05-26,185.37605889410608
2018-05-27,184.84669264800428
2018-05-28,205.22729312292324
2018-05-29,159.30477127359288
2018-05-30,204.30090219224513
2018-05-31,208.00646591495766
2018-06-01,208.27114903800856
2018-06-02,188.41991480919137
2018-06-03,184.44966796342794
2018-06-04,203.77153594614333
2018-06-05,193.9782603932602
2018-06-06,203.77153594614333
2018-06-07,214.4912024297046
2018-06-08,219.5201817676716
2018-06-09,174.3917092874939
2018-06-10,156.9226231661348
2018-06-11,161.2898946964746
2018-06-12,197.55148255444726
2018-06-13,209.8592477763139
2018-06-14,207.08007498427952
2018-06-15,206.41836717665228
2018-06-16,189.8756719859713
2018-06-17,182.99391078664803
2018-06-18,217.27037522173902
2018-06-19,224.01979485953683
2018-06-20,218.85847396004436
2018-06-21,210.25627246089027
2018-06-22,214.35886086817914
2018-06-23,194.77230976241287
2018-06-24,155.20218286630399
2018-06-25,218.46144927546803
2018-06-26,211.05032183004295
2018-06-27,218.46144927546803
2018-06-28,207.21241654580496
2018-06-29,215.02056867580637
2018-06-30,190.27269667054765
2018-07-01,158.77540502749108
2018-07-02,176.77385739495196
2018-07-03,209.19753996868667
2018-07-04,171.48019493393406
2018-07-05,154.93749974325308
2018-07-06,156.12857379698212
2018-07-07,188.68459793224227
2018-07-08,184.3173264019025
2018-07-09,217.5350583447899
2018-07-10,205.49197624597414
2018-07-11,213.03544525292466
2018-07-12,223.09340392885872
2018-07-13,212.37373744529742
2018-07-14,189.74333042444584
2018-07-15,172.27424430308676
2018-07-16,183.65561859427527
2018-07-17,212.241395883772
2018-07-18,206.28602561512685
2018-07-19,208.6681737225849
2018-07-20,209.59456465326303
2018-07-21,189.21396417834407
2018-07-22,177.17088207952833
2018-07-23,209.06519840716123
2018-07-24,219.78486489072253
2018-07-25,220.0495480137734
2018-07-26,217.27037522173902
2018-07-27,183.5232770327498
2018-07-28,199.536605977329
2018-07-29,175.58278334122295
2018-07-30,218.5937908369935
2018-07-31,210.3886140224157
2018-08-01,220.71125582140064
2018-08-02,211.4473465146193
2018-08-03,216.60866741411178
2018-08-04,189.21396417834407
2018-08-05,174.9210755335957
2018-08-06,207.47709966885589
2018-08-07,200.06597222343078
2018-08-08,227.99004170530026
2018-08-09,230.2398482512329
2018-08-10,228.6517495129275
2018-08-11,202.71280345393973
2018-08-12,188.02289012461503
2018-08-13,227.72535858224938
2018-08-14,234.21009509699633
2018-08-15,198.34553192359996
2018-08-16,237.51863413513252
2018-08-17,227.85770014377482
2018-08-18,197.15445786987092
2018-08-19,187.6258654400387
2018-08-20,236.0628769583526
2018-08-21,244.53273689598126
2018-08-22,216.74100897563721
2018-08-23,161.42223625800003
2018-08-24,217.93208302936625
2018-08-25,197.0221163083455
2018-08-26,194.37528507783654
2018-08-27,232.48965479716549
2018-08-28,233.81307041241996
2018-08-29,232.2249716741146
2018-08-30,220.0495480137734
2018-08-31,211.18266339156838
2018-09-01,190.27269667054765
2018-09-02,187.75820700156413
2018-09-03,239.50375755801426
2018-09-04,245.85615251123573
2018-09-05,232.62199635869095
2018-09-06,231.82794698953825
2018-09-07,233.5483872893691
2018-09-08,209.8592477763139
2018-09-09,191.9931369703785
2018-09-10,240.43014848869237
2018-09-11,241.6212225424214
2018-09-12,242.54761347309952
2018-09-13,231.9602885510637
2018-09-14,227.19599233614758
2018-09-15,179.6853717485118
2018-09-16,177.7002483256301
2018-09-17,168.3039974573233
2018-09-18,155.33452442782942
2018-09-19,169.62741307257778
2018-09-20,209.8592477763139
2018-09-21,232.35731323564005
2018-09-22,215.6822764834336
2018-09-23,190.00801354749674
2018-09-24,244.13571221140492
2018-09-25,243.87102908835402
2018-09-26,250.62044872615186
2018-09-27,225.3432104747913
2018-09-28,224.01979485953683
2018-09-29,176.37683271037562
2018-09-30,179.6853717485118
2018-10-01,248.37064218021922
2018-10-02,252.2085474644572
2018-10-03,257.8992346100515
2018-10-04,249.2970331108974
2018-10-05,240.82717317326873
2018-10-06,220.3142311368243
2018-10-07,184.71435108647884
2018-10-08,234.0777535354709
2018-10-09,244.9297615805576
2018-10-10,249.2970331108974
2018-10-11,242.1505887885232
2018-10-12,234.0777535354709
2018-10-13,207.8741243534322
2018-10-14,191.9931369703785
2018-10-15,213.16778681445012
2018-10-16,241.88590566547228
2018-10-17,253.5319630797117
2018-10-18,252.737913710559
2018-10-19,257.1051852408988
2018-10-20,227.46067545919848
2018-10-21,208.27114903800856
2018-10-22,257.50220992547514
2018-10-23,259.7520164714077
2018-10-24,267.0308023553074
2018-10-25,263.5899217556457
2018-10-26,266.76611923225653
2018-10-27,232.48965479716549
2018-10-28,205.6243178074996
2018-10-29,224.68150266716407
2018-10-30,229.975165128182
2018-10-31,259.48733334835686
2018-11-01,201.91875408478705
2018-11-02,203.90387750766877
2018-11-03,219.91720645224797
2018-11-04,211.31500495309385
2018-11-05,273.11851418547803
2018-11-06,266.76611923225653
2018-11-07,276.29471166208873
2018-11-08,271.79509857022356
2018-11-09,271.662757008698
2018-11-10,232.35731323564005
2018-11-11,201.38938783868525
2018-11-12,260.2813827175096
2018-11-13,241.48888098089597
2018-11-14,272.05978169327443
2018-11-15,269.8099751473418
2018-11-16,262.7958723864931
2018-11-17,226.26960140546947
2018-11-18,220.44657269834977
2018-11-19,263.8546048786966
2018-11-20,279.7355922617504
2018-11-21,288.0731106378536
2018-11-22,272.5891479393762
2018-11-23,267.2954854783583
2018-11-24,233.15136260479272
2018-11-25,206.28602561512685
2018-11-26,279.86793382327585
2018-11-27,287.94076907632814
2018-11-28,289.2641846915826
2018-11-29,284.367546915141
2018-11-30,269.8099751473418
2018-12-01,233.15136260479272
2018-12-02,212.241395883772
2018-12-03,276.5593947851396
2018-12-04,247.9736174956429
2018-12-05,269.01592577818906
2018-12-06,276.69173634666504
2018-12-07,265.7073867400529
2018-12-08,204.8302684383469
2018-12-09,202.44812033088886
2018-12-10,277.8828104003941
2018-12-11,276.29471166208873
2018-12-12,278.0151519619195
2018-12-13,277.8828104003941
2018-12-14,258.42860085615325
2018-12-15,229.04877419750386
2018-12-16,206.02134249207595
2018-12-17,278.5445182080214
2018-12-18,273.11851418547803
2018-12-19,268.4865595320873
2018-12-20,265.5750451785275
2018-12-21,257.8992346100515
2018-12-22,236.32756008140348
2018-12-23,205.6243178074996
2018-12-24,238.84204975038702
2018-12-25,185.90542514020785
2018-12-26,275.1036376083597
2018-12-27,280.0002753848013
2018-12-28,270.4716829549691
2018-12-29,229.7104820051311
2018-12-30,205.22729312292324
2018-12-31,224.68150266716407
2019-01-01,177.03854051800286
2019-01-02,275.63300385446155
2019-01-03,282.2500819307339
2019-01-04,281.4560325615812
2019-01-05,229.04877419750386
2019-01-06,209.99158933783937
2019-01-07,267.2954854783583
2019-01-08,278.41217664649594
2019-01-09,279.603250700225
2019-01-10,286.7496950225991
2019-01-11,279.338567577174
2019-01-12,234.4747782200472
2019-01-13,214.2265193066537
2019-01-14,281.72071568463207
2019-01-15,285.16159628429375
2019-01-16,290.5876003068371
2019-01-17,286.4850118995482
2019-01-18,275.765345415987
2019-01-19,226.66662609004578
2019-01-20,200.33065534648168
2019-01-21,280.52964163090303
2019-01-22,283.44115598446297
2019-01-23,286.88203658412453
2019-01-24,290.1905756222608
2019-01-25,270.6040245164945
2019-01-26,233.2837041663182
2019-01-27,216.4763258525863
2019-01-28,276.5593947851396
2019-01-29,282.7794481768357
2019-01-30,301.04258366734746
2019-01-31,277.8828104003941
2019-02-01,274.0449051161561
2019-02-02,227.06365077462215
2019-02-03,199.40426441580354
2019-02-04,275.1036376083597
2019-02-05,284.10286379209015
2019-02-06,279.86793382327585
2019-02-07,280.3973000693776
2019-02-08,271.927440131749
2019-02-09,235.93053539682714
2019-02-10,206.02134249207595
2019-02-11,267.95719328598557
2019-02-12,277.75046883886864
2019-02-13,281.58837412310663
2019-02-14,271.13339076259626
2019-02-15,274.97129604683425
2019-02-16,233.5483872893691
2019-02-17,200.59533846953258
2019-02-18,274.7066129237834
2019-02-19,282.1177403692085
2019-02-20,276.29471166208873
2019-02-21,268.22187640903644
2019-02-22,256.97284367937334
2019-02-23,232.75433792021641
2019-02-24,204.43324375377057
2019-02-25,282.9117897383611
2019-02-26,272.45680637785074
2019-02-27,273.11851418547803
2019-02-28,265.5750451785275
2019-03-01,259.7520164714077
2019-03-02,226.9313092130967
2019-03-03,206.15368405360138
2019-03-04,279.20622601564855
2019-03-05,279.603250700225
2019-03-06,280.66198319242847
2019-03-07,279.7355922617504
2019-03-08,262.1341645788658
2019-03-09,232.88667948174185
2019-03-10,218.3291077139426
2019-03-11,287.54374439175183
2019-03-12,292.57272372971886
2019-03-13,276.956419469716
2019-03-14,283.70583910751384
2019-03-15,273.7802219931052
2019-03-16,236.45990164292894
2019-03-17,211.18266339156838
2019-03-18,284.49988847666646
2019-03-19,290.85228342988796
2019-03-20,281.1913494385303
2019-03-21,292.3080406066679
2019-03-22,278.0151519619195
2019-03-23,229.84282356665653
2019-03-24,202.5804618924143
2019-03-25,277.35344415429233
2019-03-26,289.1318431300572
2019-03-27,289.6612093761589
2019-03-28,285.0292547227683
2019-03-29,274.57427136225795
2019-03-30,222.56403768275692
2019-03-31,196.2280669391928
2019-04-01,277.08876103124146
2019-04-02,274.57427136225795
2019-04-03,283.176472861412
2019-04-04,278.6768597695468
2019-04-05,274.1772466776815
2019-04-06,232.35731323564005
2019-04-07,201.38938783868525
2019-04-08,288.99950156853174
2019-04-09,276.8240779081905
2019-04-10,283.04413129988654
2019-04-11,306.8656123744672
2019-04-12,299.3221433675167
2019-04-13,218.5937908369935
2019-04-14,195.4340175700401
2019-04-15,271.2657323241217
2019-04-16,276.29471166208873
2019-04-17,282.1177403692085
2019-04-18,274.30958823920696
2019-04-19,205.49197624597414
2019-04-20,202.8451450154652
2019-04-21,197.0221163083455
2019-04-22,274.8389544853088
2019-04-23,276.5593947851396
2019-04-24,221.50530519055332
2019-04-25,265.17802049395107
2019-04-26,260.54606584056046
2019-04-27,232.09263011258918
2019-04-28,198.61021504665086
2019-04-29,271.5304154471726
2019-04-30,260.81074896361133
2019-05-01,202.5804618924143
2019-05-02,267.56016860140915
2019-05-03,248.10595905716835
2019-05-04,217.0056920986881
2019-05-05,203.6391943846179
2019-05-06,270.33934139344353
2019-05-07,269.01592577818906
2019-05-08,257.63455148700064
2019-05-09,258.8256255407296
2019-05-10,266.6337776707311
2019-05-11,221.37296362902788
2019-05-12,191.9931369703785
2019-05-13,278.14749352344495
2019-05-14,279.0738844541231
2019-05-15,281.0590078770049
2019-05-16,258.5609424176787
2019-05-17,256.31113587174616
2019-05-18,210.3886140224157
2019-05-19,188.81693949376773
2019-05-20,220.3142311368243
2019-05-21,200.46299690800714
2019-05-22,258.2962592946278
2019-05-23,267.6925101629346
2019-05-24,257.63455148700064
2019-05-25,224.946185790215
2019-05-26,195.9633838161419
2019-05-27,275.2359791698851
2019-05-28,266.3690945476801
2019-05-29,200.33065534648168
2019-05-30,213.82949462207736
2019-05-31,231.43092230496194
2019-06-01,203.6391943846179
2019-06-02,195.698700693091
2019-06-03,257.7668930485261
2019-06-04,259.88435803293316
2019-06-05,260.2813827175096
2019-06-06,241.75356410394684
2019-06-07,249.42937467242282
2019-06-08,218.3291077139426
2019-06-09,187.0964991939369
2019-06-10,258.42860085615325
2019-06-11,249.69405779547373
2019-06-12,246.78254344191387
2019-06-13,224.4168195441132
2019-06-14,203.50685282309243
2019-06-15,208.13880747648312
2019-06-16,187.75820700156413
2019-06-17,246.25317719581207
2019-06-18,241.88590566547228
2019-06-19,254.8553786949662
2019-06-20,250.09108248005006
2019-06-21,245.32678626513396
2019-06-22,216.4763258525863
2019-06-23,191.33142916275122
2019-06-24,218.85847396004436
2019-06-25,237.38629257360705
2019-06-26,249.56171623394826
2019-06-27,236.72458476597984
2019-06-28,230.10750668970744
2019-06-29,151.8936438281678
2019-06-30,180.34707955613908
2019-07-01,244.4003953344558
2019-07-02,239.6360991195397
2019-07-03,237.51863413513252
2019-07-04,244.26805377293036
2019-07-05,241.75356410394684
2019-07-06,216.74100897563721
2019-07-07,181.40581204834265
2019-07-08,245.1944447036085
2019-07-09,250.2234240415755
2019-07-10,252.2085474644572
2019-07-11,248.23830061869378
2019-07-12,243.34166284225222
2019-07-13,211.97671276072109
2019-07-14,187.8905485630896
2019-07-15,231.03389762038557
2019-07-16,198.7425566081763
2019-07-17,249.56171623394826
2019-07-18,248.23830061869378
2019-07-19,249.42937467242282
2019-07-20,222.16701299818055
2019-07-21,151.23193602054056
2019-07-22,244.9297615805576
2019-07-23,247.31190968801567
2019-07-24,242.28293035004864
2019-07-25,258.9579671022551
2019-07-26,249.2970331108974
2019-07-27,221.50530519055332
2019-07-28,186.96415763241146
2019-07-29,239.1067328734379
2019-07-30,273.51553887005434
2019-07-31,245.59146938818483
2019-08-01,255.64942806411887
2019-08-02,238.84204975038702
2019-08-03,218.99081552156983
2019-08-04,211.57968807614475
2019-08-05,264.9133373709002
2019-08-06,262.1341645788658
2019-08-07,254.8553786949662
2019-08-08,254.5906955719153
2019-08-09,257.8992346100515
2019-08-10,228.38706638987662
2019-08-11,186.30244982478422
2019-08-12,256.4434774332716
2019-08-13,266.3690945476801
2019-08-14,266.6337776707311
2019-08-15,196.36040850071825
2019-08-16,245.72381094971027
2019-08-17,218.19676615241713
2019-08-18,191.06674603970032
2019-08-19,265.17802049395107
2019-08-20,268.8835842166636
2019-08-21,257.7668930485261
2019-08-22,271.662757008698
2019-08-23,272.5891479393762
2019-08-24,236.98926788903074
2019-08-25,203.50685282309243
2019-08-26,277.08876103124146
2019-08-27,283.176472861412
2019-08-28,286.4850118995482
2019-08-29,282.1177403692085
2019-08-30,270.33934139344353
2019-08-31,228.38706638987662
2019-09-01,204.30090219224513
2019-09-02,280.1326169463267
2019-09-03,283.44115598446297
2019-09-04,279.0738844541231
2019-09-05,264.251629563273
2019-09-06,261.60479833276406
2019-09-07,218.3291077139426
2019-09-08,202.97748657699066
2019-09-09,224.81384422868953
2019-09-10,266.76611923225653
2019-09-11,271.39807388564714
2019-09-12,269.8099751473418
2019-09-13,276.42705322361417
2019-09-14,216.74100897563721
2019-09-15,194.50762663936197
2019-09-16,251.54683965682997
2019-09-17,235.004144466149
2019-09-18,186.5671329478351
2019-09-19,178.4942976947828
2019-09-20,186.17010826325878
2019-09-21,208.80051528411036
2019-09-22,205.22729312292324
2019-09-23,279.603250700225
2019-09-24,288.99950156853174
2019-09-25,288.33779376090445
2019-09-26,285.6909625303955
2019-09-27,264.9133373709002
2019-09-28,253.92898776428805
2019-09-29,217.5350583447899
2019-09-30,254.0613293258135
2019-10-01,247.1795681264902
2019-10-02,276.5593947851396
2019-10-03,279.0738844541231
2019-10-04,269.67763358581635
2019-10-05,241.3565394193705
2019-10-06,214.35886086817914
2019-10-07,286.4850118995482
2019-10-08,301.04258366734746
2019-10-09,303.16004865175466
2019-10-10,300.7779005442966
2019-10-11,284.10286379209015
2019-10-12,214.62354399123006
2019-10-13,211.18266339156838
2019-10-14,263.5899217556457
2019-10-15,296.6753121370077
2019-10-16,300.910242105822
2019-10-17,287.01437814564997
2019-10-18,291.2493081144644
2019-10-19,237.65097569665798
2019-10-20,211.84437119919565
2019-10-21,287.27906126870096
2019-10-22,278.5445182080214
2019-10-23,283.3088144229374
2019-10-24,293.3667730988715
2019-10-25,305.1451720746363
2019-10-26,261.7371398942895
2019-10-27,214.35886086817914
2019-10-28,313.0856657661632
2019-10-29,303.6894148978564
2019-10-30,292.043357483617
2019-10-31,238.97439131191246
2019-11-01,225.07852735174043
2019-11-02,242.67995503462498
2019-11-03,231.29858074343647
2019-11-04,285.55862096887006
2019-11-05,305.93922144378905
2019-11-06,315.7324969966721
2019-11-07,315.8648385581977
2019-11-08,311.3652254663324
2019-11-09,257.50220992547514
2019-11-10,217.0056920986881
2019-11-11,311.3652254663324
2019-11-12,321.02615945769014
2019-11-13,319.5704022809101
2019-11-14,323.6729906881991
2019-11-15,303.82175645938185
2019-11-16,266.3690945476801
2019-11-17,225.60789359784224
2019-11-18,315.7324969966721
2019-11-19,322.3495750729446
2019-11-20,346.9651055166779
2019-11-21,320.76147633463916
2019-11-22,302.76302396717824
2019-11-23,257.8992346100515
2019-11-24,233.68072885089452
2019-11-25,296.9399952600586
2019-11-26,311.23288390480695
2019-11-27,304.0864395824327
2019-11-28,315.3354723120958
2019-11-29,294.29316402954964
2019-11-30,254.0613293258135
2019-12-01,218.0644245908917
2019-12-02,305.4098551976873
2019-12-03,325.26108942650444
2019-12-04,321.290842580741
2019-12-05,302.76302396717824
2019-12-06,300.5132174212457
2019-12-07,257.8992346100515
2019-12-08,226.66662609004578
2019-12-09,301.1749252288729
2019-12-10,315.7324969966721
2019-12-11,314.01205669684134
2019-12-12,296.9399952600586
2019-12-13,281.72071568463207
2019-12-14,239.3714159964888
2019-12-15,225.47555203631677
2019-12-16,306.8656123744672
2019-12-17,318.24698666565564
2019-12-18,312.0269332739597
2019-12-19,303.557073336331
2019-12-20,294.5578471526005
2019-12-21,257.36986836394965
2019-12-22,219.25549864462073
2019-12-23,300.7779005442966
2019-12-24,276.42705322361417
2019-12-25,205.6243178074996
2019-12-26,292.043357483617
2019-12-27,303.16004865175466
2019-12-28,267.16314391683284
2019-12-29,243.60634596530312
2019-12-30,295.35189652175325
2019-12-31,248.7676668647956
2020-01-01,186.69947450936056
2020-01-02,291.91101592209156
2020-01-03,299.4544849290421
2020-01-04,250.7527902876773
2020-01-05,243.87102908835402
2020-01-06,293.89613934497334
2020-01-07,305.0128305131109
2020-01-08,314.5414229429432
2020-01-09,303.0277070902292
2020-01-10,286.88203658412453
2020-01-11,255.38474494106796
2020-01-12,221.90232987512968
2020-01-13,314.67376450446864
2020-01-14,310.0418098510779
2020-01-15,314.9384476275195
2020-01-16,311.7622501509087
2020-01-17,302.2336577210765
2020-01-18,252.60557214903358
2020-01-19,222.69637924428235
2020-01-20,297.7340446292113
2020-01-21,313.61503201226503
2020-01-22,315.7324969966721
2020-01-23,317.0559126119267
2020-01-24,309.6447851665016
2020-01-25,266.76611923225653
2020-01-26,230.50453137428377
2020-01-27,314.40908138141765
2020-01-28,314.1443982583668
2020-01-29,312.55629952006143
2020-01-30,316.261863242774
2020-01-31,290.05823406073534
2020-02-01,254.0613293258135
2020-02-02,218.72613239851893
2020-02-03,302.2336577210765
2020-02-04,309.9094682895525
2020-02-05,308.45371111277257
2020-02-06,304.3511227054837
2020-02-07,292.3080406066679
2020-02-08,249.16469154937192
2020-02-09,214.2265193066537
2020-02-10,296.14594589090586
2020-02-11,305.93922144378905
2020-02-12,313.35034888921416
2020-02-13,299.0574602444658
2020-02-14,281.8530572461575
2020-02-15,248.37064218021922
2020-02-16,220.84359738292608
2020-02-17,305.1451720746363
2020-02-18,308.05668642819626
2020-02-19,293.3667730988715
2020-02-20,297.3370199446349
2020-02-21,280.92666631547945
2020-02-22,249.42937467242282
2020-02-23,221.90232987512968
2020-02-24,286.3526703380228
2020-02-25,298.92511868294037
2020-02-26,295.35189652175325
2020-02-27,294.5578471526005
2020-02-28,285.16159628429375
2020-02-29,246.25317719581207
2020-03-01,219.65252332919707
2020-03-02,298.7927771214148
2020-03-03,304.88048895158545
2020-03-04,301.9689745980256
2020-03-05,291.3816496759898
2020-03-06,295.0872133987024
2020-03-07,251.8115227798809
2020-03-08,231.43092230496194
2020-03-09,308.05668642819626
2020-03-10,309.6447851665016
2020-03-11,319.96742696548654
2020-03-12,305.0128305131109
2020-03-13,289.5288678146335
2020-03-14,250.09108248005006
2020-03-15,232.09263011258918
2020-03-16,296.2782874524313
2020-03-17,299.719168052093
2020-03-18,289.39652625310805
2020-03-19,273.91256355463065
2020-03-20,268.3542179705619
2020-03-21,218.5937908369935
2020-03-22,198.7425566081763
2020-03-23,254.72303713344073
2020-03-24,258.42860085615325
2020-03-25,252.47323058750814
2020-03-26,247.9736174956429
2020-03-27,254.5906955719153
2020-03-28,224.1521364210623
2020-03-29,201.38938783868525
2020-03-30,258.6932839792041
2020-03-31,262.00182301734037
2020-04-01,265.17802049395107
2020-04-02,262.7958723864931
2020-04-03,257.1051852408988
2020-04-04,246.25317719581207
2020-04-05,208.403490599534
2020-04-06,265.83972830157836
2020-04-07,265.44270361700205
2020-04-08,258.03157617157694
2020-04-09,255.1200618180171
2020-04-10,217.0056920986881
2020-04-11,222.16701299818055
2020-04-12,198.34553192359996
2020-04-13,266.50143610920554
2020-04-14,264.5163126863239
2020-04-15,274.57427136225795
2020-04-16,262.1341645788658
2020-04-17,269.5452920242909
2020-04-18,234.73946134309813
2020-04-19,216.07930116800998
2020-04-20,281.1913494385303
2020-04-21,268.8835842166636
2020-04-22,266.50143610920554
2020-04-23,257.36986836394965
2020-04-24,258.2962592946278
2020-04-25,235.5335107122508
2020-04-26,216.87335053716265
2020-04-27,274.1772466776815
2020-04-28,262.26650614039124
2020-04-29,240.04349616779885
2020-04-30,255.21927684171328
2020-05-01,204.33413036807394
2020-05-02,212.25971208836341
2020-05-03,191.17448836116012
2020-05-04,246.9915598648592
2020-05-05,241.1996153263442
2020-05-06,245.6846631890595
2020-05-07,244.2803232158585
2020-05-08,241.83364969407438
2020-05-09,221.92949458073036
2020-05-10,193.4945581732628
2020-05-11,239.6332465535421
2020-05-12,230.465572527618
2020-05-13,236.39326935636606
2020-05-14,239.54028529699337
2020-05-15,245.20009389653274
2020-05-16,225.3946546001463
2020-05-17,194.47229297423064
2020-05-18,239.41475289945683
2020-05-19,217.36575944135092
2020-05-20,181.79865269139373
2020-05-21,195.11790633291824
2020-05-22,229.70249616151273
2020-05-23,210.4166188787697
2020-05-24,181.20182491846782
2020-05-25,235.23367400777664
2020-05-26,247.18521731941445
2020-05-27,224.1057860917901
2020-05-28,213.37976488873528
2020-05-29,211.11046545858176
2020-05-30,198.73424956131228
2020-05-31,181.3038925081616
2020-06-01,236.10300434002437
2020-06-02,215.26232844515977
2020-06-03,211.81304054356877
2020-06-04,223.39482924371552
2020-06-05,228.086072746542
2020-06-06,205.1843878914774
2020-06-07,179.8494378049182
2020-06-08,219.1807380119676
2020-06-09,214.67954790586526
2020-06-10,218.56398940115628
2020-06-11,211.0129232890495
2020-06-12,174.32630380993135
2020-06-13,214.0529739388923
2020-06-14,183.6388998303434
2020-06-15,224.6575379553019
2020-06-16,218.44440489315207
2020-06-17,154.70650920270572
2020-06-18,211.1125825440298
2020-06-19,154.89986657771863
2020-06-20,156.99263206699487
2020-06-21,151.00670887067895
2020-06-22,142.28866362575087
2020-06-23,162.1475339238948
2020-06-24,158.52153199771848
2020-06-25,169.19967555201322
2020-06-26,180.2764507591017
2020-06-27,171.21802135265102
2020-06-28,147.27793262521857
2020-06-29,136.85540924013867
2020-06-30,181.0977534927748
2020-07-01,165.34920212823903
2020-07-02,181.6075323976632
2020-07-03,185.07364373338973
2020-07-04,138.24058194750287
2020-07-05,156.06463416809936
2020-07-06,186.00003466406787
2020-07-07,182.64209663566982
2020-07-08,156.20188226099245
2020-07-09,183.6128899833881
2020-07-10,183.77907962059612
2020-07-11,172.46532026919562
2020-07-12,151.93342100460274
2020-07-13,193.43141739603948
2020-07-14,191.4129471844289
2020-07-15,199.95509301668318
2020-07-16,165.9866472246768
2020-07-17,185.4810038913584
2020-07-18,173.52203454808216
2020-07-19,157.94959263390854
2020-07-20,189.9710439121569
2020-07-21,141.99491454741232
2020-07-22,180.66677744524645
2020-07-23,184.43665212945825
2020-07-24,199.42818618297838
2020-07-25,170.76746237904769
2020-07-26,149.5532010686077
2020-07-27,183.2692918854308
2020-07-28,198.47997542485626
2020-07-29,196.10365503118294
2020-07-30,194.32288452375167
2020-07-31,190.74912670649212
2020-08-01,173.45016431369473
2020-08-02,163.66636737488582
2020-08-03,193.30745318246306
2020-08-04,195.5734530494663
2020-08-05,171.68042389573304
2020-08-06,193.7983904398988
2020-08-07,194.06860137710535
2020-08-08,185.83971075282602
2020-08-09,162.6257953393864
2020-08-10,221.68704271013647
2020-08-11,215.8577449102388
2020-08-12,214.6010142220783
2020-08-13,215.444843692699
2020-08-14,215.36433941012913
2020-08-15,176.3349609588066
2020-08-16,160.3382454106747
2020-08-17,226.3052634548535
2020-08-18,221.77040977191515
2020-08-19,216.09570149456476
2020-08-20,231.2031138428909
2020-08-21,233.15456467874634
2020-08-22,185.63155698727155
2020-08-23,166.909939799616
2020-08-24,218.8723459560514
2020-08-25,199.080787234917
2020-08-26,215.15760369880698
2020-08-27,230.4486757601932
2020-08-28,225.46310086041066
2020-08-29,184.4943639646569
2020-08-30,166.53306365116734
2020-08-31,226.1533600909564
2020-09-01,223.077542024245
2020-09-02,232.59773503043579
2020-09-03,244.7517587587963
2020-09-04,236.79391480733835
2020-09-05,183.7006357987499
2020-09-06,171.41456617326776
2020-09-07,248.236527243129
2020-09-08,222.2271733352842
2020-09-09,236.66521513591215
2020-09-10,240.43092916243037
2020-09-11,245.1532866079285
2020-09-12,193.39767607077573
2020-09-13,168.32110564537075
2020-09-14,248.86342682848607
2020-09-15,233.75940868021607
2020-09-16,243.06781486103006
2020-09-17,237.99873947830582
2020-09-18,155.57777999984282
2020-09-19,153.39590959694388
2020-09-20,164.31032155577014
2020-09-21,253.4283021981612
2020-09-22,251.5878185306923
2020-09-23,249.06910793622814
2020-09-24,254.80675578339054
2020-09-25,225.9795601031767
2020-09-26,189.35728153953806
2020-09-27,182.98814877889654
2020-09-28,251.22024532774824
2020-09-29,242.619745253804
2020-09-30,241.6539273556041
2020-10-01,253.5810967904951
2020-10-02,250.54095609879832
2020-10-03,196.12043508600954
2020-10-04,178.64251717220597
2020-10-05,262.98791429358585
2020-10-06,265.40902704578247
2020-10-07,253.26852277326876
2020-10-08,250.95299162674303
2020-10-09,269.404920287849
2020-10-10,198.8030381485256
2020-10-11,173.79987159243612
2020-10-12,192.2212473258714
2020-10-13,261.6842661032529
2020-10-14,264.57547737581876
2020-10-15,259.2128329984641
2020-10-16,261.78821406996224
2020-10-17,203.11933367436637
2020-10-18,197.14959938398263
2020-10-19,270.37838308565256
2020-10-20,265.6881976495556
2020-10-21,283.2004222663398
2020-10-22,264.6951386802616
2020-10-23,265.659178896553
2020-10-24,218.88383066992964
2020-10-25,237.27955559192333
2020-10-26,276.1163690245388
2020-10-27,257.34225102773314
2020-10-28,270.50033714411313
2020-10-29,271.22695165718585
2020-10-30,262.51521428929294
2020-10-31,205.2117693100333
2020-11-01,183.86242365469334
2020-11-02,269.21523070160373
2020-11-03,273.07889796284064
2020-11-04,273.8893120864084
2020-11-05,315.23532911223094
2020-11-06,305.95292143693496
2020-11-07,284.73539087715164
2020-11-08,244.2860560830474
2020-11-09,307.99557219616884
2020-11-10,312.59973782896657
2020-11-11,316.82385234105146
2020-11-12,296.37243605541187
2020-11-13,285.23432847906463
2020-11-14,254.63057361454744
2020-11-15,226.49941284899143
2020-11-16,306.8475337628445
2020-11-17,292.2119561414654
2020-11-18,293.80661480956496
2020-11-19,289.6772705017334
2020-11-20,282.3842540172582
2020-11-21,247.4306681565222
2020-11-22,226.15898166509714
2020-11-23,293.7688244044142
2020-11-24,308.09255317078686
2020-11-25,308.00890774533156
2020-11-26,285.1123605830262
2020-11-27,270.50077089980016
2020-11-28,252.0134513379799
2020-11-29,229.6992427438134
2020-11-30,290.86159971457244
2020-12-01,286.40852724889874
2020-12-02,303.7232592443273
2020-12-03,281.21616961542236
2020-12-04,268.3551271856528
2020-12-05,231.14496034394065
2020-12-06,205.98831800476876
2020-12-07,277.76572035983247
2020-12-08,243.03879564335585
2020-12-09,287.52139824452587
2020-12-10,276.49368298398645
2020-12-11,284.0793007980433
2020-12-12,233.8900277678967
2020-12-13,216.80735631702098
2020-12-14,269.6847133813809
2020-12-15,281.50963568261005
2020-12-16,284.8432428537436
2020-12-17,261.2062660581148
2020-12-18,265.5530119964327
2020-12-19,235.05820667914747
2020-12-20,211.3350647254568
2020-12-21,266.71962231147415
2020-12-22,270.8362358767021
2020-12-23,271.6142718285789
2020-12-24,244.77384054875625
2020-12-25,185.24792688289764
2020-12-26,229.2311841526269
2020-12-27,215.42291623791542
2020-12-28,285.64417818332385
2020-12-29,284.2584485162706
2020-12-30,285.936637853628
2020-12-31,239.00294036985753
2021-01-01,182.66384708029142
2021-01-02,223.13311936842337
2021-01-03,207.914529634109
2021-01-04,288.8063462667704
2021-01-05,287.4942775290927
2021-01-06,279.9530197047561
2021-01-07,275.7569556884626
2021-01-08,282.1212633092269
2021-01-09,246.05528297305153
2021-01-10,215.59429118241684
2021-01-11,289.7845827145186
2021-01-12,300.3494106736738
2021-01-13,291.16646009395765
2021-01-14,290.8299543510535
2021-01-15,278.5890670255777
2021-01-16,246.30007867534658
2021-01-17,223.61507506351342
2021-01-18,292.5892905573854
2021-01-19,296.7239956611668
2021-01-20,292.53329685596145
2021-01-21,286.3974161277654
2021-01-22,280.1107849192208
2021-01-23,241.73319374271807
2021-01-24,229.53193071677694
2021-01-25,278.5861443384084
2021-01-26,294.71255730448644
2021-01-27,286.78209959897197
2021-01-28,291.0799994514052
2021-01-29,198.80653999856716
2021-01-30,176.28875031371518
2021-01-31,169.65885104073593
2021-02-01,278.8637338726326
2021-02-02,288.0283486869016
2021-02-03,297.86125318679365
2021-02-04,295.2646178979042
2021-02-05,275.83800040207007
2021-02-06,194.07170791853628
2021-02-07,190.3119244808231
2021-02-08,292.0389955323632
2021-02-09,278.67792712014426
2021-02-10,291.28947317113676
2021-02-11,274.65388546214444
2021-02-12,276.13929550788134
2021-02-13,207.88401143538363
2021-02-14,200.40091989074105
2021-02-15,278.823689857548
2021-02-16,264.2279379230282
2021-02-17,274.8846946108444
2021-02-18,276.13639030135266
2021-02-19,268.9051005951803
2021-02-20,245.23659843186687
2021-02-21,217.40354896958098
2021-02-22,272.59852431193445
2021-02-23,299.1499719252487
2021-02-24,278.14833394787604
2021-02-25,289.9826667171044
2021-02-26,261.4568297461475
2021-02-27,243.1008061524629
2021-02-28,216.73062275066155
2021-03-01,288.64499442269266
2021-03-02,288.72983944666413
2021-03-03,289.6826095818173
2021-03-04,288.67400852822095
2021-03-05,280.60779411733495
2021-03-06,197.28564436278768
2021-03-07,191.06581789725806
2021-03-08,300.6354848984284
2021-03-09,304.163820424013
2021-03-10,287.56686696641
2021-03-11,290.5522100396272
2021-03-12,297.1606151035466
2021-03-13,211.41482868139343
2021-03-14,201.04329359423883
2021-03-15,243.86617527258585
2021-03-16,273.43091704303765
2021-03-17,279.81703566096894
2021-03-18,265.22084676259436
2021-03-19,269.3573650493053
2021-03-20,205.72422274737627
2021-03-21,184.4523694176586
2021-03-22,291.285282019723
2021-03-23,297.8296287670647
2021-03-24,300.33143030067777
2021-03-25,231.0356558165068
2021-03-26,236.17916318129585
2021-03-27,186.16258582190352
2021-03-28,184.86260118511305
2021-03-29,250.8891990956573
2021-03-30,243.3663887420651
2021-03-31,262.0552293460963
2021-04-01,254.60377469452234
2021-04-02,206.10293702543393
2021-04-03,215.31013265578562
2021-04-04,203.88045217001007
2021-04-05,254.39543643012135
2021-04-06,259.9555903697322
2021-04-07,268.57082692625755
2021-04-08,249.97614771703124
2021-04-09,262.25052736591186
2021-04-10,226.48008757513895
2021-04-11,212.75774541898332
2021-04-12,269.574337129553
2021-04-13,272.0634117435384
2021-04-14,266.71310857955336
2021-04-15,273.1699105390313
2021-04-16,264.9651791587587
2021-04-17,233.50818536003317
2021-04-18,218.69827186246607
2021-04-19,254.5494947117346
2021-04-20,261.9429977163546
2021-04-21,249.6698391495201
2021-04-22,275.28503592696245
2021-04-23,267.8379565658222
2021-04-24,244.96285194273077
2021-04-25,238.30110591890787
2021-04-26,269.7780775924923
2021-04-27,275.0926555870153
2021-04-28,264.9600671847545
2021-04-29,264.3912950948343
2021-04-30,244.89900831131564
2021-05-01,213.83361389820453
2021-05-02,210.82739002042769
2021-05-03,258.98626269078034
2021-05-04,258.01912465849
2021-05-05,264.5519098955149
2021-05-06,272.2971781284396
2021-05-07,254.44849497103633
2021-05-08,236.0761747690116
2021-05-09,203.44783961253322
2021-05-10,250.3744539313541
2021-05-11,263.9447731400275
2021-05-12,253.32371148777978
2021-05-13,254.79898344455964
2021-05-14,254.6389127704018
2021-05-15,227.39260771283105
2021-05-16,224.85553545425134
2021-05-17,260.7045903203016
2021-05-18,267.40995947036095
2021-05-19,219.66196962431766
2021-05-20,219.90828284513853
2021-05-21,205.74036940590184
2021-05-22,220.30564538910284
2021-05-23,200.12761077770887
2021-05-24,253.26129474087392
2021-05-25,257.7796853370062
2021-05-26,267.1966547666318
2021-05-27,257.01628740782854
2021-05-28,247.09866211502447
2021-05-29,213.24034393281383
2021-05-30,200.656711313387
2021-05-31,246.74061054563697
2021-06-01,201.60491001041862
2021-06-02,251.49829898388884
2021-06-03,241.97663589379314
2021-06-04,241.26462079907577
2021-06-05,218.08165649290447
2021-06-06,200.4656551628421
2021-06-07,243.59002104089876
2021-06-08,252.4965514985908
2021-06-09,241.25806869514685
2021-06-10,258.4349702790649
2021-06-11,249.32925013752345
2021-06-12,227.66343975291232
2021-06-13,217.68789682244636
2021-06-14,242.46456966473158
2021-06-15,226.5226008373091
2021-06-16,241.85233340857963
2021-06-17,237.88344470908805
2021-06-18,236.9932119088374
2021-06-19,225.20080042838651
2021-06-20,177.63100698425987
2021-06-21,219.25331887398968
2021-06-22,233.1625527524431
2021-06-23,192.0532382990882
2021-06-24,220.58356578134794
2021-06-25,148.15090980244398
2021-06-26,193.7180364145476
2021-06-27,188.02265218311155
2021-06-28,211.915732774355
2021-06-29,240.42142567674517
2021-06-30,232.647207661391
2021-07-01,229.31492426741053
2021-07-02,232.79376693790323
2021-07-03,221.0754794816869
2021-07-04,202.2806077823679
2021-07-05,245.4826461221774
2021-07-06,241.13434930062667
2021-07-07,237.27361278476027
2021-07-08,240.9184989656225
2021-07-09,234.8064693436895
2021-07-10,228.0163709302678
2021-07-11,191.24950792412503
2021-07-12,236.01157297049608
2021-07-13,247.06525141544583
2021-07-14,249.25582478467797
2021-07-15,222.26960045364467
2021-07-16,205.32813231071913
2021-07-17,212.2261127297814
2021-07-18,214.94363518012494
2021-07-19,237.08113798782057
2021-07-20,256.84688401409915
2021-07-21,246.4033247398533
2021-07-22,237.03137901005587
2021-07-23,249.6450246658558
2021-07-24,193.96229186571844
2021-07-25,187.41455104581144
2021-07-26,242.73333241381226
2021-07-27,244.4609756420911
2021-07-28,252.9220851787657
2021-07-29,251.1220829024854
2021-07-30,261.4648177447759
2021-07-31,226.15150073279915
2021-08-01,204.5145251420841
2021-08-02,251.8856693858214
2021-08-03,258.2223078019137
2021-08-04,253.22189313228063
2021-08-05,232.42684956677923
2021-08-06,234.85972485679076
2021-08-07,217.2375659593344
2021-08-08,181.27556795898707
2021-08-09,251.05766059551547
2021-08-10,250.66761632835917
2021-08-11,253.19006326991513
2021-08-12,236.96999497095106
2021-08-13,223.85633221540127
2021-08-14,212.67509009409582
2021-08-15,174.79000453890228
2021-08-16,201.55657809707648
2021-08-17,226.87525747396398
2021-08-18,160.57933102437306
2021-08-19,185.42383649008667
2021-08-20,222.87165578127056
2021-08-21,172.77739276713248
2021-08-22,207.02258347504878
2021-08-23,222.94328142893764
2021-08-24,238.8648876272323
2021-08-25,238.40888205105037
2021-08-26,243.24553212675374
2021-08-27,233.19169168119336
2021-08-28,218.6124669242428
2021-08-29,207.36189537243735
2021-08-30,231.2453484042036
2021-08-31,252.19157535859642
2021-09-01,264.0866152114062
2021-09-02,255.5530784806551
2021-09-03,233.77835428216898
2021-09-04,225.33483440493154
2021-09-05,194.7065517109637
2021-09-06,236.1413475971299
2021-09-07,240.06570505347008
2021-09-08,250.78019064487646
2021-09-09,257.40713745661947
2021-09-10,255.39722891189126
2021-09-11,197.4637639682657
2021-09-12,153.9503615841745
2021-09-13,193.7669809603141
2021-09-14,250.59625639111576
2021-09-15,246.3041156941432
2021-09-16,253.1459997166745
2021-09-17,203.99015164622796
2021-09-18,176.28150800884754
2021-09-19,179.18036418101713
2021-09-20,252.34520109149338
2021-09-21,211.48116149927245
2021-09-22,248.49658728085814
2021-09-23,276.3312519494758
2021-09-24,265.49247652610904
2021-09-25,218.35571553492258
2021-09-26,218.74901193060833
2021-09-27,270.0759491364297
2021-09-28,283.2716119772095
2021-09-29,274.93229849097963
2021-09-30,275.46394424568365
2021-10-01,266.4178260986225
2021-10-02,234.4584318121129
2021-10-03,204.67127053433657
2021-10-04,269.62899863579605
2021-10-05,274.7868312380665
2021-10-06,271.58008948414863
2021-10-07,273.6483488074174
2021-10-08,250.9199713035424
2021-10-09,233.31096322406643
2021-10-10,197.2608417603006
2021-10-11,226.24483021496525
2021-10-12,271.13966113346356
2021-10-13,285.630445046726
2021-10-14,222.16640241592125
2021-10-15,262.9597365384806
2021-10-16,238.18979629608154
2021-10-17,224.8490261898915
2021-10-18,279.32255926096354
2021-10-19,285.5466579095706
2021-10-20,276.74861831939006
2021-10-21,272.21282579348076
2021-10-22,274.95741788157386
2021-10-23,228.906329602067
2021-10-24,213.49981179459107
2021-10-25,282.81325009598675
2021-10-26,303.7925671388749
2021-10-27,291.72745941015205
2021-10-28,286.68705180311787
2021-10-29,273.7659494712233
2021-10-30,232.7435623459201
2021-10-31,202.7267961130118
2021-11-01,224.67897579461896
2021-11-02,281.82568457172965
2021-11-03,287.7626676374175
2021-11-04,291.4250204309824
2021-11-05,274.5742296208649
2021-11-06,237.555371806955
2021-11-07,210.82605281794582
2021-11-08,280.9872671546555
2021-11-09,289.70664942215217
2021-11-10,296.6456342352225
2021-11-11,278.9281915531328
2021-11-12,276.867551590626
2021-11-13,235.54165799698427
2021-11-14,202.55598236342462
2021-11-15,271.4287647958063
2021-11-16,282.90549579266826
2021-11-17,290.0520000230029
2021-11-18,273.9539115012544
2021-11-19,265.82568694108807
2021-11-20,232.46312710087852
2021-11-21,229.43428626438677
2021-11-22,282.3779419574204
2021-11-23,280.0002461167479
2021-11-24,277.81540636413456
2021-11-25,276.754856686112
2021-11-26,271.0023058779025
2021-11-27,223.5911560435111
2021-11-28,212.90759602053134
2021-11-29,281.1805047137475
2021-11-30,282.66928288095875
2021-12-01,275.66169803483353
2021-12-02,280.64812191564624
2021-12-03,270.1954956322525
2021-12-04,225.52133577349716
2021-12-05,206.48597092118996
2021-12-06,289.12473516461523
2021-12-07,246.01265436252137
2021-12-08,225.8365486946662
2021-12-09,267.7987222077707
2021-12-10,265.09067395636293
2021-12-11,208.85856343822184
2021-12-12,197.4896071568417
2021-12-13,286.5870544564138
2021-12-14,289.7527275456472
2021-12-15,276.8803554866056
2021-12-16,267.69664232465055
2021-12-17,266.51159737203096
2021-12-18,222.93496339678654
2021-12-19,226.30489935961634
2021-12-20,259.1993489387934
2021-12-21,266.46849319330215
2021-12-22,285.3687101496862
2021-12-23,276.35334190248193
2021-12-24,235.63996334091786
2021-12-25,183.19494047035815
2021-12-26,206.74770581822978
2021-12-27,271.6538191517616
2021-12-28,275.1774497656391
2021-12-29,273.72282840401635
2021-12-30,287.044478086828
2021-12-31,234.6452806948417
2022-01-01,172.75777469986303
2022-01-02,195.1963406799026
2022-01-03,277.3584757825596
2022-01-04,283.38088231543793
2022-01-05,286.3046992780237
2022-01-06,280.6837439777522
2022-01-07,288.9215950406739
2022-01-08,236.06437827432708
2022-01-09,210.11736742027227
2022-01-10,277.9437157342511
2022-01-11,299.23627897492395
2022-01-12,306.11272681291837
2022-01-13,290.0994577762997
2022-01-14,277.60640438962565
2022-01-15,234.60552733686004
2022-01-16,200.71220796308242
2022-01-17,287.0738266410175
2022-01-18,298.6494666040471
2022-01-19,312.97163547699665
2022-01-20,282.63475361452765
2022-01-21,277.16307907052635
2022-01-22,220.82994232085616
2022-01-23,196.45659803729313
2022-01-24,274.57674912113566
2022-01-25,288.5646232014591
2022-01-26,288.65998396244436
2022-01-27,274.68023918020026
2022-01-28,272.3653160710471
2022-01-29,239.0174368607701
2022-01-30,198.66901695272435
2022-01-31,277.01836598182433
2022-02-01,287.41284806121644
2022-02-02,283.7875273257886
2022-02-03,280.21736473608314
2022-02-04,265.4826421597571
2022-02-05,227.56375978647782
2022-02-06,195.79775706418656
2022-02-07,276.28729514665406
2022-02-08,276.1199142014669
2022-02-09,282.3965526233947
2022-02-10,281.39440939664803
2022-02-11,268.7799412506487
2022-02-12,229.22522820489337
2022-02-13,203.4948047292399
2022-02-14,278.20689941157923
2022-02-15,281.76025545562715
2022-02-16,292.552584709795
2022-02-17,280.8062857219577
2022-02-18,262.1984169104939
2022-02-19,222.30365415187708
2022-02-20,204.2920377210204
2022-02-21,278.2706658867291
2022-02-22,271.47844656488326
2022-02-23,266.0504930672603
2022-02-24,265.9288256630134
2022-02-25,265.2236498661785
2022-02-26,227.8912500101668
2022-02-27,207.90674420713015
2022-02-28,267.2526225693873
2022-03-01,287.17544384152774
2022-03-02,293.09163942774603
2022-03-03,293.38705114703725
2022-03-04,286.2584157643147
2022-03-05,231.64192305942305
2022-03-06,210.15840212808718
2022-03-07,296.80135957292697
2022-03-08,297.9822649915563
2022-03-09,305.6378926547859
2022-03-10,297.6477388576253
2022-03-11,295.8522405179766
2022-03-12,244.68280764358389
2022-03-13,200.18870379988405
2022-03-14,302.72635258247095
2022-03-15,312.8307489571537
2022-03-16,316.25657169107524
2022-03-17,307.81750908792435
2022-03-18,311.83712055483096
2022-03-19,245.19862429994527
2022-03-20,206.2757043054126
2022-03-21,311.3106038425226
2022-03-22,315.30405456067024
2022-03-23,309.32044965721377
2022-03-24,299.5722452387796
2022-03-25,290.3541951875279
2022-03-26,235.77128061267013
2022-03-27,205.73878338147443
2022-03-28,313.72743999650316
2022-03-29,300.6265467678142
2022-03-30,307.3058832231501
2022-03-31,293.33718541885366
2022-04-01,294.7660279149994
2022-04-02,238.13141174058467
2022-04-03,205.59611058178183
2022-04-04,309.0036852606494
2022-04-05,322.0315472607786
2022-04-06,316.3425014525204
2022-04-07,316.3432127771625
2022-04-08,311.40604640724735
2022-04-09,232.21423488407552
2022-04-10,196.8170794773465
2022-04-11,307.8160908537787
2022-04-12,305.01692389056973
2022-04-13,321.3491040033544
2022-04-14,303.0286767530206
2022-04-15,201.81893144832839
2022-04-16,203.1637637041283
2022-04-17,203.0256631670556
2022-04-18,295.4750618736587
2022-04-19,295.09432496714555
2022-04-20,309.3966922259681
2022-04-21,288.41581541714754
2022-04-22,252.72879854080196
2022-04-23,227.1060683891398
2022-04-24,204.64612742379893
2022-04-25,302.0604045445581
2022-04-26,246.31272273914618
2022-04-27,223.33190499319898
2022-04-28,285.0444356813303
2022-04-29,290.38942088893464
2022-04-30,220.5013484147153
2022-05-01,200.15023397046065
2022-05-02,298.30990716387146
2022-05-03,294.2427738004825
2022-05-04,291.072335299419
2022-05-05,272.64659310582704
2022-05-06,275.12808714330765
2022-05-07,233.4683620318122
2022-05-08,194.59068920012479
2022-05-09,282.4487171597194
2022-05-10,291.76043961224855
2022-05-11,289.2201835511277
2022-05-12,279.1278200197354
2022-05-13,277.58753442717784
2022-05-14,228.42660451662064
2022-05-15,201.13763629948772
2022-05-16,289.96950929999457
2022-05-17,294.34274984357
2022-05-18,278.0076560538062
2022-05-19,275.12211813007207
2022-05-20,248.13910809530012
2022-05-21,214.8148009830246
2022-05-22,194.85186272233705
2022-05-23,235.33785174660824
2022-05-24,260.00077526071266
2022-05-25,281.56480047461844
2022-05-26,267.9862026102137
2022-05-27,255.28162274145902
2022-05-28,207.46264559892816
2022-05-29,189.50975700250638
2022-05-30,261.61155086569346
2022-05-31,271.4627482914635
2022-06-01,268.89693587589363
2022-06-02,251.2701618762484
2022-06-03,192.180735363509
2022-06-04,195.88278948538292
2022-06-05,189.19642058295437
2022-06-06,266.67535513449536
2022-06-07,273.3149000397549
2022-06-08,264.34682499639075
2022-06-09,266.72604654128094
2022-06-10,270.48257743821546
2022-06-11,223.89437126258423
2022-06-12,185.395305598709
2022-06-13,265.7612097334586
2022-06-14,260.30072328694257
2022-06-15,271.73262337335984
2022-06-16,261.0419542867621
2022-06-17,250.12332122254188
2022-06-18,207.7473299569548
2022-06-19,175.61979637824427
2022-06-20,229.79625927187502
2022-06-21,192.1222196232626
2022-06-22,246.5751072863917
2022-06-23,176.61348546060324
2022-06-24,254.39984285886015
2022-06-25,220.89116011383072
2022-06-26,191.27709191433053
2022-06-27,191.08256877018022
2022-06-28,265.25553175821665
2022-06-29,269.8345223276848
2022-06-30,273.2598564279056
2022-07-01,168.26774410150395
2022-07-02,203.57514718081802
2022-07-03,170.25501820687666
2022-07-04,265.48083034106565
2022-07-05,270.8672442008573
2022-07-06,189.0003282604438
2022-07-07,243.90917329305825
2022-07-08,252.58495009487234
2022-07-09,162.66210778234438
2022-07-10,135.72629808098253
2022-07-11,197.65533947856738
2022-07-12,252.75762327768513
2022-07-13,224.3828754185405
2022-07-14,177.26021697389413
2022-07-15,177.1718577540322
2022-07-16,178.04872528347573
2022-07-17,168.49395945163155
2022-07-18,253.8651801399076
2022-07-19,252.36177224053407
2022-07-20,252.7986186090804
2022-07-21,256.8643636923039
2022-07-22,255.6912655964325
2022-07-23,223.79733921028264
2022-07-24,183.26456538534876
2022-07-25,258.11528337524453
2022-07-26,259.299693979574
2022-07-27,253.24919852647366
2022-07-28,263.7751175136257
2022-07-29,259.6970828868783
2022-07-30,207.10991021944545
2022-07-31,196.95968413096418
2022-08-01,265.58713520497827
2022-08-02,278.707774142723
2022-08-03,265.553895526495
2022-08-04,272.36216263473534
2022-08-05,260.5524394986972
2022-08-06,163.11831438602434
2022-08-07,172.9720740992118
2022-08-08,273.7344072150605
2022-08-09,276.1647541745243
2022-08-10,276.0286031125312
2022-08-11,278.5467867012866
2022-08-12,260.48095938570617
2022-08-13,221.84830076445252
2022-08-14,159.0427861940457
2022-08-15,191.7294546484241
2022-08-16,206.89293367163683
2022-08-17,245.67864818050964
2022-08-18,271.78943992480987
2022-08-19,273.1550809636959
2022-08-20,231.0249135131532
2022-08-21,203.65309258669743
2022-08-22,266.52654006932437
2022-08-23,283.4642543845176
2022-08-24,277.7936645174541
2022-08-25,289.76698040182845
2022-08-26,279.5642107170504
2022-08-27,235.955763947832
2022-08-28,211.7480004920286
2022-08-29,298.5974285299293
2022-08-30,290.8830822223684
2022-08-31,288.89561920301065
2022-09-01,276.9404975522968
2022-09-02,288.4619308658279
2022-09-03,268.30721170462465
2022-09-04,233.63328562110254
2022-09-05,302.3312996285799
2022-09-06,306.48659064459287
2022-09-07,268.18632030794544
2022-09-08,201.9732765216576
2022-09-09,282.30261068871755
2022-09-10,234.58907272050425
2022-09-11,185.893240574292
2022-09-12,289.34778013753044
2022-09-13,283.69124979752473
2022-09-14,289.0109443611036
2022-09-15,268.84133471219286
2022-09-16,194.94396093795334
2022-09-17,175.04480645314288
2022-09-18,156.78376232932405
2022-09-19,165.97929793705447
2022-09-20,265.3227354529049
2022-09-21,285.6498144719632
2022-09-22,279.2288701511212
2022-09-23,271.433659213661
2022-09-24,194.11842922059833
2022-09-25,194.18995558388525
2022-09-26,286.6262379691176
2022-09-27,308.0966378041176
2022-09-28,308.05230836054
2022-09-29,301.8432593395585
2022-09-30,293.7740748068823
2022-10-01,233.4518407337191
2022-10-02,213.0525187870951
2022-10-03,282.7040018334506
2022-10-04,279.7324786554493
2022-10-05,288.10898297990764
2022-10-06,292.8453014401591
2022-10-07,301.9152921770134
2022-10-08,241.01218902745387
2022-10-09,204.75450071180288
2022-10-10,221.21705525047952
2022-10-11,309.0205048193865
2022-10-12,303.5650103510403
2022-10-13,304.1106131176084
2022-10-14,301.2782406651214
2022-10-15,247.44095314439343
2022-10-16,208.74813133374528
2022-10-17,310.96019311742697
2022-10-18,301.30212572825417
2022-10-19,314.11057676727955
2022-10-20,313.98049341073965
2022-10-21,303.52050541880647
2022-10-22,246.81707876139933
2022-10-23,218.1060687940818
2022-10-24,320.47037644852287
2022-10-25,317.90452966383424
2022-10-26,313.99487855618156
2022-10-27,327.70826528099576
2022-10-28,305.5030448384051
2022-10-29,230.27199695187065
2022-10-30,200.66132700773838
2022-10-31,208.75824871124814
2022-11-01,214.81798720189258
2022-11-02,309.8119657701176
2022-11-03,322.0111032401604
2022-11-04,308.8001509599998
2022-11-05,245.70437943145248
2022-11-06,204.34130806508435
2022-11-07,312.1494113809931
2022-11-08,316.98657616897896
2022-11-09,284.99636765951345
2022-11-10,295.7881268884902
2022-11-11,294.0234172329556
2022-11-12,212.7215326202321
2022-11-13,206.78766038362284
2022-11-14,329.17581494957085
2022-11-15,315.6561069829286
2022-11-16,323.7603007653729
2022-11-17,311.26396911916515
2022-11-18,304.41829731203194
2022-11-19,232.41843784971144
2022-11-20,204.46866188366505
2022-11-21,311.2227804586464
2022-11-22,316.6206656069876
2022-11-23,329.1611940476856
2022-11-24,322.0943372406027
2022-11-25,305.21856010122724
2022-11-26,231.2600207435991
2022-11-27,203.50331072338685
2022-11-28,306.5455878325141
2022-11-29,314.63548209623207
2022-11-30,309.8584720271904
2022-12-01,311.3793501823293
2022-12-02,297.3180378635716
2022-12-03,230.06681253603057
2022-12-04,204.54064769874827
2022-12-05,300.3122592118649
2022-12-06,303.6968761644538
2022-12-07,309.6833394319806
2022-12-08,223.49079005894055
2022-12-09,278.6410118270279
2022-12-10,232.42937771741364
2022-12-11,200.4986293108151
2022-12-12,299.45181192965845
2022-12-13,306.73746265028234
2022-12-14,301.8681682802153
2022-12-15,299.38777109372137
2022-12-16,296.47508714804803
2022-12-17,237.02691426993061
2022-12-18,199.60101308615918
2022-12-19,292.51389001070527
2022-12-20,299.5489896965495
2022-12-21,296.05195720753477
2022-12-22,299.8801740199235
2022-12-23,279.67638184666913
2022-12-24,223.56396759425206
2022-12-25,183.22389490026185
2022-12-26,297.63641769880365
2022-12-27,302.25825938982996
2022-12-28,305.5401795916491
2022-12-29,297.97546501767096
2022-12-30,280.31183462845826
2022-12-31,188.96512126641363
2023-01-01,166.73098864132584
2023-01-02,206.3596325621055
2023-01-03,314.33698085147887
2023-01-04,321.06170117405907
2023-01-05,303.33823762897447
2023-01-06,295.6750770037743
2023-01-07,235.91309637313134
2023-01-08,204.1713219929108
2023-01-09,303.8420648213545
2023-01-10,319.6200417164316
2023-01-11,319.9249794844179
2023-01-12,314.71479543064936
2023-01-13,301.599264411597
2023-01-14,229.49089259823512
2023-01-15,208.44345968843177
2023-01-16,305.4103874843747
2023-01-17,314.1580385234656
2023-01-18,308.67832513548814
2023-01-19,310.71473270061233
2023-01-20,299.5220711405167
2023-01-21,238.02442950889957
2023-01-22,209.5562100960622
2023-01-23,303.47646699215846
2023-01-24,322.35862618694534
2023-01-25,307.40512658555645
2023-01-26,324.30371383285694
2023-01-27,291.58297861474404
2023-01-28,236.12358167696064
2023-01-29,202.32337792468473
2023-01-30,309.2259159814797
2023-01-31,305.4216231963942
2023-02-01,325.95078868780274
2023-02-02,296.0124829853055
2023-02-03,280.85898869050834
2023-02-04,228.14168946714
2023-02-05,192.78549985007515
2023-02-06,282.4999184513999
2023-02-07,288.61663191375914
2023-02-08,294.46828961231176
2023-02-09,287.27735283104334
2023-02-10,278.0494086853926
2023-02-11,228.2413742609621
2023-02-12,201.12854180510888
2023-02-13,289.58400993771806
2023-02-14,292.38285569768146
2023-02-15,299.00768118875123
2023-02-16,292.86225752338197
2023-02-17,273.9529137023121
2023-02-18,228.87864386874358
2023-02-19,203.4632791816419
2023-02-20,281.4783378332543
2023-02-21,287.9067807469482
2023-02-22,290.73587511981486
2023-02-23,289.5308659500008
2023-02-24,273.9380829426518
2023-02-25,226.05556553148426
2023-02-26,203.44880399434595
2023-02-27,288.4036315247975
2023-02-28,288.88763962241
2023-03-01,304.1448338340467
2023-03-02,288.40573094969164
2023-03-03,292.0631772118889
2023-03-04,233.25169185527122
2023-03-05,201.19995299994912
2023-03-06,295.29391119160744
2023-03-07,324.40187269012546
2023-03-08,323.59091867526007
2023-03-09,307.74176538979697
2023-03-10,300.806157528478
2023-03-11,226.7891691123407
2023-03-12,205.1576487745678
2023-03-13,330.2909779271399
2023-03-14,337.5183166534804
2023-03-15,323.5242249178891
2023-03-16,329.75263435391764
2023-03-17,318.8001234399479
2023-03-18,229.3469685826028
2023-03-19,205.76494854537185
2023-03-20,325.9084555617632
2023-03-21,326.02270116959676
2023-03-22,334.3805867698796
2023-03-23,329.7566239380934
2023-03-24,306.4922424574721
2023-03-25,240.02222841389877
2023-03-26,204.1137769960048
2023-03-27,318.8747142021042
2023-03-28,323.0251201702793
2023-03-29,321.81843988906235
2023-03-30,318.00601398292144
2023-03-31,299.45387316245785
2023-04-01,229.8158589065148
2023-04-02,206.55019625597365
2023-04-03,314.7519601902962
2023-04-04,324.58719563630063
2023-04-05,321.6598734880148
2023-04-06,296.5063681089257
2023-04-07,212.5079190066836
2023-04-08,212.98992595937054
2023-04-09,198.09501712819076
2023-04-10,325.96237096199627
2023-04-11,329.42872228939143
2023-04-12,330.2345516769996
2023-04-13,316.3676979993799
2023-04-14,302.4496415710081
2023-04-15,233.92715469527536
2023-04-16,201.03977134014724
2023-04-17,312.2629756181649
2023-04-18,311.7904301587382
2023-04-19,319.5187248277996
2023-04-20,312.1286759311962
2023-04-21,284.76010790534565
2023-04-22,232.57346069305075
2023-04-23,199.76015816276154
2023-04-24,305.3075792082211
2023-04-25,309.85238301812046
2023-04-26,309.0519789294742
2023-04-27,299.49708886657066
2023-04-28,276.67242923938005
2023-04-29,163.69374992534415
2023-04-30,166.33025392057527
2023-05-01,193.72407798899667
2023-05-02,282.0156577088658
2023-05-03,288.93280944907673
2023-05-04,288.37549999734233
2023-05-05,276.3153717734497
2023-05-06,208.74002452360747
2023-05-07,213.9481515798018
2023-05-08,282.3877684454844
2023-05-09,292.6023436875597
2023-05-10,295.6389192855959
2023-05-11,296.72544521353086
2023-05-12,290.6564293162235
2023-05-13,226.0982072075165
2023-05-14,192.789913924766
2023-05-15,284.642215812361
2023-05-16,288.84694419064385
2023-05-17,277.946381721187
2023-05-18,290.5258961102402
2023-05-19,277.2591774670712
2023-05-20,217.1206509014155
2023-05-21,166.5495744799984
2023-05-22,248.07016815162302
2023-05-23,273.68181212883115
2023-05-24,282.84454525426884
2023-05-25,274.7099915134507
2023-05-26,261.2807466067029
2023-05-27,220.2909563411426
2023-05-28,182.72274658040655
2023-05-29,278.984579971005
2023-05-30,280.199877771753
2023-05-31,277.1593383082961
2023-06-01,275.6332667876626
2023-06-02,243.18261886785928
2023-06-03,211.2741191943583
2023-06-04,188.58976222424158
2023-06-05,278.82695200067934
2023-06-06,281.3981422805904
2023-06-07,284.3677841295871
2023-06-08,268.6213796245663
2023-06-09,192.26351374514252
2023-06-10,198.293654859652
2023-06-11,178.78499849433078
2023-06-12,259.6596443586067
2023-06-13,258.2946459061252
2023-06-14,249.72936052458573
2023-06-15,258.9743507953134
2023-06-16,257.8607903708232
2023-06-17,204.56588726509014
2023-06-18,174.12275644377968
2023-06-19,265.69281049556594
2023-06-20,268.4650543076905
2023-06-21,199.9939158972992
2023-06-22,157.16080167300268
2023-06-23,156.9386183343707
2023-06-24,165.09041540478782
2023-06-25,176.15645213149872
2023-06-26,172.35065530563867
2023-06-27,227.87358791700694
2023-06-28,254.0675797048799
2023-06-29,250.46555711891548
2023-06-30,251.77228600443348
2023-07-01,204.10170650035963
2023-07-02,167.95266323725974
2023-07-03,251.16492632566897
2023-07-04,265.96625243759865
2023-07-05,266.23513076737515
2023-07-06,254.2443315617334
2023-07-07,237.9468008911273
2023-07-08,187.02497028576326
2023-07-09,176.13340185199172
2023-07-10,248.75348957198196
2023-07-11,225.24146709049737
2023-07-12,186.11624735511248
2023-07-13,254.34638244286236
2023-07-14,241.42113598192572
2023-07-15,194.08811204937103
2023-07-16,182.00805356515355
2023-07-17,258.70388739309857
2023-07-18,257.5065955041884
2023-07-19,262.42914097221825
2023-07-20,269.06237800044255
2023-07-21,201.71915597807882
2023-07-22,154.8941803432981
2023-07-23,176.5937483494886
2023-07-24,262.97630404445863
2023-07-25,264.4058104306256
2023-07-26,254.3705497450702
2023-07-27,270.5252144667735
2023-07-28,255.7002686423081
2023-07-29,211.50473460168558
2023-07-30,183.70262418557752
2023-07-31,271.36809244117023
2023-08-01,270.25580471614967
2023-08-02,271.1609671481916
2023-08-03,262.17918991660997
2023-08-04,271.7333173972746
2023-08-05,210.8501191491115
2023-08-06,183.45993232331506
2023-08-07,264.61281955074594
2023-08-08,275.2742467811505
2023-08-09,255.47949488745812
2023-08-10,208.62321734800983
2023-08-11,244.69811874640794
2023-08-12,206.97258491786462
2023-08-13,191.15801675148123
2023-08-14,263.0816869538784
2023-08-15,191.59252775877667
2023-08-16,261.4910775455792
2023-08-17,195.2388934459832
2023-08-18,250.24730345649877
2023-08-19,137.53756142821075
2023-08-20,160.99029524017288
2023-08-21,184.13100835153494
2023-08-22,153.20473435013128
2023-08-23,217.95334466405018
2023-08-24,253.66210893411707
2023-08-25,265.5775496081494
2023-08-26,220.8023422142483
2023-08-27,194.51481454958363
2023-08-28,263.1202234650391
2023-08-29,283.8489422708627
2023-08-30,267.6120887298578
2023-08-31,276.9084278781761
2023-09-01,258.6558555592988
2023-09-02,164.12435291986756
2023-09-03,171.6662876997275
2023-09-04,203.2904232240474
2023-09-05,238.4249519131373
2023-09-06,161.49158121641636
2023-09-07,240.8565502684541
2023-09-08,242.23443364857894
2023-09-09,194.93544247046668
2023-09-10,165.9316865908805
2023-09-11,230.56061734764023
2023-09-12,264.86613025737825
2023-09-13,260.9479430216851
2023-09-14,264.24091002153864
2023-09-15,248.26575300556553
2023-09-16,207.7970501504623
2023-09-17,164.38462196822758
2023-09-18,162.0265432428355
2023-09-19,161.26215115777822
2023-09-20,243.38168778379867
2023-09-21,253.0327401540969
2023-09-22,250.06351838047686
2023-09-23,216.0262191384183
2023-09-24,201.74557301482199
2023-09-25,309.2516272930442
2023-09-26,287.469827627983
2023-09-27,282.0312253320099
2023-09-28,277.1742679400874
2023-09-29,275.80579425588604
2023-09-30,227.57886067170028
2023-10-01,180.31845726234556
2023-10-02,262.25282130425444
2023-10-03,254.64189172246887
2023-10-04,282.8470303854209
2023-10-05,275.2937826848538
2023-10-06,266.20376782284467
2023-10-07,215.16057389566544
2023-10-08,195.9427314481738
2023-10-09,213.00311979683323
2023-10-10,282.5108713846042
2023-10-11,302.442691467395
2023-10-12,299.5500443001295
2023-10-13,290.573178015054
2023-10-14,235.63168868807583
2023-10-15,202.162891770202
2023-10-16,292.58563601403324
2023-10-17,295.4026977235228
2023-10-18,282.90509355775885
2023-10-19,294.73655913263985
2023-10-20,284.3762471042517
2023-10-21,220.3069741735569
2023-10-22,197.49147118511908
2023-10-23,282.3271682922351
2023-10-24,294.15957653306316
2023-10-25,300.40359679163146
2023-10-26,290.7217987042789
2023-10-27,207.03663016894023
2023-10-28,204.137285775319
2023-10-29,151.8416427654962
2023-10-30,261.40668678618977
2023-10-31,269.5605788663625
2023-11-01,181.6504646783759
2023-11-02,261.4095795193788
2023-11-03,283.4361911830507
2023-11-04,230.9253874994226
2023-11-05,205.95993860735717
2023-11-06,292.3234941071189
2023-11-07,301.84981526646334
2023-11-08,286.9157231024931
2023-11-09,286.4516748069366
2023-11-10,174.6785366757244
2023-11-11,197.286883285301
2023-11-12,181.19175969812844
2023-11-13,281.55474578122954
2023-11-14,295.8652803503129
2023-11-15,291.74195649322706
2023-11-16,299.1917143146429
2023-11-17,242.3330726690979
2023-11-18,222.52912458031972
2023-11-19,203.6232853527875
2023-11-20,283.6608938420402
2023-11-21,299.69516845401796
2023-11-22,292.93067788497797
2023-11-23,297.9793002368937
2023-11-24,276.3098953968042
2023-11-25,228.48766135077875
2023-11-26,204.6011835288986
2023-11-27,288.29932762589715
2023-11-28,297.68932646981744
2023-11-29,299.3092806093301
2023-11-30,287.2614549944633
2023-12-01,269.55792612484197
2023-12-02,223.10694673848724
2023-12-03,198.0632302853076
2023-12-04,287.8074302218739
2023-12-05,282.61047437468676
2023-12-06,280.36090782042265
2023-12-07,277.21756026072546
2023-12-08,213.44428578307787
2023-12-09,215.40995492608258
2023-12-10,193.54781381385484
2023-12-11,284.3452483824493
2023-12-12,287.3013709555124
2023-12-13,284.0976544039576
2023-12-14,288.24295263335375
2023-12-15,277.9058101082311
2023-12-16,220.84973528461944
2023-12-17,229.36001670547614
2023-12-18,275.84065337592637
2023-12-19,276.9380417829625
2023-12-20,274.73418471432694
2023-12-21,276.97505253748295
2023-12-22,258.60065403426734
2023-12-23,221.39878314901387
2023-12-24,191.2998885969269
2023-12-25,180.56164194111145
2023-12-26,270.6515048514971
2023-12-27,280.88212364474185
2023-12-28,274.69126485453137
2023-12-29,262.2151462474636
2023-12-30,216.78732836889003
2023-12-31,190.66849372530183
2024-01-01,168.0788038520822
2024-01-02,261.6971309342504
2024-01-03,277.9926992441881
2024-01-04,281.14422276450966
2024-01-05,268.3795615101001
2024-01-06,236.969648408777
2024-01-07,198.6172186379393
2024-01-08,285.4381117291505
2024-01-09,295.3039352440202
2024-01-10,287.327929883869
2024-01-11,286.10930238607716
2024-01-12,277.10390156656126
2024-01-13,226.61647039068612
2024-01-14,200.05496972296805
2024-01-15,295.30669378397045
2024-01-16,299.5921109436697
2024-01-17,301.6219197947425
2024-01-18,287.47765625435756
2024-01-19,271.99864734195535
2024-01-20,220.77210607468473
2024-01-21,189.55865216726286
2024-01-22,267.74290435482965
2024-01-23,283.1850998971468
2024-01-24,286.73463396738737
2024-01-25,287.86276403616597
2024-01-26,272.5682163832332
2024-01-27,222.9684172957609
2024-01-28,197.45693750354954
2024-01-29,272.71630583152415
2024-01-30,276.6975180838316
2024-01-31,286.1342163340349
2024-02-01,279.3648968021416
2024-02-02,258.21114983832194
2024-02-03,217.46301890713642
2024-02-04,191.57233602325334
2024-02-05,277.6723188561929
2024-02-06,280.00838424510414
2024-02-07,280.0222594532287
2024-02-08,275.2434667474
2024-02-09,260.5461918894491
2024-02-10,222.04725851483454
2024-02-11,195.29926107360265
2024-02-12,268.343369422803
2024-02-13,272.77495191464203
2024-02-14,269.08142527044504
2024-02-15,266.5745759060134
2024-02-16,258.9036419149249
2024-02-17,225.70429776715724
2024-02-18,196.40371152188504
2024-02-19,273.92563539111234
2024-02-20,287.0036109893815
2024-02-21,278.89989277513587
2024-02-22,228.4307639475783
2024-02-23,252.7503554339757
2024-02-24,236.4991551719595
2024-02-25,190.4633563318334
2024-02-26,278.52864313306054
2024-02-27,279.82975875762065
2024-02-28,285.02101130199577
2024-02-29,276.35868963292955
2024-03-01,270.1171207285571
2024-03-02,217.84176313917436
2024-03-03,194.1844277697296
2024-03-04,285.7889941994687
2024-03-05,318.1553675327409
2024-03-06,288.13357035749215
2024-03-07,283.6440014897538
2024-03-08,285.6024461683581
2024-03-09,213.95936539604216
2024-03-10,196.44977639996455
2024-03-11,284.2390587394058
2024-03-12,292.437207881856
2024-03-13,294.3312125929365
2024-03-14,290.84126303653557
2024-03-15,287.54126436166507
2024-03-16,222.56385081893697
2024-03-17,207.22409091201763
2024-03-18,297.7455598030833
2024-03-19,284.6092627880913
2024-03-20,280.06722288526976
2024-03-21,280.4686397487579
2024-03-22,284.7724316380748
2024-03-23,225.3423380050844
2024-03-24,197.51326105858283
2024-03-25,295.3726846871497
2024-03-26,295.16004005046574
2024-03-27,293.1211212231851
2024-03-28,286.6975892559974
2024-03-29,202.06559842261527
2024-03-30,209.91755281057212
2024-03-31,194.3125485856877
2024-04-01,284.55679175300804
2024-04-02,280.62372691519624
2024-04-03,268.30480778504966
2024-04-04,282.15449934464755
2024-04-05,285.15133465020415
2024-04-06,220.87925108935067
2024-04-07,213.68630897663752
