Time,Cabello
2017-03-21,
2017-03-22,159.0
2017-03-23,203.0
2017-03-24,207.0
2017-03-25,132.0
2017-03-26,86.0
2017-03-27,236.0
2017-03-28,283.0
2017-03-29,221.0
2017-03-30,280.0
2017-03-31,222.0
2017-04-01,109.0
2017-04-02,83.0
2017-04-03,221.0
2017-04-04,256.0
2017-04-05,262.0
2017-04-06,243.0
2017-04-07,209.0
2017-04-08,115.0
2017-04-09,70.0
2017-04-10,258.0
2017-04-11,214.0
2017-04-12,214.0
2017-04-13,215.0
2017-04-14,99.0
2017-04-15,78.0
2017-04-16,91.0
2017-04-17,243.0
2017-04-18,220.0
2017-04-19,81.0
2017-04-20,146.0
2017-04-21,217.0
2017-04-22,105.0
2017-04-23,90.0
2017-04-24,237.0
2017-04-25,189.0
2017-04-26,198.0
2017-04-27,234.0
2017-04-28,202.0
2017-04-29,121.0
2017-04-30,109.0
2017-05-01,62.0
2017-05-02,249.0
2017-05-03,259.0
2017-05-04,244.0
2017-05-05,234.0
2017-05-06,167.0
2017-05-07,36.0
2017-05-08,211.0
2017-05-09,256.0
2017-05-10,302.0
2017-05-11,90.0
2017-05-12,281.0
2017-05-13,140.0
2017-05-14,49.0
2017-05-15,235.0
2017-05-16,251.0
2017-05-17,149.0
2017-05-18,219.0
2017-05-19,198.0
2017-05-20,148.0
2017-05-21,105.0
2017-05-22,250.0
2017-05-23,257.0
2017-05-24,247.0
2017-05-25,233.0
2017-05-26,235.0
2017-05-27,184.0
2017-05-28,105.0
2017-05-29,245.0
2017-05-30,279.0
2017-05-31,217.0
2017-06-01,227.0
2017-06-02,266.0
2017-06-03,176.0
2017-06-04,108.0
2017-06-05,280.0
2017-06-06,267.0
2017-06-07,109.0
2017-06-08,276.0
2017-06-09,277.0
2017-06-10,196.0
2017-06-11,108.0
2017-06-12,272.0
2017-06-13,240.0
2017-06-14,247.0
2017-06-15,229.0
2017-06-16,71.0
2017-06-17,121.0
2017-06-18,80.0
2017-06-19,225.0
2017-06-20,235.0
2017-06-21,240.0
2017-06-22,53.0
2017-06-23,195.0
2017-06-24,133.0
2017-06-25,17.0
2017-06-26,81.0
2017-06-27,230.0
2017-06-28,204.0
2017-06-29,231.0
2017-06-30,215.0
2017-07-01,188.0
2017-07-02,105.0
2017-07-03,280.0
2017-07-04,98.0
2017-07-05,234.0
2017-07-06,254.0
2017-07-07,261.0
2017-07-08,121.0
2017-07-09,79.0
2017-07-10,264.0
2017-07-11,193.0
2017-07-12,213.0
2017-07-13,136.0
2017-07-14,222.0
2017-07-15,85.0
2017-07-16,89.0
2017-07-17,221.0
2017-07-18,196.0
2017-07-19,212.0
2017-07-20,247.0
2017-07-21,191.0
2017-07-22,118.0
2017-07-23,46.0
2017-07-24,242.0
2017-07-25,252.0
2017-07-26,233.0
2017-07-27,240.0
2017-07-28,213.0
2017-07-29,142.0
2017-07-30,116.0
2017-07-31,237.0
2017-08-01,272.0
2017-08-02,252.0
2017-08-03,227.0
2017-08-04,243.0
2017-08-05,148.0
2017-08-06,104.0
2017-08-07,229.0
2017-08-08,261.0
2017-08-09,124.0
2017-08-10,188.0
2017-08-11,152.0
2017-08-12,199.0
2017-08-13,57.0
2017-08-14,222.0
2017-08-15,122.0
2017-08-16,319.0
2017-08-17,251.0
2017-08-18,155.0
2017-08-19,175.0
2017-08-20,138.0
2017-08-21,326.0
2017-08-22,184.0
2017-08-23,210.0
2017-08-24,268.0
2017-08-25,214.0
2017-08-26,189.0
2017-08-27,147.0
2017-08-28,117.0
2017-08-29,322.0
2017-08-30,275.0
2017-08-31,277.0
2017-09-01,223.0
2017-09-02,161.0
2017-09-03,130.0
2017-09-04,297.0
2017-09-05,274.0
2017-09-06,298.0
2017-09-07,260.0
2017-09-08,295.0
2017-09-09,166.0
2017-09-10,91.0
2017-09-11,277.0
2017-09-12,256.0
2017-09-13,300.0
2017-09-14,264.0
2017-09-15,291.0
2017-09-16,203.0
2017-09-17,116.0
2017-09-18,101.0
2017-09-19,77.0
2017-09-20,310.0
2017-09-21,332.0
2017-09-22,327.0
2017-09-23,208.0
2017-09-24,134.0
2017-09-25,302.0
2017-09-26,293.0
2017-09-27,316.0
2017-09-28,236.0
2017-09-29,249.0
2017-09-30,118.0
2017-10-01,124.0
2017-10-02,272.0
2017-10-03,284.0
2017-10-04,169.0
2017-10-05,263.0
2017-10-06,347.0
2017-10-07,153.0
2017-10-08,169.0
2017-10-09,178.0
2017-10-10,352.0
2017-10-11,293.0
2017-10-12,307.0
2017-10-13,332.0
2017-10-14,205.0
2017-10-15,127.0
2017-10-16,302.0
2017-10-17,302.0
2017-10-18,341.0
2017-10-19,346.0
2017-10-20,270.0
2017-10-21,209.0
2017-10-22,159.0
2017-10-23,394.0
2017-10-24,341.0
2017-10-25,371.0
2017-10-26,310.0
2017-10-27,178.0
2017-10-28,154.0
2017-10-29,129.0
2017-10-30,305.0
2017-10-31,272.0
2017-11-01,130.0
2017-11-02,287.0
2017-11-03,303.0
2017-11-04,153.0
2017-11-05,160.0
2017-11-06,309.0
2017-11-07,314.0
2017-11-08,350.0
2017-11-09,292.0
2017-11-10,297.0
2017-11-11,227.0
2017-11-12,145.0
2017-11-13,296.0
2017-11-14,354.0
2017-11-15,325.0
2017-11-16,327.0
2017-11-17,355.0
2017-11-18,257.0
2017-11-19,239.0
2017-11-20,300.0
2017-11-21,325.0
2017-11-22,373.0
2017-11-23,308.0
2017-11-24,314.0
2017-11-25,233.0
2017-11-26,130.0
2017-11-27,292.0
2017-11-28,305.0
2017-11-29,310.0
2017-11-30,284.0
2017-12-01,364.0
2017-12-02,200.0
2017-12-03,144.0
2017-12-04,329.0
2017-12-05,334.0
2017-12-06,339.0
2017-12-07,331.0
2017-12-08,144.0
2017-12-09,249.0
2017-12-10,132.0
2017-12-11,369.0
2017-12-12,314.0
2017-12-13,359.0
2017-12-14,309.0
2017-12-15,348.0
2017-12-16,201.0
2017-12-17,194.0
2017-12-18,309.0
2017-12-19,384.0
2017-12-20,405.0
2017-12-21,313.0
2017-12-22,307.0
2017-12-23,257.0
2017-12-24,151.0
2017-12-25,124.0
2017-12-26,378.0
2017-12-27,425.0
2017-12-28,344.0
2017-12-29,341.0
2017-12-30,226.0
2017-12-31,160.0
2018-01-01,107.0
2018-01-02,352.0
2018-01-03,419.0
2018-01-04,356.0
2018-01-05,355.0
2018-01-06,205.0
2018-01-07,178.0
2018-01-08,380.0
2018-01-09,272.0
2018-01-10,390.0
2018-01-11,337.0
2018-01-12,326.0
2018-01-13,227.0
2018-01-14,159.0
2018-01-15,350.0
2018-01-16,377.0
2018-01-17,378.0
2018-01-18,326.0
2018-01-19,331.0
2018-01-20,230.0
2018-01-21,135.0
2018-01-22,391.0
2018-01-23,382.0
2018-01-24,451.0
2018-01-25,355.0
2018-01-26,350.0
2018-01-27,272.0
2018-01-28,196.0
2018-01-29,343.0
2018-01-30,412.0
2018-01-31,381.0
2018-02-01,353.0
2018-02-02,380.0
2018-02-03,253.0
2018-02-04,147.0
2018-02-05,402.0
2018-02-06,367.0
2018-02-07,466.0
2018-02-08,353.0
2018-02-09,342.0
2018-02-10,235.0
2018-02-11,168.0
2018-02-12,346.0
2018-02-13,358.0
2018-02-14,349.0
2018-02-15,267.0
2018-02-16,324.0
2018-02-17,185.0
2018-02-18,167.0
2018-02-19,359.0
2018-02-20,334.0
2018-02-21,331.0
2018-02-22,354.0
2018-02-23,304.0
2018-02-24,281.0
2018-02-25,126.0
2018-02-26,326.0
2018-02-27,294.0
2018-02-28,390.0
2018-03-01,329.0
2018-03-02,371.0
2018-03-03,331.0
2018-03-04,132.0
2018-03-05,359.0
2018-03-06,334.0
2018-03-07,404.0
2018-03-08,353.0
2018-03-09,379.0
2018-03-10,273.0
2018-03-11,148.0
2018-03-12,400.0
2018-03-13,335.0
2018-03-14,370.0
2018-03-15,341.0
2018-03-16,345.0
2018-03-17,146.0
2018-03-18,120.0
2018-03-19,370.0
2018-03-20,352.0
2018-03-21,387.0
2018-03-22,313.0
2018-03-23,377.0
2018-03-24,257.0
2018-03-25,136.0
2018-03-26,375.0
2018-03-27,322.0
2018-03-28,339.0
2018-03-29,374.0
2018-03-30,216.0
2018-03-31,290.0
2018-04-01,157.0
2018-04-02,393.0
2018-04-03,378.0
2018-04-04,355.0
2018-04-05,311.0
2018-04-06,356.0
2018-04-07,263.0
2018-04-08,167.0
2018-04-09,332.0
2018-04-10,282.0
2018-04-11,258.0
2018-04-12,309.0
2018-04-13,286.0
2018-04-14,238.0
2018-04-15,182.0
2018-04-16,325.0
2018-04-17,289.0
2018-04-18,305.0
2018-04-19,318.0
2018-04-20,311.0
2018-04-21,251.0
2018-04-22,151.0
2018-04-23,368.0
2018-04-24,289.0
2018-04-25,356.0
2018-04-26,324.0
2018-04-27,335.0
2018-04-28,221.0
2018-04-29,102.0
2018-04-30,282.0
2018-05-01,125.0
2018-05-02,344.0
2018-05-03,324.0
2018-05-04,372.0
2018-05-05,236.0
2018-05-06,144.0
2018-05-07,329.0
2018-05-08,343.0
2018-05-09,324.0
2018-05-10,305.0
2018-05-11,341.0
2018-05-12,260.0
2018-05-13,134.0
2018-05-14,305.0
2018-05-15,302.0
2018-05-16,300.0
2018-05-17,303.0
2018-05-18,349.0
2018-05-19,257.0
2018-05-20,172.0
2018-05-21,166.0
2018-05-22,268.0
2018-05-23,304.0
2018-05-24,291.0
2018-05-25,293.0
2018-05-26,213.0
2018-05-27,113.0
2018-05-28,216.0
2018-05-29,101.0
2018-05-30,270.0
2018-05-31,258.0
2018-06-01,267.0
2018-06-02,199.0
2018-06-03,110.0
2018-06-04,255.0
2018-06-05,239.0
2018-06-06,292.0
2018-06-07,266.0
2018-06-08,261.0
2018-06-09,113.0
2018-06-10,52.0
2018-06-11,77.0
2018-06-12,295.0
2018-06-13,283.0
2018-06-14,258.0
2018-06-15,282.0
2018-06-16,202.0
2018-06-17,105.0
2018-06-18,288.0
2018-06-19,230.0
2018-06-20,327.0
2018-06-21,288.0
2018-06-22,247.0
2018-06-23,226.0
2018-06-24,113.0
2018-06-25,245.0
2018-06-26,263.0
2018-06-27,293.0
2018-06-28,223.0
2018-06-29,278.0
2018-06-30,151.0
2018-07-01,46.0
2018-07-02,115.0
2018-07-03,282.0
2018-07-04,92.0
2018-07-05,103.0
2018-07-06,169.0
2018-07-07,198.0
2018-07-08,122.0
2018-07-09,276.0
2018-07-10,207.0
2018-07-11,249.0
2018-07-12,263.0
2018-07-13,280.0
2018-07-14,200.0
2018-07-15,100.0
2018-07-16,112.0
2018-07-17,250.0
2018-07-18,276.0
2018-07-19,227.0
2018-07-20,238.0
2018-07-21,138.0
2018-07-22,84.0
2018-07-23,265.0
2018-07-24,248.0
2018-07-25,257.0
2018-07-26,225.0
2018-07-27,213.0
2018-07-28,192.0
2018-07-29,96.0
2018-07-30,280.0
2018-07-31,191.0
2018-08-01,255.0
2018-08-02,220.0
2018-08-03,248.0
2018-08-04,166.0
2018-08-05,118.0
2018-08-06,261.0
2018-08-07,316.0
2018-08-08,287.0
2018-08-09,267.0
2018-08-10,288.0
2018-08-11,240.0
2018-08-12,137.0
2018-08-13,270.0
2018-08-14,326.0
2018-08-15,196.0
2018-08-16,341.0
2018-08-17,298.0
2018-08-18,218.0
2018-08-19,169.0
2018-08-20,341.0
2018-08-21,268.0
2018-08-22,276.0
2018-08-23,164.0
2018-08-24,261.0
2018-08-25,202.0
2018-08-26,178.0
2018-08-27,327.0
2018-08-28,281.0
2018-08-29,330.0
2018-08-30,314.0
2018-08-31,303.0
2018-09-01,209.0
2018-09-02,156.0
2018-09-03,355.0
2018-09-04,340.0
2018-09-05,337.0
2018-09-06,313.0
2018-09-07,347.0
2018-09-08,250.0
2018-09-09,134.0
2018-09-10,320.0
2018-09-11,344.0
2018-09-12,338.0
2018-09-13,297.0
2018-09-14,322.0
2018-09-15,204.0
2018-09-16,135.0
2018-09-17,67.0
2018-09-18,71.0
2018-09-19,127.0
2018-09-20,301.0
2018-09-21,340.0
2018-09-22,198.0
2018-09-23,154.0
2018-09-24,354.0
2018-09-25,322.0
2018-09-26,370.0
2018-09-27,267.0
2018-09-28,163.0
2018-09-29,238.0
2018-09-30,171.0
2018-10-01,401.0
2018-10-02,383.0
2018-10-03,357.0
2018-10-04,397.0
2018-10-05,374.0
2018-10-06,237.0
2018-10-07,128.0
2018-10-08,266.0
2018-10-09,391.0
2018-10-10,358.0
2018-10-11,372.0
2018-10-12,341.0
2018-10-13,256.0
2018-10-14,134.0
2018-10-15,167.0
2018-10-16,405.0
2018-10-17,364.0
2018-10-18,382.0
2018-10-19,421.0
2018-10-20,264.0
2018-10-21,172.0
2018-10-22,378.0
2018-10-23,375.0
2018-10-24,390.0
2018-10-25,395.0
2018-10-26,377.0
2018-10-27,287.0
2018-10-28,130.0
2018-10-29,196.0
2018-10-30,344.0
2018-10-31,425.0
2018-11-01,182.0
2018-11-02,142.0
2018-11-03,281.0
2018-11-04,178.0
2018-11-05,414.0
2018-11-06,404.0
2018-11-07,400.0
2018-11-08,396.0
2018-11-09,413.0
2018-11-10,266.0
2018-11-11,153.0
2018-11-12,378.0
2018-11-13,390.0
2018-11-14,410.0
2018-11-15,333.0
2018-11-16,377.0
2018-11-17,246.0
2018-11-18,159.0
2018-11-19,355.0
2018-11-20,373.0
2018-11-21,423.0
2018-11-22,373.0
2018-11-23,372.0
2018-11-24,276.0
2018-11-25,208.0
2018-11-26,356.0
2018-11-27,366.0
2018-11-28,396.0
2018-11-29,356.0
2018-11-30,355.0
2018-12-01,278.0
2018-12-02,195.0
2018-12-03,348.0
2018-12-04,395.0
2018-12-05,409.0
2018-12-06,360.0
2018-12-07,347.0
2018-12-08,176.0
2018-12-09,125.0
2018-12-10,366.0
2018-12-11,368.0
2018-12-12,397.0
2018-12-13,367.0
2018-12-14,363.0
2018-12-15,268.0
2018-12-16,166.0
2018-12-17,381.0
2018-12-18,363.0
2018-12-19,401.0
2018-12-20,413.0
2018-12-21,315.0
2018-12-22,259.0
2018-12-23,179.0
2018-12-24,259.0
2018-12-25,173.0
2018-12-26,369.0
2018-12-27,349.0
2018-12-28,362.0
2018-12-29,268.0
2018-12-30,181.0
2018-12-31,252.0
2019-01-01,100.0
2019-01-02,330.0
2019-01-03,369.0
2019-01-04,361.0
2019-01-05,277.0
2019-01-06,149.0
2019-01-07,412.0
2019-01-08,364.0
2019-01-09,448.0
2019-01-10,366.0
2019-01-11,380.0
2019-01-12,307.0
2019-01-13,168.0
2019-01-14,450.0
2019-01-15,374.0
2019-01-16,372.0
2019-01-17,369.0
2019-01-18,369.0
2019-01-19,265.0
2019-01-20,164.0
2019-01-21,364.0
2019-01-22,364.0
2019-01-23,421.0
2019-01-24,374.0
2019-01-25,345.0
2019-01-26,196.0
2019-01-27,153.0
2019-01-28,326.0
2019-01-29,366.0
2019-01-30,362.0
2019-01-31,301.0
2019-02-01,315.0
2019-02-02,301.0
2019-02-03,151.0
2019-02-04,360.0
2019-02-05,337.0
2019-02-06,381.0
2019-02-07,323.0
2019-02-08,365.0
2019-02-09,273.0
2019-02-10,132.0
2019-02-11,376.0
2019-02-12,352.0
2019-02-13,415.0
2019-02-14,384.0
2019-02-15,336.0
2019-02-16,277.0
2019-02-17,179.0
2019-02-18,359.0
2019-02-19,330.0
2019-02-20,388.0
2019-02-21,314.0
2019-02-22,383.0
2019-02-23,271.0
2019-02-24,162.0
2019-02-25,399.0
2019-02-26,385.0
2019-02-27,401.0
2019-02-28,346.0
2019-03-01,330.0
2019-03-02,256.0
2019-03-03,166.0
2019-03-04,343.0
2019-03-05,340.0
2019-03-06,359.0
2019-03-07,381.0
2019-03-08,390.0
2019-03-09,345.0
2019-03-10,169.0
2019-03-11,375.0
2019-03-12,338.0
2019-03-13,411.0
2019-03-14,393.0
2019-03-15,318.0
2019-03-16,259.0
2019-03-17,128.0
2019-03-18,430.0
2019-03-19,372.0
2019-03-20,378.0
2019-03-21,340.0
2019-03-22,366.0
2019-03-23,257.0
2019-03-24,175.0
2019-03-25,374.0
2019-03-26,332.0
2019-03-27,338.0
2019-03-28,302.0
2019-03-29,327.0
2019-03-30,242.0
2019-03-31,154.0
2019-04-01,371.0
2019-04-02,330.0
2019-04-03,349.0
2019-04-04,344.0
2019-04-05,365.0
2019-04-06,217.0
2019-04-07,142.0
2019-04-08,298.0
2019-04-09,293.0
2019-04-10,318.0
2019-04-11,323.0
2019-04-12,305.0
2019-04-13,220.0
2019-04-14,153.0
2019-04-15,366.0
2019-04-16,299.0
2019-04-17,335.0
2019-04-18,347.0
2019-04-19,159.0
2019-04-20,208.0
2019-04-21,172.0
2019-04-22,338.0
2019-04-23,286.0
2019-04-24,215.0
2019-04-25,274.0
2019-04-26,326.0
2019-04-27,261.0
2019-04-28,138.0
2019-04-29,301.0
2019-04-30,268.0
2019-05-01,149.0
2019-05-02,317.0
2019-05-03,238.0
2019-05-04,128.0
2019-05-05,147.0
2019-05-06,343.0
2019-05-07,299.0
2019-05-08,305.0
2019-05-09,286.0
2019-05-10,261.0
2019-05-11,232.0
2019-05-12,117.0
2019-05-13,316.0
2019-05-14,318.0
2019-05-15,287.0
2019-05-16,269.0
2019-05-17,259.0
2019-05-18,199.0
2019-05-19,104.0
2019-05-20,264.0
2019-05-21,138.0
2019-05-22,269.0
2019-05-23,281.0
2019-05-24,279.0
2019-05-25,188.0
2019-05-26,132.0
2019-05-27,283.0
2019-05-28,275.0
2019-05-29,143.0
2019-05-30,137.0
2019-05-31,176.0
2019-06-01,148.0
2019-06-02,136.0
2019-06-03,264.0
2019-06-04,218.0
2019-06-05,236.0
2019-06-06,227.0
2019-06-07,286.0
2019-06-08,163.0
2019-06-09,139.0
2019-06-10,291.0
2019-06-11,190.0
2019-06-12,144.0
2019-06-13,190.0
2019-06-14,185.0
2019-06-15,203.0
2019-06-16,91.0
2019-06-17,234.0
2019-06-18,278.0
2019-06-19,267.0
2019-06-20,221.0
2019-06-21,253.0
2019-06-22,185.0
2019-06-23,97.0
2019-06-24,149.0
2019-06-25,265.0
2019-06-26,241.0
2019-06-27,186.0
2019-06-28,219.0
2019-06-29,77.0
2019-06-30,110.0
2019-07-01,252.0
2019-07-02,235.0
2019-07-03,246.0
2019-07-04,220.0
2019-07-05,226.0
2019-07-06,171.0
2019-07-07,114.0
2019-07-08,318.0
2019-07-09,238.0
2019-07-10,205.0
2019-07-11,230.0
2019-07-12,235.0
2019-07-13,168.0
2019-07-14,88.0
2019-07-15,286.0
2019-07-16,155.0
2019-07-17,312.0
2019-07-18,253.0
2019-07-19,276.0
2019-07-20,152.0
2019-07-21,87.0
2019-07-22,282.0
2019-07-23,268.0
2019-07-24,283.0
2019-07-25,260.0
2019-07-26,281.0
2019-07-27,193.0
2019-07-28,84.0
2019-07-29,269.0
2019-07-30,251.0
2019-07-31,267.0
2019-08-01,226.0
2019-08-02,265.0
2019-08-03,200.0
2019-08-04,115.0
2019-08-05,280.0
2019-08-06,241.0
2019-08-07,284.0
2019-08-08,240.0
2019-08-09,245.0
2019-08-10,143.0
2019-08-11,99.0
2019-08-12,264.0
2019-08-13,278.0
2019-08-14,249.0
2019-08-15,123.0
2019-08-16,263.0
2019-08-17,173.0
2019-08-18,119.0
2019-08-19,294.0
2019-08-20,297.0
2019-08-21,281.0
2019-08-22,273.0
2019-08-23,346.0
2019-08-24,217.0
2019-08-25,114.0
2019-08-26,288.0
2019-08-27,307.0
2019-08-28,285.0
2019-08-29,259.0
2019-08-30,280.0
2019-08-31,198.0
2019-09-01,108.0
2019-09-02,278.0
2019-09-03,320.0
2019-09-04,280.0
2019-09-05,283.0
2019-09-06,273.0
2019-09-07,84.0
2019-09-08,117.0
2019-09-09,207.0
2019-09-10,303.0
2019-09-11,301.0
2019-09-12,308.0
2019-09-13,343.0
2019-09-14,196.0
2019-09-15,135.0
2019-09-16,328.0
2019-09-17,249.0
2019-09-18,87.0
2019-09-19,101.0
2019-09-20,122.0
2019-09-21,159.0
2019-09-22,123.0
2019-09-23,312.0
2019-09-24,286.0
2019-09-25,328.0
2019-09-26,280.0
2019-09-27,299.0
2019-09-28,186.0
2019-09-29,124.0
2019-09-30,179.0
2019-10-01,276.0
2019-10-02,247.0
2019-10-03,265.0
2019-10-04,301.0
2019-10-05,209.0
2019-10-06,132.0
2019-10-07,329.0
2019-10-08,350.0
2019-10-09,385.0
2019-10-10,322.0
2019-10-11,313.0
2019-10-12,157.0
2019-10-13,108.0
2019-10-14,253.0
2019-10-15,323.0
2019-10-16,308.0
2019-10-17,321.0
2019-10-18,359.0
2019-10-19,189.0
2019-10-20,136.0
2019-10-21,358.0
2019-10-22,348.0
2019-10-23,359.0
2019-10-24,379.0
2019-10-25,363.0
2019-10-26,330.0
2019-10-27,150.0
2019-10-28,344.0
2019-10-29,352.0
2019-10-30,338.0
2019-10-31,219.0
2019-11-01,164.0
2019-11-02,267.0
2019-11-03,159.0
2019-11-04,361.0
2019-11-05,381.0
2019-11-06,392.0
2019-11-07,384.0
2019-11-08,387.0
2019-11-09,281.0
2019-11-10,159.0
2019-11-11,385.0
2019-11-12,343.0
2019-11-13,406.0
2019-11-14,314.0
2019-11-15,378.0
2019-11-16,252.0
2019-11-17,179.0
2019-11-18,407.0
2019-11-19,385.0
2019-11-20,407.0
2019-11-21,343.0
2019-11-22,338.0
2019-11-23,266.0
2019-11-24,152.0
2019-11-25,381.0
2019-11-26,367.0
2019-11-27,437.0
2019-11-28,359.0
2019-11-29,337.0
2019-11-30,278.0
2019-12-01,179.0
2019-12-02,399.0
2019-12-03,366.0
2019-12-04,411.0
2019-12-05,393.0
2019-12-06,374.0
2019-12-07,248.0
2019-12-08,128.0
2019-12-09,355.0
2019-12-10,352.0
2019-12-11,358.0
2019-12-12,312.0
2019-12-13,363.0
2019-12-14,231.0
2019-12-15,155.0
2019-12-16,379.0
2019-12-17,374.0
2019-12-18,356.0
2019-12-19,327.0
2019-12-20,299.0
2019-12-21,235.0
2019-12-22,152.0
2019-12-23,294.0
2019-12-24,283.0
2019-12-25,127.0
2019-12-26,361.0
2019-12-27,325.0
2019-12-28,283.0
2019-12-29,196.0
2019-12-30,301.0
2019-12-31,249.0
2020-01-01,101.0
2020-01-02,294.0
2020-01-03,332.0
2020-01-04,190.0
2020-01-05,162.0
2020-01-06,297.0
2020-01-07,323.0
2020-01-08,389.0
2020-01-09,328.0
2020-01-10,342.0
2020-01-11,216.0
2020-01-12,161.0
2020-01-13,325.0
2020-01-14,397.0
2020-01-15,391.0
2020-01-16,136.0
2020-01-17,
2020-01-18,
2020-01-19,
2020-01-20,
2020-01-21,386.0
2020-01-22,354.0
2020-01-23,385.0
2020-01-24,363.0
2020-01-25,271.0
2020-01-26,152.0
2020-01-27,373.0
2020-01-28,324.0
2020-01-29,341.0
2020-01-30,341.0
2020-01-31,315.0
2020-02-01,219.0
2020-02-02,219.0
2020-02-03,372.0
2020-02-04,362.0
2020-02-05,402.0
2020-02-06,353.0
2020-02-07,335.0
2020-02-08,269.0
2020-02-09,164.0
2020-02-10,383.0
2020-02-11,342.0
2020-02-12,414.0
2020-02-13,350.0
2020-02-14,402.0
2020-02-15,219.0
2020-02-16,135.0
2020-02-17,413.0
2020-02-18,395.0
2020-02-19,405.0
2020-02-20,376.0
2020-02-21,327.0
2020-02-22,255.0
2020-02-23,168.0
2020-02-24,348.0
2020-02-25,364.0
2020-02-26,354.0
2020-02-27,317.0
2020-02-28,300.0
2020-02-29,246.0
2020-03-01,128.0
2020-03-02,386.0
2020-03-03,376.0
2020-03-04,363.0
2020-03-05,344.0
2020-03-06,341.0
2020-03-07,238.0
2020-03-08,130.0
2020-03-09,375.0
2020-03-10,379.0
2020-03-11,382.0
2020-03-12,373.0
2020-03-13,386.0
2020-03-14,261.0
2020-03-15,176.0
2020-03-16,412.0
2020-03-17,354.0
2020-03-18,388.0
2020-03-19,288.0
2020-03-20,310.0
2020-03-21,166.0
2020-03-22,85.0
2020-03-23,261.0
2020-03-24,207.0
2020-03-25,259.0
2020-03-26,244.0
2020-03-27,229.0
2020-03-28,212.0
2020-03-29,121.0
2020-03-30,280.0
2020-03-31,214.0
2020-04-01,227.0
2020-04-02,254.0
2020-04-03,259.0
2020-04-04,174.0
2020-04-05,123.0
2020-04-06,275.0
2020-04-07,234.0
2020-04-08,238.0
2020-04-09,261.0
2020-04-10,112.0
2020-04-11,151.0
2020-04-12,111.0
2020-04-13,320.0
2020-04-14,261.0
2020-04-15,291.0
2020-04-16,244.0
2020-04-17,275.0
2020-04-18,188.0
2020-04-19,156.0
2020-04-20,308.0
2020-04-21,267.0
2020-04-22,315.0
2020-04-23,211.0
2020-04-24,135.0
2020-04-25,173.0
2020-04-26,97.0
2020-04-27,243.0
2020-04-28,192.0
2020-04-29,226.0
2020-04-30,255.0
2020-05-01,122.0
2020-05-02,153.0
2020-05-03,101.0
2020-05-04,279.0
2020-05-05,221.0
2020-05-06,267.0
2020-05-07,233.0
2020-05-08,204.0
2020-05-09,273.0
2020-05-10,160.0
2020-05-11,250.0
2020-05-12,243.0
2020-05-13,265.0
2020-05-14,256.0
2020-05-15,279.0
2020-05-16,188.0
2020-05-17,146.0
2020-05-18,245.0
2020-05-19,193.0
2020-05-20,137.0
2020-05-21,128.0
2020-05-22,268.0
2020-05-23,175.0
2020-05-24,158.0
2020-05-25,263.0
2020-05-26,235.0
2020-05-27,221.0
2020-05-28,191.0
2020-05-29,164.0
2020-05-30,183.0
2020-05-31,137.0
2020-06-01,198.0
2020-06-02,212.0
2020-06-03,207.0
2020-06-04,201.0
2020-06-05,223.0
2020-06-06,171.0
2020-06-07,132.0
2020-06-08,229.0
2020-06-09,214.0
2020-06-10,224.0
2020-06-11,142.0
2020-06-12,130.0
2020-06-13,184.0
2020-06-14,133.0
2020-06-15,173.0
2020-06-16,151.0
2020-06-17,61.0
2020-06-18,201.0
2020-06-19,81.0
2020-06-20,113.0
2020-06-21,100.0
2020-06-22,58.0
2020-06-23,106.0
2020-06-24,61.0
2020-06-25,185.0
2020-06-26,173.0
2020-06-27,155.0
2020-06-28,71.0
2020-06-29,16.0
2020-06-30,168.0
2020-07-01,196.0
2020-07-02,199.0
2020-07-03,137.0
2020-07-04,56.0
2020-07-05,114.0
2020-07-06,236.0
2020-07-07,209.0
2020-07-08,164.0
2020-07-09,185.0
2020-07-10,242.0
2020-07-11,183.0
2020-07-12,161.0
2020-07-13,210.0
2020-07-14,225.0
2020-07-15,233.0
2020-07-16,119.0
2020-07-17,164.0
2020-07-18,111.0
2020-07-19,154.0
2020-07-20,225.0
2020-07-21,73.0
2020-07-22,235.0
2020-07-23,232.0
2020-07-24,228.0
2020-07-25,175.0
2020-07-26,158.0
2020-07-27,232.0
2020-07-28,204.0
2020-07-29,246.0
2020-07-30,221.0
2020-07-31,204.0
2020-08-01,196.0
2020-08-02,146.0
2020-08-03,233.0
2020-08-04,225.0
2020-08-05,184.0
2020-08-06,266.0
2020-08-07,251.0
2020-08-08,203.0
2020-08-09,178.0
2020-08-10,219.0
2020-08-11,183.0
2020-08-12,214.0
2020-08-13,215.0
2020-08-14,215.0
2020-08-15,185.0
2020-08-16,139.0
2020-08-17,227.0
2020-08-18,200.0
2020-08-19,231.0
2020-08-20,218.0
2020-08-21,234.0
2020-08-22,209.0
2020-08-23,171.0
2020-08-24,186.0
2020-08-25,54.0
2020-08-26,217.0
2020-08-27,268.0
2020-08-28,191.0
2020-08-29,227.0
2020-08-30,193.0
2020-08-31,320.0
2020-09-01,337.0
2020-09-02,93.0
2020-09-03,116.0
2020-09-04,124.0
2020-09-05,80.0
2020-09-06,44.0
2020-09-07,114.0
2020-09-08,119.0
2020-09-09,173.0
2020-09-10,170.0
2020-09-11,165.0
2020-09-12,118.0
2020-09-13,72.0
2020-09-14,145.0
2020-09-15,151.0
2020-09-16,204.0
2020-09-17,164.0
2020-09-18,105.0
2020-09-19,84.0
2020-09-20,75.0
2020-09-21,159.0
2020-09-22,174.0
2020-09-23,170.0
2020-09-24,156.0
2020-09-25,155.0
2020-09-26,150.0
2020-09-27,97.0
2020-09-28,216.0
2020-09-29,184.0
2020-09-30,201.0
2020-10-01,194.0
2020-10-02,173.0
2020-10-03,139.0
2020-10-04,113.0
2020-10-05,303.0
2020-10-06,291.0
2020-10-07,292.0
2020-10-08,238.0
2020-10-09,273.0
2020-10-10,170.0
2020-10-11,97.0
2020-10-12,102.0
2020-10-13,303.0
2020-10-14,266.0
2020-10-15,307.0
2020-10-16,267.0
2020-10-17,163.0
2020-10-18,113.0
2020-10-19,298.0
2020-10-20,297.0
2020-10-21,343.0
2020-10-22,329.0
2020-10-23,297.0
2020-10-24,249.0
2020-10-25,354.0
2020-10-26,250.0
2020-10-27,254.0
2020-10-28,275.0
2020-10-29,270.0
2020-10-30,269.0
2020-10-31,167.0
2020-11-01,165.0
2020-11-02,327.0
2020-11-03,337.0
2020-11-04,287.0
2020-11-05,330.0
2020-11-06,290.0
2020-11-07,260.0
2020-11-08,192.0
2020-11-09,319.0
2020-11-10,332.0
2020-11-11,333.0
2020-11-12,290.0
2020-11-13,286.0
2020-11-14,246.0
2020-11-15,197.0
2020-11-16,340.0
2020-11-17,277.0
2020-11-18,329.0
2020-11-19,335.0
2020-11-20,268.0
2020-11-21,287.0
2020-11-22,164.0
2020-11-23,305.0
2020-11-24,302.0
2020-11-25,356.0
2020-11-26,357.0
2020-11-27,258.0
2020-11-28,268.0
2020-11-29,232.0
2020-11-30,318.0
2020-12-01,315.0
2020-12-02,336.0
2020-12-03,301.0
2020-12-04,317.0
2020-12-05,224.0
2020-12-06,142.0
2020-12-07,306.0
2020-12-08,170.0
2020-12-09,288.0
2020-12-10,329.0
2020-12-11,297.0
2020-12-12,239.0
2020-12-13,174.0
2020-12-14,319.0
2020-12-15,311.0
2020-12-16,320.0
2020-12-17,270.0
2020-12-18,275.0
2020-12-19,247.0
2020-12-20,176.0
2020-12-21,298.0
2020-12-22,313.0
2020-12-23,332.0
2020-12-24,233.0
2020-12-25,105.0
2020-12-26,226.0
2020-12-27,189.0
2020-12-28,324.0
2020-12-29,297.0
2020-12-30,335.0
2020-12-31,244.0
2021-01-01,122.0
2021-01-02,219.0
2021-01-03,175.0
2021-01-04,323.0
2021-01-05,321.0
2021-01-06,350.0
2021-01-07,322.0
2021-01-08,269.0
2021-01-09,217.0
2021-01-10,172.0
2021-01-11,281.0
2021-01-12,286.0
2021-01-13,341.0
2021-01-14,295.0
2021-01-15,317.0
2021-01-16,121.0
2021-01-17,102.0
2021-01-18,325.0
2021-01-19,275.0
2021-01-20,315.0
2021-01-21,271.0
2021-01-22,332.0
2021-01-23,130.0
2021-01-24,89.0
2021-01-25,340.0
2021-01-26,298.0
2021-01-27,325.0
2021-01-28,347.0
2021-01-29,140.0
2021-01-30,76.0
2021-01-31,85.0
2021-02-01,298.0
2021-02-02,289.0
2021-02-03,319.0
2021-02-04,300.0
2021-02-05,329.0
2021-02-06,155.0
2021-02-07,84.0
2021-02-08,367.0
2021-02-09,283.0
2021-02-10,323.0
2021-02-11,285.0
2021-02-12,319.0
2021-02-13,144.0
2021-02-14,113.0
2021-02-15,370.0
2021-02-16,350.0
2021-02-17,386.0
2021-02-18,294.0
2021-02-19,253.0
2021-02-20,
2021-02-21,
2021-02-22,
2021-02-23,
2021-02-24,
2021-02-25,0.0
2021-02-26,0.0
2021-02-27,0.0
2021-02-28,
2021-03-01,
2021-03-02,0.0
2021-03-03,0.0
2021-03-04,
2021-03-05,0.0
2021-03-06,
2021-03-07,
2021-03-08,
2021-03-09,
2021-03-10,
2021-03-11,0.0
2021-03-12,
2021-03-13,
2021-03-14,
2021-03-15,
2021-03-16,
2021-03-17,
2021-03-18,
2021-03-19,
2021-03-20,
2021-03-21,
2021-03-22,
2021-03-23,
2021-03-24,
2021-03-25,
2021-03-26,
2021-03-27,
2021-03-28,
2021-03-29,
2021-03-30,
2021-03-31,
2021-04-01,
2021-04-02,
2021-04-03,
2021-04-04,
2021-04-05,
2021-04-06,
2021-04-07,
2021-04-08,
2021-04-09,
2021-04-10,
2021-04-11,
2021-04-12,
2021-04-13,
2021-04-14,
2021-04-15,
2021-04-16,
2021-04-17,
2021-04-18,
2021-04-19,
2021-04-20,
2021-04-21,
2021-04-22,
2021-04-23,
2021-04-24,
2021-04-25,
2021-04-26,
2021-04-27,
2021-04-28,
2021-04-29,
2021-04-30,
2021-05-01,
2021-05-02,0.0
2021-05-03,0.0
2021-05-04,
2021-05-05,0.0
2021-05-06,
2021-05-07,
2021-05-08,0.0
2021-05-09,0.0
2021-05-10,
2021-05-11,
2021-05-12,
2021-05-13,
2021-05-14,
2021-05-15,
2021-05-16,
2021-05-17,
2021-05-18,
2021-05-19,1.0
2021-05-20,
2021-05-21,
2021-05-22,
2021-05-23,
2021-05-24,
2021-05-25,
2021-05-26,
2021-05-27,
2021-05-28,
2021-05-29,
2021-05-30,
2021-05-31,
2021-06-01,
2021-06-02,
2021-06-03,
2021-06-04,
2021-06-05,
2021-06-06,
2021-06-07,
2021-06-08,
2021-06-09,
2021-06-10,
2021-06-11,
2021-06-12,
2021-06-13,
2021-06-14,
2021-06-15,
2021-06-16,
2021-06-17,
2021-06-18,
2021-06-19,
2021-06-20,
2021-06-21,
2021-06-22,
2021-06-23,
2021-06-24,
2021-06-25,
2021-06-26,
2021-06-27,
2021-06-28,
2021-06-29,
2021-06-30,
2021-07-01,
2021-07-02,
2021-07-03,
2021-07-04,
2021-07-05,
2021-07-06,
2021-07-07,
2021-07-08,
2021-07-09,
2021-07-10,
2021-07-11,
2021-07-12,
2021-07-13,
2021-07-14,
2021-07-15,
2021-07-16,
2021-07-17,
2021-07-18,
2021-07-19,
2021-07-20,
2021-07-21,
2021-07-22,
2021-07-23,
2021-07-24,
2021-07-25,
2021-07-26,
2021-07-27,
2021-07-28,
2021-07-29,
2021-07-30,
2021-07-31,
2021-08-01,
2021-08-02,
2021-08-03,
2021-08-04,
2021-08-05,
2021-08-06,
2021-08-07,
2021-08-08,
2021-08-09,
2021-08-10,
2021-08-11,
2021-08-12,
2021-08-13,
2021-08-14,
2021-08-15,
2021-08-16,
2021-08-17,
2021-08-18,
2021-08-19,
2021-08-20,
2021-08-21,
2021-08-22,
2021-08-23,
2021-08-24,
2021-08-25,
2021-08-26,
2021-08-27,
2021-08-28,
2021-08-29,
2021-08-30,
2021-08-31,
2021-09-01,
2021-09-02,
2021-09-03,
2021-09-04,
2021-09-05,
2021-09-06,
2021-09-07,
2021-09-08,
2021-09-09,
2021-09-10,
2021-09-11,
2021-09-12,
2021-09-13,
2021-09-14,
2021-09-15,
2021-09-16,
2021-09-17,
2021-09-18,
2021-09-19,
2021-09-20,
2021-09-21,
2021-09-22,
2021-09-23,
2021-09-24,
2021-09-25,
2021-09-26,
2021-09-27,
2021-09-28,
2021-09-29,0.0
2021-09-30,0.0
2021-10-01,0.0
2021-10-02,0.0
2021-10-03,0.0
2021-10-04,0.0
2021-10-05,0.0
2021-10-06,0.0
2021-10-07,256.0
2021-10-08,0.0
2021-10-09,0.0
2021-10-10,0.0
2021-10-11,0.0
2021-10-12,0.0
2021-10-13,
2021-10-14,
2021-10-15,
2021-10-16,
2021-10-17,
2021-10-18,
2021-10-19,
2021-10-20,
2021-10-21,
2021-10-22,
2021-10-23,
2021-10-24,
2021-10-25,
2021-10-26,
2021-10-27,
2021-10-28,
2021-10-29,
2021-10-30,
2021-10-31,
2021-11-01,
2021-11-02,
2021-11-03,
2021-11-04,
2021-11-05,
2021-11-06,
2021-11-07,
2021-11-08,
2021-11-09,
2021-11-10,
2021-11-11,
2021-11-12,
2021-11-13,
2021-11-14,
2021-11-15,
2021-11-16,
2021-11-17,
2021-11-18,
2021-11-19,
2021-11-20,
2021-11-21,
2021-11-22,
2021-11-23,
2021-11-24,
2021-11-25,
2021-11-26,
2021-11-27,
2021-11-28,
2021-11-29,
2021-11-30,
2021-12-01,
2021-12-02,
2021-12-03,
2021-12-04,
2021-12-05,
2021-12-06,
2021-12-07,
2021-12-08,
2021-12-09,
2021-12-10,
2021-12-11,
2021-12-12,
2021-12-13,
2021-12-14,
2021-12-15,
2021-12-16,
2021-12-17,
2021-12-18,
2021-12-19,
2021-12-20,
2021-12-21,0.0
2021-12-22,0.0
2021-12-23,0.0
2021-12-24,0.0
2021-12-25,0.0
2021-12-26,0.0
2021-12-27,0.0
2021-12-28,0.0
2021-12-29,0.0
2021-12-30,0.0
2021-12-31,0.0
2022-01-01,0.0
2022-01-02,0.0
2022-01-03,0.0
2022-01-04,0.0
2022-01-05,0.0
2022-01-06,0.0
2022-01-07,0.0
2022-01-08,0.0
2022-01-09,0.0
2022-01-10,0.0
2022-01-11,0.0
2022-01-12,0.0
2022-01-13,0.0
2022-01-14,0.0
2022-01-15,0.0
2022-01-16,0.0
2022-01-17,0.0
2022-01-18,
2022-01-19,
2022-01-20,
2022-01-21,
2022-01-22,
2022-01-23,
2022-01-24,
2022-01-25,
2022-01-26,
2022-01-27,
2022-01-28,
2022-01-29,
2022-01-30,
2022-01-31,
2022-02-01,
2022-02-02,
2022-02-03,
2022-02-04,
2022-02-05,
2022-02-06,
2022-02-07,
2022-02-08,
2022-02-09,
2022-02-10,
2022-02-11,
2022-02-12,
2022-02-13,
2022-02-14,
2022-02-15,
2022-02-16,
2022-02-17,
2022-02-18,
2022-02-19,
2022-02-20,
2022-02-21,
2022-02-22,
2022-02-23,
2022-02-24,
2022-02-25,
2022-02-26,
2022-02-27,
2022-02-28,
2022-03-01,
2022-03-02,
2022-03-03,
2022-03-04,
2022-03-05,
2022-03-06,
2022-03-07,
2022-03-08,
2022-03-09,
2022-03-10,
2022-03-11,
2022-03-12,
2022-03-13,
2022-03-14,
2022-03-15,
2022-03-16,
2022-03-17,
2022-03-18,
2022-03-19,
2022-03-20,
2022-03-21,
2022-03-22,
2022-03-23,
2022-03-24,
2022-03-25,
2022-03-26,
2022-03-27,
2022-03-28,
2022-03-29,
2022-03-30,
2022-03-31,
2022-04-01,
2022-04-02,
2022-04-03,
2022-04-04,
2022-04-05,
2022-04-06,
2022-04-07,
2022-04-08,
2022-04-09,
2022-04-10,
2022-04-11,
2022-04-12,
2022-04-13,
2022-04-14,
2022-04-15,
2022-04-16,
2022-04-17,
2022-04-18,
2022-04-19,
2022-04-20,
2022-04-21,
2022-04-22,
2022-04-23,
2022-04-24,
2022-04-25,
2022-04-26,
2022-04-27,
2022-04-28,
2022-04-29,
2022-04-30,
2022-05-01,
2022-05-02,
2022-05-03,
2022-05-04,
2022-05-05,
2022-05-06,
2022-05-07,
2022-05-08,
2022-05-09,
2022-05-10,8.0
2022-05-11,0.0
2022-05-12,0.0
2022-05-13,0.0
2022-05-14,0.0
2022-05-15,0.0
2022-05-16,0.0
2022-05-17,0.0
2022-05-18,0.0
2022-05-19,0.0
2022-05-20,0.0
2022-05-21,0.0
2022-05-22,0.0
2022-05-23,0.0
2022-05-24,
2022-05-25,
2022-05-26,
2022-05-27,
2022-05-28,
2022-05-29,
2022-05-30,
2022-05-31,
2022-06-01,
2022-06-02,
2022-06-03,
2022-06-04,
2022-06-05,
2022-06-06,
2022-06-07,
2022-06-08,
2022-06-09,
2022-06-10,
2022-06-11,
2022-06-12,
2022-06-13,
2022-06-14,
2022-06-15,
2022-06-16,
2022-06-17,
2022-06-18,
2022-06-19,
2022-06-20,
2022-06-21,
2022-06-22,
2022-06-23,
2022-06-24,
2022-06-25,
2022-06-26,
2022-06-27,
2022-06-28,
2022-06-29,
2022-06-30,
2022-07-01,
2022-07-02,
2022-07-03,
2022-07-04,
2022-07-05,
2022-07-06,
2022-07-07,
2022-07-08,
2022-07-09,
2022-07-10,
2022-07-11,
2022-07-12,
2022-07-13,
2022-07-14,
2022-07-15,
2022-07-16,
2022-07-17,
2022-07-18,
2022-07-19,
2022-07-20,
2022-07-21,
2022-07-22,
2022-07-23,
2022-07-24,
2022-07-25,
2022-07-26,
2022-07-27,
2022-07-28,
2022-07-29,
2022-07-30,
2022-07-31,
2022-08-01,
2022-08-02,
2022-08-03,
2022-08-04,
2022-08-05,
2022-08-06,
2022-08-07,
2022-08-08,
2022-08-09,
2022-08-10,
2022-08-11,
2022-08-12,
2022-08-13,
2022-08-14,
2022-08-15,
2022-08-16,
2022-08-17,
2022-08-18,
2022-08-19,
2022-08-20,
2022-08-21,
2022-08-22,
2022-08-23,
2022-08-24,
2022-08-25,
2022-08-26,
2022-08-27,
2022-08-28,
2022-08-29,
2022-08-30,
2022-08-31,
2022-09-01,
2022-09-02,
2022-09-03,
2022-09-04,
2022-09-05,
2022-09-06,
2022-09-07,
2022-09-08,
2022-09-09,
2022-09-10,
2022-09-11,
2022-09-12,
2022-09-13,
2022-09-14,
2022-09-15,
2022-09-16,
2022-09-17,
2022-09-18,
2022-09-19,
2022-09-20,
2022-09-21,
2022-09-22,
2022-09-23,
2022-09-24,
2022-09-25,
2022-09-26,
2022-09-27,
2022-09-28,
2022-09-29,
2022-09-30,
2022-10-01,
2022-10-02,
2022-10-03,
2022-10-04,
2022-10-05,
2022-10-06,
2022-10-07,
2022-10-08,
2022-10-09,
2022-10-10,
2022-10-11,
2022-10-12,
2022-10-13,
2022-10-14,
2022-10-15,
2022-10-16,
2022-10-17,
2022-10-18,
2022-10-19,
2022-10-20,
2022-10-21,
2022-10-22,
2022-10-23,
2022-10-24,
2022-10-25,
2022-10-26,
2022-10-27,
2022-10-28,
2022-10-29,
2022-10-30,
2022-10-31,
2022-11-01,
2022-11-02,
2022-11-03,
2022-11-04,
2022-11-05,
2022-11-06,
2022-11-07,
2022-11-08,
2022-11-09,
2022-11-10,
2022-11-11,
2022-11-12,
2022-11-13,
2022-11-14,
2022-11-15,
2022-11-16,
2022-11-17,99.0
2022-11-18,281.0
2022-11-19,203.0
2022-11-20,110.0
2022-11-21,337.0
2022-11-22,314.0
2022-11-23,315.0
2022-11-24,329.0
2022-11-25,300.0
2022-11-26,198.0
2022-11-27,116.0
2022-11-28,332.0
2022-11-29,330.0
2022-11-30,327.0
2022-12-01,290.0
2022-12-02,294.0
2022-12-03,201.0
2022-12-04,120.0
2022-12-05,334.0
2022-12-06,305.0
2022-12-07,365.0
2022-12-08,144.0
2022-12-09,242.0
2022-12-10,220.0
2022-12-11,130.0
2022-12-12,318.0
2022-12-13,308.0
2022-12-14,355.0
2022-12-15,350.0
2022-12-16,266.0
2022-12-17,184.0
2022-12-18,158.0
2022-12-19,311.0
2022-12-20,308.0
2022-12-21,345.0
2022-12-22,261.0
2022-12-23,328.0
2022-12-24,224.0
2022-12-25,122.0
2022-12-26,362.0
2022-12-27,333.0
2022-12-28,293.0
2022-12-29,277.0
2022-12-30,288.0
2022-12-31,176.0
2023-01-01,122.0
2023-01-02,140.0
2023-01-03,324.0
2023-01-04,316.0
2023-01-05,330.0
2023-01-06,326.0
2023-01-07,201.0
2023-01-08,127.0
2023-01-09,354.0
2023-01-10,328.0
2023-01-11,327.0
2023-01-12,280.0
2023-01-13,281.0
2023-01-14,209.0
2023-01-15,119.0
2023-01-16,302.0
2023-01-17,328.0
2023-01-18,351.0
2023-01-19,330.0
2023-01-20,299.0
2023-01-21,213.0
2023-01-22,125.0
2023-01-23,360.0
2023-01-24,325.0
2023-01-25,348.0
2023-01-26,316.0
2023-01-27,272.0
2023-01-28,204.0
2023-01-29,126.0
2023-01-30,373.0
2023-01-31,317.0
2023-02-01,377.0
2023-02-02,290.0
2023-02-03,294.0
2023-02-04,214.0
2023-02-05,98.0
2023-02-06,267.0
2023-02-07,335.0
2023-02-08,316.0
2023-02-09,302.0
2023-02-10,279.0
2023-02-11,216.0
2023-02-12,129.0
2023-02-13,325.0
2023-02-14,321.0
2023-02-15,320.0
2023-02-16,285.0
2023-02-17,321.0
2023-02-18,182.0
2023-02-19,106.0
2023-02-20,294.0
2023-02-21,245.0
2023-02-22,327.0
2023-02-23,278.0
2023-02-24,300.0
2023-02-25,213.0
2023-02-26,106.0
2023-02-27,286.0
2023-02-28,308.0
2023-03-01,336.0
2023-03-02,362.0
2023-03-03,310.0
2023-03-04,262.0
2023-03-05,102.0
2023-03-06,358.0
2023-03-07,352.0
2023-03-08,371.0
2023-03-09,360.0
2023-03-10,327.0
2023-03-11,228.0
2023-03-12,134.0
2023-03-13,351.0
2023-03-14,328.0
2023-03-15,359.0
2023-03-16,304.0
2023-03-17,396.0
2023-03-18,274.0
2023-03-19,144.0
2023-03-20,353.0
2023-03-21,346.0
2023-03-22,346.0
2023-03-23,360.0
2023-03-24,368.0
2023-03-25,274.0
2023-03-26,159.0
2023-03-27,326.0
2023-03-28,305.0
2023-03-29,372.0
2023-03-30,354.0
2023-03-31,305.0
2023-04-01,246.0
2023-04-02,119.0
2023-04-03,355.0
2023-04-04,351.0
2023-04-05,365.0
2023-04-06,319.0
2023-04-07,126.0
2023-04-08,138.0
2023-04-09,141.0
2023-04-10,361.0
2023-04-11,339.0
2023-04-12,303.0
2023-04-13,332.0
2023-04-14,270.0
2023-04-15,230.0
2023-04-16,97.0
2023-04-17,293.0
2023-04-18,290.0
2023-04-19,306.0
2023-04-20,315.0
2023-04-21,313.0
2023-04-22,209.0
2023-04-23,85.0
2023-04-24,258.0
2023-04-25,269.0
2023-04-26,302.0
2023-04-27,254.0
2023-04-28,221.0
2023-04-29,114.0
2023-04-30,78.0
2023-05-01,92.0
2023-05-02,296.0
2023-05-03,300.0
2023-05-04,278.0
2023-05-05,251.0
2023-05-06,146.0
2023-05-07,300.0
2023-05-08,296.0
2023-05-09,281.0
2023-05-10,318.0
2023-05-11,316.0
2023-05-12,285.0
2023-05-13,188.0
2023-05-14,102.0
2023-05-15,278.0
2023-05-16,265.0
2023-05-17,375.0
2023-05-18,297.0
2023-05-19,261.0
2023-05-20,161.0
2023-05-21,25.0
2023-05-22,170.0
2023-05-23,165.0
2023-05-24,250.0
2023-05-25,249.0
2023-05-26,255.0
2023-05-27,189.0
2023-05-28,55.0
2023-05-29,298.0
2023-05-30,276.0
2023-05-31,278.0
2023-06-01,262.0
2023-06-02,101.0
2023-06-03,154.0
2023-06-04,87.0
2023-06-05,291.0
2023-06-06,284.0
2023-06-07,274.0
2023-06-08,181.0
2023-06-09,214.0
2023-06-10,151.0
2023-06-11,72.0
2023-06-12,222.0
2023-06-13,220.0
2023-06-14,254.0
2023-06-15,243.0
2023-06-16,239.0
2023-06-17,147.0
2023-06-18,55.0
2023-06-19,222.0
2023-06-20,224.0
2023-06-21,98.0
2023-06-22,60.0
2023-06-23,56.0
2023-06-24,85.0
2023-06-25,46.0
2023-06-26,102.0
2023-06-27,256.0
2023-06-28,261.0
2023-06-29,234.0
2023-06-30,216.0
2023-07-01,193.0
2023-07-02,80.0
2023-07-03,262.0
2023-07-04,216.0
2023-07-05,246.0
2023-07-06,251.0
2023-07-07,202.0
2023-07-08,55.0
2023-07-09,84.0
2023-07-10,248.0
2023-07-11,67.0
2023-07-12,218.0
2023-07-13,200.0
2023-07-14,183.0
2023-07-15,140.0
2023-07-16,55.0
2023-07-17,233.0
2023-07-18,188.0
2023-07-19,227.0
2023-07-20,241.0
2023-07-21,66.0
2023-07-22,89.0
2023-07-23,57.0
2023-07-24,235.0
2023-07-25,221.0
2023-07-26,249.0
2023-07-27,223.0
2023-07-28,208.0
2023-07-29,192.0
2023-07-30,73.0
2023-07-31,214.0
2023-08-01,238.0
2023-08-02,260.0
2023-08-03,219.0
2023-08-04,267.0
2023-08-05,136.0
2023-08-06,78.0
2023-08-07,218.0
2023-08-08,247.0
2023-08-09,246.0
2023-08-10,84.0
2023-08-11,249.0
2023-08-12,179.0
2023-08-13,95.0
2023-08-14,257.0
2023-08-15,88.0
2023-08-16,235.0
2023-08-17,198.0
2023-08-18,275.0
2023-08-19,48.0
2023-08-20,18.0
2023-08-21,54.0
2023-08-22,36.0
2023-08-23,137.0
2023-08-24,240.0
2023-08-25,251.0
2023-08-26,160.0
2023-08-27,121.0
2023-08-28,247.0
2023-08-29,243.0
2023-08-30,258.0
2023-08-31,191.0
2023-09-01,232.0
2023-09-02,102.0
2023-09-03,72.0
2023-09-04,146.0
2023-09-05,203.0
2023-09-06,90.0
2023-09-07,255.0
2023-09-08,241.0
2023-09-09,107.0
2023-09-10,23.0
2023-09-11,236.0
2023-09-12,266.0
2023-09-13,251.0
2023-09-14,274.0
2023-09-15,253.0
2023-09-16,125.0
2023-09-17,91.0
2023-09-18,50.0
2023-09-19,55.0
2023-09-20,181.0
2023-09-21,255.0
2023-09-22,234.0
2023-09-23,170.0
2023-09-24,119.0
2023-09-25,280.0
2023-09-26,260.0
2023-09-27,269.0
2023-09-28,242.0
2023-09-29,272.0
2023-09-30,178.0
2023-10-01,105.0
2023-10-02,241.0
2023-10-03,282.0
2023-10-04,297.0
2023-10-05,257.0
2023-10-06,242.0
2023-10-07,169.0
2023-10-08,108.0
2023-10-09,116.0
2023-10-10,280.0
2023-10-11,295.0
2023-10-12,277.0
2023-10-13,275.0
2023-10-14,208.0
2023-10-15,104.0
2023-10-16,282.0
2023-10-17,274.0
2023-10-18,314.0
2023-10-19,267.0
2023-10-20,307.0
2023-10-21,196.0
2023-10-22,97.0
2023-10-23,263.0
2023-10-24,342.0
2023-10-25,298.0
2023-10-26,267.0
2023-10-27,111.0
2023-10-28,126.0
2023-10-29,24.0
2023-10-30,263.0
2023-10-31,234.0
2023-11-01,103.0
2023-11-02,288.0
2023-11-03,293.0
2023-11-04,259.0
2023-11-05,95.0
2023-11-06,325.0
2023-11-07,287.0
2023-11-08,299.0
2023-11-09,291.0
2023-11-10,78.0
2023-11-11,130.0
2023-11-12,103.0
2023-11-13,304.0
2023-11-14,318.0
2023-11-15,298.0
2023-11-16,302.0
2023-11-17,88.0
2023-11-18,187.0
2023-11-19,134.0
2023-11-20,306.0
2023-11-21,348.0
2023-11-22,332.0
2023-11-23,303.0
2023-11-24,306.0
2023-11-25,205.0
2023-11-26,110.0
2023-11-27,225.0
2023-11-28,294.0
2023-11-29,318.0
2023-11-30,282.0
2023-12-01,245.0
2023-12-02,172.0
2023-12-03,109.0
2023-12-04,294.0
2023-12-05,287.0
2023-12-06,319.0
2023-12-07,313.0
2023-12-08,144.0
2023-12-09,205.0
2023-12-10,75.0
2023-12-11,325.0
2023-12-12,303.0
2023-12-13,345.0
2023-12-14,321.0
2023-12-15,282.0
2023-12-16,208.0
2023-12-17,402.0
2023-12-18,296.0
2023-12-19,295.0
2023-12-20,313.0
2023-12-21,273.0
2023-12-22,245.0
2023-12-23,184.0
2023-12-24,83.0
2023-12-25,171.0
2023-12-26,342.0
2023-12-27,330.0
2023-12-28,351.0
2023-12-29,316.0
2023-12-30,244.0
2023-12-31,127.0
2024-01-01,68.0
2024-01-02,327.0
2024-01-03,286.0
2024-01-04,284.0
2024-01-05,271.0
2024-01-06,209.0
2024-01-07,142.0
2024-01-08,314.0
2024-01-09,317.0
2024-01-10,305.0
2024-01-11,266.0
2024-01-12,314.0
2024-01-13,190.0
2024-01-14,92.0
2024-01-15,327.0
2024-01-16,314.0
2024-01-17,296.0
2024-01-18,304.0
2024-01-19,295.0
2024-01-20,191.0
2024-01-21,131.0
2024-01-22,316.0
2024-01-23,297.0
2024-01-24,295.0
2024-01-25,305.0
2024-01-26,289.0
2024-01-27,199.0
2024-01-28,102.0
2024-01-29,352.0
2024-01-30,321.0
2024-01-31,286.0
2024-02-01,277.0
2024-02-02,248.0
2024-02-03,162.0
2024-02-04,113.0
2024-02-05,303.0
2024-02-06,290.0
2024-02-07,293.0
2024-02-08,264.0
2024-02-09,244.0
2024-02-10,187.0
2024-02-11,100.0
2024-02-12,301.0
2024-02-13,311.0
2024-02-14,277.0
2024-02-15,290.0
2024-02-16,254.0
2024-02-17,185.0
2024-02-18,105.0
2024-02-19,282.0
2024-02-20,298.0
2024-02-21,317.0
2024-02-22,218.0
2024-02-23,270.0
2024-02-24,160.0
2024-02-25,94.0
2024-02-26,321.0
2024-02-27,286.0
2024-02-28,297.0
2024-02-29,288.0
2024-03-01,287.0
2024-03-02,171.0
2024-03-03,124.0
2024-03-04,301.0
2024-03-05,354.0
2024-03-06,337.0
2024-03-07,346.0
2024-03-08,276.0
2024-03-09,204.0
2024-03-10,109.0
2024-03-11,296.0
2024-03-12,313.0
2024-03-13,317.0
2024-03-14,346.0
2024-03-15,317.0
2024-03-16,209.0
2024-03-17,104.0
2024-03-18,332.0
2024-03-19,305.0
2024-03-20,311.0
2024-03-21,323.0
2024-03-22,314.0
2024-03-23,202.0
2024-03-24,109.0
2024-03-25,327.0
2024-03-26,333.0
2024-03-27,314.0
2024-03-28,319.0
2024-03-29,128.0
2024-03-30,159.0
2024-03-31,140.0
2024-04-01,346.0
2024-04-02,286.0
2024-04-03,280.0
2024-04-04,323.0
2024-04-05,392.0
2024-04-06,257.0
2024-04-07,
