Time,San Juan_predicho
2020-04-30,1162.2011037065226
2020-05-01,822.8915150042787
2020-05-02,865.3832415676382
2020-05-03,720.0240757517942
2020-05-04,1116.2020884231051
2020-05-05,1086.658281260751
2020-05-06,1115.3700875917752
2020-05-07,1107.1215584318554
2020-05-08,1100.0794227699134
2020-05-09,930.0127191487683
2020-05-10,719.4820609817465
2020-05-11,1062.789115690832
2020-05-12,992.9792938526301
2020-05-13,1039.3579936899828
2020-05-14,1059.344117369419
2020-05-15,1097.2078365019433
2020-05-16,969.7547922872114
2020-05-17,745.020481564361
2020-05-18,1055.1503144460846
2020-05-19,890.1495116970261
2020-05-20,605.6309735711361
2020-05-21,732.5079963154399
2020-05-22,976.4615721517875
2020-05-23,848.6575196589629
2020-05-24,638.3116081704106
2020-05-25,1024.8499900426052
2020-05-26,1118.1026164416214
2020-05-27,939.2074693438686
2020-05-28,855.0184330049151
2020-05-29,838.023538543779
2020-05-30,754.1218057958062
2020-05-31,628.4991749711751
2020-06-01,1038.4959753476596
2020-06-02,863.5619976636444
2020-06-03,833.6997898825508
2020-06-04,939.5273035197004
2020-06-05,974.3230071458199
2020-06-06,809.638126457708
2020-06-07,625.0347043760919
2020-06-08,898.433127074092
2020-06-09,869.3795164671471
2020-06-10,903.0169366075504
2020-06-11,845.0980586839399
2020-06-12,550.6281222626319
2020-06-13,861.1882089997198
2020-06-14,652.9001255768944
2020-06-15,938.1323628189349
2020-06-16,902.7022249225622
2020-06-17,399.37215352876245
2020-06-18,822.6563298835725
2020-06-19,395.16800928061355
2020-06-20,409.50570835429
2020-06-21,369.2201098142048
2020-06-22,306.7565322797339
2020-06-23,449.4948378384734
2020-06-24,424.15919862972055
2020-06-25,491.1065651488082
2020-06-26,576.8842118821583
2020-06-27,516.4031482196534
2020-06-28,348.6528229048714
2020-06-29,271.9854619553791
2020-06-30,583.086483945749
2020-07-01,456.66447921776677
2020-07-02,585.3342197180399
2020-07-03,621.7301239765794
2020-07-04,276.46271013949973
2020-07-05,406.4675987683115
2020-07-06,614.0771808826995
2020-07-07,600.945875307001
2020-07-08,395.31891865514604
2020-07-09,609.267128512322
2020-07-10,606.7685936758492
2020-07-11,528.1018559977058
2020-07-12,375.7955641684855
2020-07-13,691.2683332417784
2020-07-14,677.8250562572695
2020-07-15,727.52913073433
2020-07-16,489.44897342745236
2020-07-17,631.0004308152003
2020-07-18,541.8011316117421
2020-07-19,428.00730443087497
2020-07-20,659.465238606361
2020-07-21,302.6407645577127
2020-07-22,587.1776569032564
2020-07-23,618.5231626426178
2020-07-24,735.0184023769467
2020-07-25,523.1475659124843
2020-07-26,363.67310479831383
2020-07-27,615.6384217203392
2020-07-28,746.6050722744911
2020-07-29,714.0559478293949
2020-07-30,701.2601096416294
2020-07-31,678.945644108854
2020-08-01,541.6660248457542
2020-08-02,480.36723306024453
2020-08-03,694.69639565319
2020-08-04,717.7531249873913
2020-08-05,523.4504641783152
2020-08-06,695.3633452608549
2020-08-07,700.126497994929
2020-08-08,641.4212506944575
2020-08-09,468.32014568971033
2020-08-10,935.9509989566178
2020-08-11,895.1453902626389
2020-08-12,895.1713110148638
2020-08-13,897.9000931250824
2020-08-14,888.5648134175148
2020-08-15,563.5488567507634
2020-08-16,453.0491185167766
2020-08-17,973.7457945680592
2020-08-18,933.885288855244
2020-08-19,903.2951092496751
2020-08-20,1024.0243260992631
2020-08-21,1031.322645034615
2020-08-22,635.397072918273
2020-08-23,500.8824785738055
2020-08-24,931.7312022277422
2020-08-25,766.4689781026772
2020-08-26,894.061229863351
2020-08-27,1011.873486687699
2020-08-28,967.7124858430186
2020-08-29,625.0465370638749
2020-08-30,495.41606037033694
2020-08-31,966.9586703408205
2020-09-01,918.4415363566928
2020-09-02,1051.2071989963647
2020-09-03,1139.2975736395779
2020-09-04,1070.5148020987385
2020-09-05,649.3497570134765
2020-09-06,566.0602114698434
2020-09-07,1175.966581834089
2020-09-08,944.7076670453974
2020-09-09,1082.053638949846
2020-09-10,1120.5281502668686
2020-09-11,1155.0185115854292
2020-09-12,718.509622959891
2020-09-13,542.6629267729309
2020-09-14,1185.6203930195888
2020-09-15,1064.022601779742
2020-09-16,1114.5808318321042
2020-09-17,1087.2276118028649
2020-09-18,428.05923423608044
2020-09-19,419.2023376647645
2020-09-20,510.66226557643694
2020-09-21,1220.2887025189236
2020-09-22,1216.841040995835
2020-09-23,1197.7688461953014
2020-09-24,1235.5402381495617
2020-09-25,991.6427121669991
2020-09-26,697.7513295586026
2020-09-27,669.0979938332798
2020-09-28,1204.9046310020324
2020-09-29,1135.50820016251
2020-09-30,1111.1462671574473
2020-10-01,1206.4919194299039
2020-10-02,1187.6601285840472
2020-10-03,743.4604896399305
2020-10-04,627.1536855178222
2020-10-05,1278.5157705956522
2020-10-06,1294.751407539485
2020-10-07,1207.998751904545
2020-10-08,1177.5514495100438
2020-10-09,1329.8967589399208
2020-10-10,775.0140148557497
2020-10-11,606.301723703119
2020-10-12,764.3019792706267
2020-10-13,1265.3272625960867
2020-10-14,1296.7832610682967
2020-10-15,1255.0729467662122
2020-10-16,1286.660178426776
2020-10-17,816.595705386466
2020-10-18,794.2564949613587
2020-10-19,1338.8108772037294
2020-10-20,1319.6411211435213
2020-10-21,1488.9078471661614
2020-10-22,1319.5007224902467
2020-10-23,1355.8169773676832
2020-10-24,910.3643953084256
2020-10-25,1057.3447253933286
2020-10-26,1415.7067363667995
2020-10-27,1254.145790179685
2020-10-28,1370.5254299377614
2020-10-29,1380.6068317769493
2020-10-30,1299.2804201535537
2020-10-31,846.971236414325
2020-11-01,695.9324911590857
2020-11-02,1360.7506385879667
2020-11-03,1395.3591362464495
2020-11-04,1433.9310241792632
2020-11-05,1928.0026233723393
2020-11-06,1838.1820060156851
2020-11-07,1692.2636125539682
2020-11-08,1423.9858916686308
2020-11-09,1861.9629066500434
2020-11-10,1895.487224640613
2020-11-11,1926.2736488407331
2020-11-12,1767.969299878876
2020-11-13,1597.722496248493
2020-11-14,1412.3738894665757
2020-11-15,1222.1492469606987
2020-11-16,1853.4647350172095
2020-11-17,1667.963767070578
2020-11-18,1753.2845624478684
2020-11-19,1677.630309837929
2020-11-20,1630.7444582665407
2020-11-21,1341.0056015829773
2020-11-22,1202.7366236354605
2020-11-23,1722.5555791001889
2020-11-24,1857.0345911017375
2020-11-25,1808.8169201257028
2020-11-26,1640.592254648747
2020-11-27,1524.8977838376106
2020-11-28,1346.9337784945865
2020-11-29,1225.702351779109
2020-11-30,1682.0087823652314
2020-12-01,1649.599891198152
2020-12-02,1749.5126555226395
2020-12-03,1572.359579804925
2020-12-04,1439.2014046863392
2020-12-05,1157.7886122170503
2020-12-06,998.1371941381157
2020-12-07,1543.9364913533482
2020-12-08,1302.254181784479
2020-12-09,1622.2261153572908
2020-12-10,1538.3141143378198
2020-12-11,1596.141637030551
2020-12-12,1217.530847335867
2020-12-13,1100.1255523002696
2020-12-14,1479.5711368871516
2020-12-15,1608.0090889872054
2020-12-16,1598.9015932430302
2020-12-17,1420.043000435581
2020-12-18,1426.3404089857436
2020-12-19,1182.7875158560355
2020-12-20,1027.3299007004355
2020-12-21,1443.6328560407333
2020-12-22,1477.2000306935286
2020-12-23,1467.6438923582703
2020-12-24,1226.318029061413
2020-12-25,808.6901593480097
2020-12-26,1171.1054517747198
2020-12-27,1111.1974308778913
2020-12-28,1620.231865140669
2020-12-29,1596.7605304106444
2020-12-30,1586.3853612544817
2020-12-31,1184.8091011133488
2021-01-01,757.5316823484719
2021-01-02,1152.2214734264585
2021-01-03,1027.843223947201
2021-01-04,1651.319846371469
2021-01-05,1654.208353302001
2021-01-06,1564.583062377204
2021-01-07,1555.8260787853487
2021-01-08,1625.0883170003915
2021-01-09,1326.4052514887105
2021-01-10,1093.0339846595407
2021-01-11,1701.9620792253663
2021-01-12,1772.3582983748756
2021-01-13,1690.9240764889328
2021-01-14,1677.314441561673
2021-01-15,1563.6235020438323
2021-01-16,1348.4257803080677
2021-01-17,1193.4634689512807
2021-01-18,1701.3122887088366
2021-01-19,1756.9077818946944
2021-01-20,1704.6974751893972
2021-01-21,1652.1555746738013
2021-01-22,1615.3226373308275
2021-01-23,1285.2409909095659
2021-01-24,1233.6580815482528
2021-01-25,1578.9737940626633
2021-01-26,1773.6201877949893
2021-01-27,1664.9422473966451
2021-01-28,1713.0015733247687
2021-01-29,828.5832223303715
2021-01-30,653.699979323043
2021-01-31,632.1730975642726
2021-02-01,1632.5059481355586
2021-02-02,1713.410940617996
2021-02-03,1753.0935904719786
2021-02-04,1741.3948096406102
2021-02-05,1568.7282591625042
2021-02-06,827.7510023390935
2021-02-07,836.2162548306846
2021-02-08,1697.758211943042
2021-02-09,1640.5345175618563
2021-02-10,1693.2470534016684
2021-02-11,1556.764402537443
2021-02-12,1577.2743947009678
2021-02-13,1037.2535986885814
2021-02-14,947.0107901349072
2021-02-15,1587.8461584708227
2021-02-16,1466.7788648163164
2021-02-17,1521.371153703075
2021-02-18,1564.7815278323492
2021-02-19,1504.054933703138
2021-02-20,1313.1587346169908
2021-02-21,1134.8432441387265
2021-02-22,1565.9959495964456
2021-02-23,1805.6420664279751
2021-02-24,1624.3252783512353
2021-02-25,1743.8617970658697
2021-02-26,1469.3630856662435
2021-02-27,1307.7034754128777
2021-02-28,1088.0373381828915
2021-03-01,1675.4504872259251
2021-03-02,1707.9940924575749
2021-03-03,1748.341689183041
2021-03-04,1719.6357713532293
2021-03-05,1641.352364480496
2021-03-06,854.1477524541193
2021-03-07,831.3313540212791
2021-03-08,1796.5605452207155
2021-03-09,1848.470416970535
2021-03-10,1696.0735622706586
2021-03-11,1751.5760240949453
2021-03-12,1757.2850417993664
2021-03-13,981.073914963946
2021-03-14,913.795162568254
2021-03-15,1286.0877109353282
2021-03-16,1563.411589844954
2021-03-17,1624.2786556807562
2021-03-18,1480.6163183468732
2021-03-19,1468.9426669430422
2021-03-20,953.3995387923494
2021-03-21,776.5911344647398
2021-03-22,1699.256094215364
2021-03-23,1765.9548054563618
2021-03-24,1782.0591361585248
2021-03-25,1156.2379552778239
2021-03-26,1213.5677148825748
2021-03-27,723.6454314878424
2021-03-28,761.450110835576
2021-03-29,1383.3869816439599
2021-03-30,1322.853968907624
2021-03-31,1461.9690702669775
2021-04-01,1402.394184306921
2021-04-02,960.8056142055582
2021-04-03,1045.8382416138647
2021-04-04,992.1493941745628
2021-04-05,1404.963003168253
2021-04-06,1459.420972592525
2021-04-07,1544.4510098524718
2021-04-08,1388.5712420371024
2021-04-09,1498.0698121887008
2021-04-10,1182.1592572435375
2021-04-11,1041.3738903868532
2021-04-12,1561.2234467535673
2021-04-13,1591.5210349020545
2021-04-14,1538.028962699142
2021-04-15,1584.7286725722195
2021-04-16,1517.387756615889
2021-04-17,1234.9443710221185
2021-04-18,1115.4942179312193
2021-04-19,1419.1355394276975
2021-04-20,1484.560201831469
2021-04-21,1361.153214514174
2021-04-22,1580.4947685102766
2021-04-23,1510.287242670187
2021-04-24,1376.413384967895
2021-04-25,1330.3947320355496
2021-04-26,1539.6189335973147
2021-04-27,1593.0928747617077
2021-04-28,1524.5141720451902
2021-04-29,1517.4343792863679
2021-04-30,1323.1750712652904
2021-05-01,1075.2320961016312
2021-05-02,1070.4397627997305
2021-05-03,1465.885352847471
2021-05-04,1434.9472594041536
2021-05-05,1523.8624974642746
2021-05-06,1549.2623649207492
2021-05-07,1389.1668240819567
2021-05-08,1274.5833099027504
2021-05-09,976.3074831456447
2021-05-10,1392.4736831479393
2021-05-11,1475.8023731302358
2021-05-12,1411.7709063882478
2021-05-13,1384.9821328388525
2021-05-14,1381.0952326181755
2021-05-15,1171.1770233738785
2021-05-16,1139.905767558952
2021-05-17,1450.3653528688649
2021-05-18,1454.161597896944
2021-05-19,1071.1331445328326
2021-05-20,984.4894842220799
2021-05-21,942.1402350871429
2021-05-22,1094.8348808094465
2021-05-23,948.6399866912708
2021-05-24,1355.2956676253789
2021-05-25,1407.526641732865
2021-05-26,1466.0967782461628
2021-05-27,1372.989969225715
2021-05-28,1311.2139894324723
2021-05-29,1016.1802680323506
2021-05-30,946.363778555646
2021-05-31,1278.2802385652947
2021-06-01,838.9134834839978
2021-06-02,1335.6410799503649
2021-06-03,1265.1668448681676
2021-06-04,1237.4095839490528
2021-06-05,1095.5055771567388
2021-06-06,916.9932354031191
2021-06-07,1288.0505871583662
2021-06-08,1350.8183656565677
2021-06-09,1269.035614050325
2021-06-10,1360.4333053480427
2021-06-11,1308.6114986424611
2021-06-12,1172.7566336786115
2021-06-13,1094.5137784517801
2021-06-14,1208.6864258085789
2021-06-15,1085.6834255964686
2021-06-16,1231.2879179665101
2021-06-17,1217.7808977576383
2021-06-18,1171.0164341755622
2021-06-19,1118.2908938092596
2021-06-20,705.0551666718654
2021-06-21,1113.5520628950605
2021-06-22,1157.859007956316
2021-06-23,747.7799112800278
2021-06-24,1003.1885352691745
2021-06-25,364.19956757578757
2021-06-26,781.6588381816853
2021-06-27,802.3725684190166
2021-06-28,1025.2514286461706
2021-06-29,1212.272944858469
2021-06-30,1100.0993597627812
2021-07-01,1132.719778717372
2021-07-02,1138.8077727712357
2021-07-03,1080.276488483337
2021-07-04,992.4886275707489
2021-07-05,1257.6804748558006
2021-07-06,1196.7693764978796
2021-07-07,1181.6594346490351
2021-07-08,1251.6183822855364
2021-07-09,1154.5832306706525
2021-07-10,1160.1999698009392
2021-07-11,848.4300735767611
2021-07-12,1161.9970765289413
2021-07-13,1259.2704457539735
2021-07-14,1280.53572551404
2021-07-15,1054.119559055835
2021-07-16,918.5443540758928
2021-07-17,992.0276572016458
2021-07-18,1030.350214143435
2021-07-19,1201.6610261653152
2021-07-20,1381.408564530762
2021-07-21,1271.5137777190591
2021-07-22,1216.4913080302522
2021-07-23,1299.8795714248274
2021-07-24,791.5974703791867
2021-07-25,813.0233393375695
2021-07-26,1196.111630892387
2021-07-27,1247.0504251241273
2021-07-28,1336.614747616804
2021-07-29,1322.4189000221202
2021-07-30,1395.8374494388745
2021-07-31,1125.039223616976
2021-08-01,980.172771451585
2021-08-02,1329.185360868356
2021-08-03,1383.2781954128423
2021-08-04,1338.5102799824836
2021-08-05,1135.5967491945707
2021-08-06,1163.6336700975928
2021-08-07,1006.1302594553716
2021-08-08,706.6140557897189
2021-08-09,1300.4803337664014
2021-08-10,1306.2964382814373
2021-08-11,1338.1865874764571
2021-08-12,1180.3594843282096
2021-08-13,1064.415555688042
2021-08-14,984.5801394146778
2021-08-15,649.6131689877144
2021-08-16,856.9884608542789
2021-08-17,1081.1620911055384
2021-08-18,468.87383191730873
2021-08-19,682.4044616950953
2021-08-20,1015.7607400370064
2021-08-21,573.2114530110039
2021-08-22,973.7403637048155
2021-08-23,1009.2894800648377
2021-08-24,1154.6065420058922
2021-08-25,1177.4747434059311
2021-08-26,1236.4203753924542
2021-08-27,1125.583002694631
2021-08-28,1054.8187470350867
2021-08-29,1018.1897669258676
2021-08-30,1115.9162600359573
2021-08-31,1327.5668983382238
2021-09-01,1437.746525430554
2021-09-02,1343.3216350507612
2021-09-03,1140.4314155980878
2021-09-04,1115.6780424258088
2021-09-05,874.7993191308121
2021-09-06,1187.4858997575109
2021-09-07,1219.6842005683975
2021-09-08,1317.2734918543765
2021-09-09,1364.9365088004533
2021-09-10,1347.218895864878
2021-09-11,833.817288135093
2021-09-12,423.78740427764353
2021-09-13,789.7226592003866
2021-09-14,1318.9074952746682
2021-09-15,1283.785601316104
2021-09-16,1320.4663843925218
2021-09-17,917.935821289239
2021-09-18,672.1654483268069
2021-09-19,688.9016231508633
2021-09-20,1314.9687920867923
2021-09-21,1036.1896299937105
2021-09-22,1312.1436245767925
2021-09-23,1532.725555481442
2021-09-24,1440.3049836984462
2021-09-25,1061.603338919842
2021-09-26,1091.9190581068488
2021-09-27,1490.5523603960146
2021-09-28,1600.3694427569194
2021-09-29,1535.3341172960302
2021-09-30,1556.936040303923
2021-10-01,1478.3487713841855
2021-10-02,1227.500334111368
2021-10-03,1004.6914078899326
2021-10-04,1512.823280330697
2021-10-05,1572.747760280379
2021-10-06,1530.1964795733666
2021-10-07,1493.5681304702987
2021-10-08,1329.2043826347326
2021-10-09,1204.935104030476
2021-10-10,916.7196464437886
2021-10-11,1196.9697086494523
2021-10-12,1492.138041725325
2021-10-13,1587.7609759120485
2021-10-14,1020.2717139344968
2021-10-15,1428.4112457229865
2021-10-16,1215.1887675610667
2021-10-17,1135.040019375116
2021-10-18,1558.1444447042934
2021-10-19,1598.3884354953618
2021-10-20,1507.8815271165652
2021-10-21,1496.653305191678
2021-10-22,1488.5454516508576
2021-10-23,1148.207806187802
2021-10-24,1046.8170895770238
2021-10-25,1584.5525424837435
2021-10-26,1779.1407233075672
2021-10-27,1695.4261772586055
2021-10-28,1626.124975227597
2021-10-29,1496.9510962141048
2021-10-30,1154.611722302612
2021-10-31,913.1037450340821
2021-11-01,1126.6732270372677
2021-11-02,1599.072082584454
2021-11-03,1626.0990737439975
2021-11-04,1656.3992520408447
2021-11-05,1512.7446851520415
2021-11-06,1207.7723315544183
2021-11-07,1029.4283494441947
2021-11-08,1585.857673101289
2021-11-09,1657.9969933840973
2021-11-10,1678.2109010269262
2021-11-11,1530.407904972058
2021-11-12,1515.6087048874404
2021-11-13,1190.044358025403
2021-11-14,937.2744869033065
2021-11-15,1474.68106700728
2021-11-16,1595.5270059083227
2021-11-17,1643.1537607773605
2021-11-18,1524.9957875622067
2021-11-19,1448.008850134082
2021-11-20,1153.322132575226
2021-11-21,1113.9948261866782
2021-11-22,1585.5028988149434
2021-11-23,1584.912497066809
2021-11-24,1574.9660944242278
2021-11-25,1567.52375693398
2021-11-26,1513.148672257226
2021-11-27,1100.5551498351647
2021-11-28,1032.9811965654055
2021-11-29,1593.628883394283
2021-11-30,1592.9348757117514
2021-12-01,1525.9513241901263
2021-12-02,1555.5574948044418
2021-12-03,1464.1080005395254
2021-12-04,1096.0027335639152
2021-12-05,948.541561053593
2021-12-06,1597.0263216138976
2021-12-07,1345.727350604383
2021-12-08,1150.5306369939053
2021-12-09,1447.3407439351495
2021-12-10,1419.0034418613404
2021-12-11,935.6016312576157
2021-12-12,855.7299529072124
2021-12-13,1605.8022813536504
2021-12-14,1633.4870181186866
2021-12-15,1528.843835557485
2021-12-16,1434.1263344519848
2021-12-17,1434.1444654905044
2021-12-18,1057.32540233578
2021-12-19,1083.3787258288844
2021-12-20,1373.2618587645425
2021-12-21,1487.0496168215
2021-12-22,1602.921021307589
2021-12-23,1547.8933713220624
2021-12-24,1178.1230191458412
2021-12-25,779.1893356858882
2021-12-26,995.3198661053259
2021-12-27,1541.4894552072524
2021-12-28,1542.7194715223595
2021-12-29,1524.3777849099706
2021-12-30,1624.841456524788
2021-12-31,1167.5136906010475
2022-01-01,663.1728828916424
2022-01-02,886.3909765149822
2022-01-03,1579.793881110522
2022-01-04,1650.3691319787572
2022-01-05,1676.790180500007
2022-01-06,1614.6050333048597
2022-01-07,1649.6544031093456
2022-01-08,1203.5963014842512
2022-01-09,1035.8901395507808
2022-01-10,1584.3100353047325
2022-01-11,1771.766620402535
2022-01-12,1811.3606360331905
2022-01-13,1689.955377164333
2022-01-14,1572.7218587967795
2022-01-15,1204.6088213760895
2022-01-16,953.7707446967119
2022-01-17,1656.4597161809806
2022-01-18,1737.2782699863667
2022-01-19,1825.1282944595932
2022-01-20,1587.1498529770347
2022-01-21,1533.6966329995212
2022-01-22,1062.8514862734687
2022-01-23,878.9788300771964
2022-01-24,1525.3194800682334
2022-01-25,1635.7891277379108
2022-01-26,1653.5171012669261
2022-01-27,1516.3001224216123
2022-01-28,1504.7352572488987
2022-01-29,1205.5038938638734
2022-01-30,896.6938528644121
2022-01-31,1539.7846270533848
2022-02-01,1605.1497160448776
2022-02-02,1574.2125133294176
2022-02-03,1552.3309303376172
2022-02-04,1431.5834170742523
2022-02-05,1107.9068321328145
2022-02-06,839.9311836725559
2022-02-07,1533.6862724060816
2022-02-08,1533.0466578391085
2022-02-09,1584.2625219063964
2022-02-10,1568.7848550294063
2022-02-11,1468.6371054755355
2022-02-12,1138.5358832324082
2022-02-13,932.4501810932295
2022-02-14,1523.9936282638082
2022-02-15,1574.575058060843
2022-02-16,1659.59732487571
2022-02-17,1573.0083984979096
2022-02-18,1400.3354725945653
2022-02-19,1063.1440969991759
2022-02-20,919.8106324680392
2022-02-21,1543.321933284436
2022-02-22,1505.6959741735384
2022-02-23,1442.876392708138
2022-02-24,1426.078054323443
2022-02-25,1397.7070803209547
2022-02-26,1089.5107524048672
2022-02-27,962.048581262465
2022-02-28,1446.38261715887
2022-03-01,1607.7185349062095
2022-03-02,1656.9792931955392
2022-03-03,1664.079807141241
2022-03-04,1592.867531854393
2022-03-05,1126.8751825703769
2022-03-06,962.3489624332519
2022-03-07,1690.4645935854517
2022-03-08,1709.484746990213
2022-03-09,1774.2257623048922
2022-03-10,1716.6111624195141
2022-03-11,1668.5441583682525
2022-03-12,1238.0103462906268
2022-03-13,900.5367205629701
2022-03-14,1741.6726872076597
2022-03-15,1849.6175485381243
2022-03-16,1848.5791271626865
2022-03-17,1773.2236030064937
2022-03-18,1804.4689573378205
2022-03-19,1232.826085897484
2022-03-20,939.8018633908795
2022-03-21,1807.7007021013649
2022-03-22,1855.0788787668148
2022-03-23,1814.1978635571331
2022-03-24,1709.171415077626
2022-03-25,1634.1214523889398
2022-03-26,1180.393156256889
2022-03-27,951.4366625693112
2022-03-28,1811.84913126743
2022-03-29,1718.493744043394
2022-03-30,1775.4946308453984
2022-03-31,1660.229168997603
2022-04-01,1645.0389325496005
2022-04-02,1181.3046603626894
2022-04-03,926.5978145011544
2022-04-04,1766.0945974288322
2022-04-05,1887.549069116529
2022-04-06,1832.79330866983
2022-04-07,1837.959438024453
2022-04-08,1778.977543960891
2022-04-09,1134.307159467185
2022-04-10,858.011341339557
2022-04-11,1755.8037810933452
2022-04-12,1722.9503248253257
2022-04-13,1867.2496865778216
2022-04-14,1722.3651033739116
2022-04-15,912.7513271517514
2022-04-16,938.8305521284553
2022-04-17,928.205682693502
2022-04-18,1637.1742431713037
2022-04-19,1632.3447570645067
2022-04-20,1739.5593486354
2022-04-21,1585.0157932178959
2022-04-22,1279.7922712683244
2022-04-23,1094.3400047673192
2022-04-24,938.8305521284553
2022-04-25,1677.7419264683986
2022-04-26,1220.872540765401
2022-04-27,1033.4884798216767
2022-04-28,1536.7209321499258
2022-04-29,1580.1863071110988
2022-04-30,1053.7723214702241
2022-05-01,899.2287660527198
2022-05-02,1646.8332153848974
2022-05-03,1617.8562987441155
2022-05-04,1604.333737645084
2022-05-05,1442.0630044567042
2022-05-06,1470.0740238761268
2022-05-07,1137.8053797284924
2022-05-08,830.6500633362023
2022-05-09,1525.1301654936128
2022-05-10,1631.240435455681
2022-05-11,1613.0872767774545
2022-05-12,1524.2247324123891
2022-05-13,1521.327040748311
2022-05-14,1130.1386660977528
2022-05-15,941.7887079326694
2022-05-16,1612.1213795560948
2022-05-17,1650.7572684104712
2022-05-18,1517.4634518628736
2022-05-19,1494.2819185502476
2022-05-20,1273.0914548589444
2022-05-21,1030.6512522977346
2022-05-22,867.4146218879953
2022-05-23,1174.5699382802854
2022-05-24,1337.7461045498885
2022-05-25,1511.6076043945814
2022-05-26,1399.5635267168905
2022-05-27,1303.9397018023096
2022-05-28,934.0010660216583
2022-05-29,797.8095578099826
2022-05-30,1348.370973984842
2022-05-31,1422.745060029516
2022-06-01,1399.5635267168905
2022-06-02,1264.337915726574
2022-06-03,795.8777633672637
2022-06-04,826.7864744507647
2022-06-05,798.775455031342
2022-06-06,1394.7340406100934
2022-06-07,1444.9606961207824
2022-06-08,1331.2180950581462
2022-06-09,1393.8357209904373
2022-06-10,1426.3680749007904
2022-06-11,1072.8186101029296
2022-06-12,741.4252079840564
2022-06-13,1363.2040797424838
2022-06-14,1341.0298860249768
2022-06-15,1416.9887626711036
2022-06-16,1363.9395297987749
2022-06-17,1266.0058248198898
2022-06-18,900.4616062605318
2022-06-19,614.113189407565
2022-06-20,1091.134395231719
2022-06-21,805.1951457806565
2022-06-22,1212.5137526169774
2022-06-23,600.9013700727601
2022-06-24,1271.4438437133408
2022-06-25,1018.0421284693509
2022-06-26,782.3191739355377
2022-06-27,793.594018530904
2022-06-28,1360.3271092652853
2022-06-29,1402.526205834312
2022-06-30,1432.4716098448134
2022-07-01,520.371946116864
2022-07-02,853.7567160907345
2022-07-03,569.3556345706461
2022-07-04,1377.433599265847
2022-07-05,1428.0202093596017
2022-07-06,709.7836369926247
2022-07-07,1185.1604788030472
2022-07-08,1271.171954174513
2022-07-09,491.08428771185515
2022-07-10,245.96648005819566
2022-07-11,776.109442908757
2022-07-12,1270.5349297558998
2022-07-13,1018.6584317010845
2022-07-14,606.4015525268494
2022-07-15,609.2966540425676
2022-07-16,632.8122404546594
2022-07-17,540.3528164462646
2022-07-18,1282.4260775829998
2022-07-19,1290.8265418495273
2022-07-20,1304.7142378283443
2022-07-21,1314.005485013793
2022-07-22,1313.3710507435399
2022-07-23,1070.578664044344
2022-07-24,702.4060532113754
2022-07-25,1337.510710832445
2022-07-26,1359.7548385556706
2022-07-27,1300.4855140631212
2022-07-28,1383.5449046549502
2022-07-29,1341.3380376408436
2022-07-30,877.2282699807073
2022-07-31,841.2466748835411
2022-08-01,1371.8997448830785
2022-08-02,1510.1266534718707
2022-08-03,1406.7730606380546
2022-08-04,1447.6307645124966
2022-08-05,1362.3184771202828
2022-08-06,473.01190048993396
2022-08-07,603.2242008788637
2022-08-08,1460.8477641440215
2022-08-09,1490.485016538656
2022-08-10,1503.0779424933676
2022-08-11,1503.365372922355
2022-08-12,1371.0296831510368
2022-08-13,1041.8814073874692
2022-08-14,471.12413856933415
2022-08-15,787.1590206357746
2022-08-16,871.7902510872566
2022-08-17,1205.4650416384743
2022-08-18,1444.7822856672574
2022-08-19,1467.0186429454034
2022-08-20,1130.466881916987
2022-08-21,927.2685108484467
2022-08-22,1388.9984644385604
2022-08-23,1547.1699812797142
2022-08-24,1490.14578314247
2022-08-25,1608.047407708956
2022-08-26,1507.8711665231253
2022-08-27,1162.688494063113
2022-08-28,1011.7003759151794
2022-08-29,1667.5782611468933
2022-08-30,1594.4834042361651
2022-08-31,1560.3066863120807
2022-09-01,1493.701220412041
2022-09-02,1602.917540431372
2022-09-03,1419.925306560581
2022-09-04,1147.177155257444
2022-09-05,1733.0365954793438
2022-09-06,1734.8777347294647
2022-09-07,1409.6370803734537
2022-09-08,809.9313865464958
2022-09-09,1523.6440342741826
2022-09-10,1154.9405951053584
2022-09-11,714.2972010384751
2022-09-12,1614.1794342849385
2022-09-13,1553.6101594715633
2022-09-14,1599.3517425683613
2022-09-15,1430.2834667534266
2022-09-16,804.832601049231
2022-09-17,619.6107817132943
2022-09-18,465.0335543671106
2022-09-19,568.7678229708717
2022-09-20,1347.7574946458133
2022-09-21,1554.5890074347226
2022-09-22,1537.891684836065
2022-09-23,1450.2436158959476
2022-09-24,758.4021905666214
2022-09-25,833.2139356451592
2022-09-26,1585.8317716176896
2022-09-27,1788.1315893222286
2022-09-28,1757.7899686516225
2022-09-29,1697.5625173827937
2022-09-30,1644.1067072569203
2022-10-01,1157.170180570504
2022-10-02,1011.032269716247
2022-10-03,1530.0842124660319
2022-10-04,1520.1326295267306
2022-10-05,1596.4773622395226
2022-10-06,1654.1489453888194
2022-10-07,1719.5218048253919
2022-10-08,1224.5240472686344
2022-10-09,945.9934633791406
2022-10-10,1096.39117977894
2022-10-11,1789.405638159455
2022-10-12,1762.6867986157781
2022-10-13,1748.4935411694541
2022-10-14,1734.6783693447153
2022-10-15,1292.1731148408317
2022-10-16,986.2581753570887
2022-10-17,1785.4850660100985
2022-10-18,1754.0299857005825
2022-10-19,1844.798423024767
2022-10-20,1843.179960494635
2022-10-21,1732.3710794287713
2022-10-22,1291.556811609098
2022-10-23,1060.950773611069
2022-10-24,1880.5107187314657
2022-10-25,1866.682596164927
2022-10-26,1841.242985755196
2022-10-27,1945.2750453813844
2022-10-28,1739.4223805556344
2022-10-29,1121.437163676926
2022-10-30,863.775642887394
2022-10-31,959.8060450555195
2022-11-01,1020.049037214508
2022-11-02,1794.8514274979855
2022-11-03,1889.5223059330067
2022-11-04,1811.333843821734
2022-11-05,1269.6130650566597
2022-11-06,935.9641759890412
2022-11-07,1817.3855757985584
2022-11-08,1869.6139597576844
2022-11-09,1606.8251618389286
2022-11-10,1702.4904291272683
2022-11-11,1661.5420700602283
2022-11-12,945.2372921359703
2022-11-13,938.5329948503731
2022-11-14,1967.1825298567837
2022-11-15,1877.035576061053
2022-11-16,1925.9493305091164
2022-11-17,1844.6275603743916
2022-11-18,1746.6056675344478
2022-11-19,1138.6201781233676
2022-11-20,942.8589064424789
2022-11-21,1797.690410003949
2022-11-22,1854.2127290258186
2022-11-23,1945.8195963912622
2022-11-24,1898.083670755901
2022-11-25,1744.1448628481717
2022-11-26,1147.1323302512624
2022-11-27,931.0341650414182
2022-11-28,1777.5312069585684
2022-11-29,1835.4447737262667
2022-11-30,1787.5582156821974
2022-12-01,1791.6272684117982
2022-12-02,1686.7253854821424
2022-12-03,1116.0224519736894
2022-12-04,933.6679760403224
2022-12-05,1708.2780418865054
2022-12-06,1746.9723090246416
2022-12-07,1772.0376383582911
2022-12-08,1118.6375434863594
2022-12-09,1531.0261905119723
2022-12-10,1126.4523642645518
2022-12-11,894.5031499957049
2022-12-12,1715.144488765518
2022-12-13,1773.9328207048302
2022-12-14,1730.7144828207718
2022-12-15,1705.6739907013955
2022-12-16,1653.4143941027573
2022-12-17,1171.3086369524126
2022-12-18,872.7036066420451
2022-12-19,1640.753759024107
2022-12-20,1727.561983634499
2022-12-21,1657.7031336213413
2022-12-22,1704.4260239704658
2022-12-23,1533.3350255755756
2022-12-24,1027.301832140933
2022-12-25,736.8697550783393
2022-12-26,1693.9208360230934
2022-12-27,1751.3141542083242
2022-12-28,1765.8259776486452
2022-12-29,1703.7408164862748
2022-12-30,1574.0063685917587
2022-12-31,748.6516783544251
2023-01-01,599.0364730012919
2023-01-02,949.0873376868683
2023-01-03,1827.2860546495672
2023-01-04,1887.7357057812371
2023-01-05,1775.3183382434754
2023-01-06,1678.2570467164182
2023-01-07,1193.0482416272134
2023-01-08,928.4563268217973
2023-01-09,1730.510487049766
2023-01-10,1915.6879431130685
2023-01-11,1888.7340260180665
2023-01-12,1870.1841545539623
2023-01-13,1744.7360366523674
2023-01-14,1138.7435678133254
2023-01-15,966.3485183176554
2023-01-16,1773.8586438337113
2023-01-17,1903.5482170823807
2023-01-18,1806.3856906093376
2023-01-19,1851.6837921431468
2023-01-20,1729.5896866198518
2023-01-21,1239.067685884246
2023-01-22,997.0621068818075
2023-01-23,1764.818365108888
2023-01-24,1924.1781981941906
2023-01-25,1813.92558935926
2023-01-26,1951.9355321666212
2023-01-27,1661.026743953442
2023-01-28,1177.7967059965754
2023-01-29,928.9515190300433
2023-01-30,1789.2844732274375
2023-01-31,1772.3375964566214
2023-02-01,1923.0032364956728
2023-02-02,1694.1648943954565
2023-02-03,1546.033263966416
2023-02-04,1115.4814284196518
2023-02-05,825.728202684636
2023-02-06,1583.488568484472
2023-02-07,1629.6384200891057
2023-02-08,1655.2211846757289
2023-02-09,1607.3514164350286
2023-02-10,1537.9419618003906
2023-02-11,1106.1605137423508
2023-02-12,896.282751634617
2023-02-13,1625.8997812887249
2023-02-14,1650.6399652906305
2023-02-15,1721.9978387960984
2023-02-16,1676.867120937115
2023-02-17,1498.9759704986845
2023-02-18,1132.7101860349687
2023-02-19,930.8794551425676
2023-02-20,1562.129824223499
2023-02-21,1628.2175393674897
2023-02-22,1655.9320744835711
2023-02-23,1648.2490560728215
2023-02-24,1504.9441754955858
2023-02-25,1124.9985684228786
2023-02-26,933.1323519429528
2023-02-27,1631.9251156561768
2023-02-28,1641.604901378592
2023-03-01,1766.67871893548
2023-03-02,1639.2298292853932
2023-03-03,1681.9357813540055
2023-03-04,1127.7640356825932
2023-03-05,903.7278984331729
2023-03-06,1688.738927349737
2023-03-07,1948.9106310196419
2023-03-08,1929.711061360949
2023-03-09,1802.1594839391582
2023-03-10,1746.420851823848
2023-03-11,1120.225055095365
2023-03-12,955.1762691720513
2023-03-13,1966.0461625626265
2023-03-14,2027.359115465894
2023-03-15,1931.4349286491515
2023-03-16,1974.1918193069594
2023-03-17,1866.7758799192966
2023-03-18,1114.1334796771314
2023-03-19,938.2193087736202
2023-03-20,1942.58638355456
2023-03-21,1939.0945971874107
2023-03-22,1977.0261177658153
2023-03-23,1951.8476517662666
2023-03-24,1770.0367742878575
2023-03-25,1207.8747229678324
2023-03-26,938.6326459876092
2023-03-27,1882.0976225002914
2023-03-28,1916.7035107417887
2023-03-29,1914.1007470071388
2023-03-30,1865.1456962919483
2023-03-31,1691.5380817855705
2023-04-01,1109.4731222841422
2023-04-02,959.2764960039128
2023-04-03,1815.337942827174
2023-04-04,1900.315938691348
2023-04-05,1868.6325407909512
2023-04-06,1668.5736603610078
2023-04-07,987.185012295515
2023-04-08,1025.7698895073795
2023-04-09,896.1928877667062
2023-04-10,1933.0314941325112
2023-04-11,1958.439930439981
2023-04-12,1948.1934388398772
2023-04-13,1833.5143935720148
2023-04-14,1724.673530488658
2023-04-15,1144.0087650380312
2023-04-16,895.4572530665323
2023-04-17,1793.7515221721899
2023-04-18,1804.549067169256
2023-04-19,1860.1759191012577
2023-04-20,1787.021415724935
2023-04-21,1566.417349344939
2023-04-22,1130.6590256077445
2023-04-23,898.5199229009595
2023-04-24,1729.9243434144719
2023-04-25,1791.8234014157827
2023-04-26,1770.9039689057145
2023-04-27,1701.5842127637293
2023-04-28,1484.7556509563078
2023-04-29,480.9116188187039
2023-04-30,541.3025416474734
2023-05-01,840.5102091620536
2023-05-02,1532.4991664140512
2023-05-03,1588.2469639942829
2023-05-04,1607.6140289183681
2023-05-05,1490.719963106949
2023-05-06,920.4875692363521
2023-05-07,935.3884313605984
2023-05-08,1548.924599473881
2023-05-09,1634.823118802145
2023-05-10,1652.6330589159845
2023-05-11,1651.9531778351452
2023-05-12,1604.6034735330297
2023-05-13,1082.197752812333
2023-05-14,798.0721959801327
2023-05-15,1556.9911567475745
2023-05-16,1603.9910824161814
2023-05-17,1497.17834941182
2023-05-18,1615.7806838154054
2023-05-19,1500.5517762579136
2023-05-20,1010.441917607778
2023-05-21,567.0579625275839
2023-05-22,1213.2854413366565
2023-05-23,1460.7471124651888
2023-05-24,1533.3883504006224
2023-05-25,1451.0494188853884
2023-05-26,1368.4163893026641
2023-05-27,1050.213808365892
2023-05-28,721.1800450194393
2023-05-29,1511.9241283282636
2023-05-30,1517.0357722453864
2023-05-31,1519.0415051306504
2023-06-01,1509.474748504753
2023-06-02,1194.0207486811992
2023-06-03,906.4268862135324
2023-06-04,762.2754358621917
2023-06-05,1500.6844430033593
2023-06-06,1530.3801660036956
2023-06-07,1560.1734502637062
2023-06-08,1432.6412873097095
2023-06-09,742.1556389738596
2023-06-10,799.2917248637935
2023-06-11,664.9176022259169
2023-06-12,1338.1173675970847
2023-06-13,1340.0451576029768
2023-06-14,1254.2054396309297
2023-06-15,1361.4938042691108
2023-06-16,1346.2955589474548
2023-06-17,917.817184678519
2023-06-18,634.5315452293604
2023-06-19,1393.1501978793312
2023-06-20,1427.0357193661753
2023-06-21,875.0252230510048
2023-06-22,463.41978711033966
2023-06-23,460.13082065430285
2023-06-24,522.8946139843031
2023-06-25,640.0551120720053
2023-06-26,576.1281511940191
2023-06-27,1070.1167012998553
2023-06-28,1276.761411924959
2023-06-29,1254.2715153064532
2023-06-30,1286.187712091705
2023-07-01,890.1754892195916
2023-07-02,581.9415732387536
2023-07-03,1299.522867331777
2023-07-04,1420.825511482247
2023-07-05,1408.3885636082211
2023-07-06,1310.4208752187674
2023-07-07,1182.9406998758523
2023-07-08,739.2032194225216
2023-07-09,658.0146548412915
2023-07-10,1248.0251376674278
2023-07-11,1065.0247062579142
2023-07-12,686.8097152076002
2023-07-13,1285.979546508615
2023-07-14,1178.92506429324
2023-07-15,778.680259325709
2023-07-16,712.8339738684705
2023-07-17,1332.968120367772
2023-07-18,1343.4043502779962
2023-07-19,1390.2392439915634
2023-07-20,1451.3208315670686
2023-07-21,868.7254435124302
2023-07-22,425.3418232039371
2023-07-23,637.7983762100508
2023-07-24,1354.281437086784
2023-07-25,1383.393425977489
2023-07-26,1316.85186867707
2023-07-27,1458.789216647548
2023-07-28,1320.193003366886
2023-07-29,968.8928154677897
2023-07-30,743.3825842622737
2023-07-31,1456.48977023
2023-08-01,1452.394650641542
2023-08-02,1478.5542625393457
2023-08-03,1407.5342619262874
2023-08-04,1455.5628368246066
2023-08-05,938.6952671367696
2023-08-06,745.8941083777971
2023-08-07,1410.8727526830528
2023-08-08,1526.5174952809518
2023-08-09,1348.8654806153636
2023-08-10,904.1139006064701
2023-08-11,1232.4510853906565
2023-08-12,931.8493222846885
2023-08-13,836.230546807635
2023-08-14,1403.5863202201742
2023-08-15,817.8799869435893
2023-08-16,1368.4487930495088
2023-08-17,770.5722058935659
2023-08-18,1234.7716567989155
2023-08-19,283.14580938106997
2023-08-20,499.15662379686137
2023-08-21,691.6935711401446
2023-08-22,431.81038143717876
2023-08-23,960.7912064930152
2023-08-24,1287.8853856830438
2023-08-25,1418.0187327079661
2023-08-26,1057.328668073235
2023-08-27,864.3118309832914
2023-08-28,1368.2864050275198
2023-08-29,1556.320202703083
2023-08-30,1443.3998725119952
2023-08-31,1508.1826031450723
2023-09-01,1347.9750822316485
2023-09-02,504.3021628237975
2023-09-03,608.5925920679247
2023-09-04,832.2361478063007
2023-09-05,1146.681408993709
2023-09-06,483.1863203439203
2023-09-07,1165.5365304434306
2023-09-08,1186.551026386755
2023-09-09,803.1525389569881
2023-09-10,538.6622629013892
2023-09-11,1108.1065271087039
2023-09-12,1388.7378342634015
2023-09-13,1376.7622220250591
2023-09-14,1397.5712541242203
2023-09-15,1255.3506069995883
2023-09-16,914.841696241701
2023-09-17,534.9091515013606
2023-09-18,528.6431169447815
2023-09-19,529.867641481279
2023-09-20,1227.8374044528368
2023-09-21,1322.4314082989981
2023-09-22,1291.3562854880558
2023-09-23,1019.1711816237357
2023-09-24,925.501175036653
2023-09-25,1734.443180078984
2023-09-26,1593.4649501007955
2023-09-27,1543.507520927258
2023-09-28,1506.8813501263471
2023-09-29,1498.6601752757445
2023-09-30,1109.1011158533452
2023-10-01,696.1902915979356
2023-10-02,1369.8047892029335
2023-10-03,1301.0338118126263
2023-10-04,1548.4734397877542
2023-10-05,1499.557148976021
2023-10-06,1426.0644957414638
2023-10-07,1011.2451883785748
2023-10-08,862.3151174563164
2023-10-09,1032.1970246354874
2023-10-10,1544.1588373228217
2023-10-11,1723.017172433072
2023-10-12,1710.4995068874307
2023-10-13,1621.8789461407673
2023-10-14,1178.8275953555071
2023-10-15,933.4572203088724
2023-10-16,1648.8863189200083
2023-10-17,1677.1039973121128
2023-10-18,1564.7050915633856
2023-10-19,1681.3704704961578
2023-10-20,1569.8830688532316
2023-10-21,1054.69221314128
2023-10-22,895.5038757370112
2023-10-23,1557.2795976611972
2023-10-24,1676.258938169602
2023-10-25,1700.9629138791593
2023-10-26,1642.7345816417817
2023-10-27,939.4737930152346
2023-10-28,884.7455137158595
2023-10-29,421.6301501564817
2023-10-30,1341.167198280279
2023-10-31,1437.833429738499
2023-11-01,703.8979240418244
2023-11-02,1321.0940393098656
2023-11-03,1558.0881410506554
2023-11-04,1113.7330932049422
2023-11-05,951.4960086554304
2023-11-06,1604.8675388420868
2023-11-07,1708.3417465736175
2023-11-08,1603.906491166932
2023-11-09,1614.1113557493936
2023-11-10,592.487323934442
2023-11-11,830.4121098414385
2023-11-12,721.3047952131732
2023-11-13,1565.5188690342543
2023-11-14,1681.3354958695788
2023-11-15,1638.8347499479307
2023-11-16,1708.4935548422186
2023-11-17,1207.1987307120671
2023-11-18,1037.2258416109687
2023-11-19,935.827242964544
2023-11-20,1566.1598978896943
2023-11-21,1695.9721618255755
2023-11-22,1650.6335360807013
2023-11-23,1697.6997758534058
2023-11-24,1504.6713485254386
2023-11-25,1107.430631196066
2023-11-26,943.1929595419451
2023-11-27,1612.409731505919
2023-11-28,1699.3545735138928
2023-11-29,1712.5963910910655
2023-11-30,1602.184018898571
2023-12-01,1447.5015136323236
2023-12-02,1082.3210501803494
2023-12-03,870.5181805370249
2023-12-04,1611.0642998584424
2023-12-05,1580.561063221909
2023-12-06,1554.318128256691
2023-12-07,1513.6296454179983
2023-12-08,1022.3378419277664
2023-12-09,1000.5164207959594
2023-12-10,827.1451672701809
2023-12-11,1563.0413475979253
2023-12-12,1596.2313547918293
2023-12-13,1561.1160016337612
2023-12-14,1589.7159161909096
2023-12-15,1517.4854445897304
2023-12-16,1064.828411899858
2023-12-17,1089.9993153880216
2023-12-18,1488.9897589307593
2023-12-19,1517.835203954614
2023-12-20,1497.522724567475
2023-12-21,1502.0104409144164
2023-12-22,1354.0736022542094
2023-12-23,1055.4035605376444
2023-12-24,791.1744096236018
2023-12-25,718.5434825181035
2023-12-26,1469.1555358418652
2023-12-27,1571.4181890473235
2023-12-28,1499.724940475864
2023-12-29,1402.4409529601926
2023-12-30,1026.4071371071268
2023-12-31,783.8151415247553
2024-01-01,622.7104967832366
2024-01-02,1389.1812620416997
2024-01-03,1540.7734124136873
2024-01-04,1572.6103443530417
2024-01-05,1455.661500890858
2024-01-06,1173.8628716235298
2024-01-07,905.3981101458133
2024-01-08,1615.3046523989399
2024-01-09,1634.7943349569211
2024-01-10,1615.9313892774292
2024-01-11,1616.451360894072
2024-01-12,1532.8304832585254
2024-01-13,1121.5730961598267
2024-01-14,911.0284767663699
2024-01-15,1688.0967033657785
2024-01-16,1736.7125014161575
2024-01-17,1716.7136461548696
2024-01-18,1623.835247047244
2024-01-19,1463.721648223248
2024-01-20,1069.8853512195324
2024-01-21,814.5195453553606
2024-01-22,1447.1674260167924
2024-01-23,1588.440360743275
2024-01-24,1620.3057843145884
2024-01-25,1624.9740582592897
2024-01-26,1483.6128007913699
2024-01-27,1087.7355385786125
2024-01-28,896.0784251130959
2024-01-29,1488.3329892938368
2024-01-30,1516.952522231288
2024-01-31,1600.0116551259175
2024-02-01,1525.6065603542404
2024-02-02,1351.0757591820968
2024-02-03,1018.6838329138857
2024-02-04,837.1341343617237
2024-02-05,1488.3408865769234
2024-02-06,1532.7357313071593
2024-02-07,1542.9548878665714
2024-02-08,1496.2669336067752
2024-02-09,1379.086540172946
2024-02-10,1079.494872185714
2024-02-11,886.4180386110352
2024-02-12,1433.858191528945
2024-02-13,1468.1404065330414
2024-02-14,1451.5587569639526
2024-02-15,1422.587185995148
2024-02-16,1369.2378641652965
2024-02-17,1092.9719864741596
2024-02-18,870.1709382671854
2024-02-19,1439.8433517044728
2024-02-20,1590.8273193089476
2024-02-21,1535.9076834984767
2024-02-22,1076.8483681422094
2024-02-23,1295.7400499026448
2024-02-24,1173.5522566973095
2024-02-25,811.1954734135522
2024-02-26,1512.7367492078645
2024-02-27,1546.1907101202585
2024-02-28,1575.4900703538578
2024-02-29,1507.2403134934027
2024-03-01,1460.059538013772
2024-03-02,1022.513676817328
2024-03-03,845.4815467478433
2024-03-04,1582.9507773111989
2024-03-05,1835.1199976822886
2024-03-06,1610.5911893408522
2024-03-07,1575.7825542415585
2024-03-08,1589.5350471112602
2024-03-09,991.9482228354655
2024-03-10,866.3412597390007
2024-03-11,1564.3401027902323
2024-03-12,1656.6161061078687
2024-03-13,1666.006017359569
2024-03-14,1638.2758530525723
2024-03-15,1593.5015621969753
2024-03-16,1064.6543220492786
2024-03-17,960.4738508749763
2024-03-18,1673.7658565744882
2024-03-19,1599.5007759208797
2024-03-20,1535.4502407090527
2024-03-21,1551.4465765047858
2024-03-22,1583.3523396432813
2024-03-23,1092.0945581008696
2024-03-24,881.1689514555778
2024-03-25,1655.8155178073737
2024-03-26,1655.918186310452
2024-03-27,1650.0044282138
2024-03-28,1578.4008050816774
2024-03-29,914.4955567784384
2024-03-30,971.4627909203891
2024-03-31,849.2969525677029
2024-04-01,1563.8525541890594
2024-04-02,1538.1268891015573
2024-04-03,1402.057979255152
2024-04-04,1535.6115451930903
2024-04-05,1558.1131629088118
2024-04-06,1043.1512477515207
2024-04-07,951.4760146696954
